{
	"credit": "ManaLabs Inc",
	"texture_size": [64, 64],
	"textures": {
		"0": "item/tools/emerald_shovel",
		"particle": "item/tools/emerald_shovel"
	},
	"elements": [
		{
			"from": [5, 6.39949, 5.75],
			"to": [11, 12.39949, 5.75],
			"rotation": {"angle": 0, "axis": "z", "origin": [8, 0.64949, 2]},
			"faces": {
				"north": {"uv": [9.25, 0.25, 16, 7], "texture": "#0"},
				"east": {"uv": [0, 10.25, 0, 11.75], "texture": "#0"},
				"south": {"uv": [9.25, 0.25, 16, 7], "texture": "#0"},
				"west": {"uv": [1.5, 10.25, 1.5, 11.75], "texture": "#0"},
				"up": {"uv": [1.5, 10.25, 0, 10.25], "texture": "#0"},
				"down": {"uv": [3, 10.25, 1.5, 10.25], "texture": "#0"}
			}
		},
		{
			"from": [5, 6.39949, 10.25],
			"to": [11, 12.39949, 10.25],
			"rotation": {"angle": 0, "axis": "z", "origin": [8, 0.64949, 2]},
			"faces": {
				"north": {"uv": [9.25, 0.25, 16, 7], "texture": "#0"},
				"east": {"uv": [0, 10.25, 0, 11.75], "texture": "#0"},
				"south": {"uv": [9.25, 0.25, 16, 7], "texture": "#0"},
				"west": {"uv": [1.5, 10.25, 1.5, 11.75], "texture": "#0"},
				"up": {"uv": [1.5, 10.25, 0, 10.25], "texture": "#0"},
				"down": {"uv": [3, 10.25, 1.5, 10.25], "texture": "#0"}
			}
		},
		{
			"from": [6, -11, 6],
			"to": [10, -7, 10],
			"rotation": {"angle": 45, "axis": "z", "origin": [8, -9, 8]},
			"faces": {
				"north": {"uv": [0.25, 14.25, 1.75, 15.75], "rotation": 270, "texture": "#0"},
				"east": {"uv": [5, 9.25, 6, 10.25], "texture": "#0"},
				"south": {"uv": [0.25, 14.25, 1.75, 15.75], "texture": "#0"},
				"west": {"uv": [10, 9.25, 11, 10.25], "texture": "#0"},
				"up": {"uv": [10, 9.25, 9, 8.25], "texture": "#0"},
				"down": {"uv": [11, 8.25, 10, 9.25], "texture": "#0"}
			}
		},
		{
			"from": [1, -10, 7],
			"to": [6, -8, 9],
			"rotation": {"angle": 45, "axis": "z", "origin": [8, -9, 8]},
			"faces": {
				"north": {"uv": [7.5, 10.75, 8.75, 11.25], "texture": "#0"},
				"east": {"uv": [7, 10.75, 7.5, 11.25], "texture": "#0"},
				"south": {"uv": [9.25, 10.75, 10.5, 11.25], "texture": "#0"},
				"west": {"uv": [8.75, 10.75, 9.25, 11.25], "texture": "#0"},
				"up": {"uv": [8.75, 10.75, 7.5, 10.25], "texture": "#0"},
				"down": {"uv": [10, 10.25, 8.75, 10.75], "texture": "#0"}
			}
		},
		{
			"from": [10, -10, 7],
			"to": [15, -8, 9],
			"rotation": {"angle": -45, "axis": "z", "origin": [8, -9, 8]},
			"faces": {
				"north": {"uv": [4, 10.75, 5.25, 11.25], "texture": "#0"},
				"east": {"uv": [3.5, 10.75, 4, 11.25], "texture": "#0"},
				"south": {"uv": [5.75, 10.75, 7, 11.25], "texture": "#0"},
				"west": {"uv": [5.25, 10.75, 5.75, 11.25], "texture": "#0"},
				"up": {"uv": [5.25, 10.75, 4, 10.25], "texture": "#0"},
				"down": {"uv": [6.5, 10.25, 5.25, 10.75], "texture": "#0"}
			}
		},
		{
			"from": [2.19371, -15.44907, 6.75],
			"to": [13.69371, -13.44907, 9.25],
			"rotation": {"angle": 0, "axis": "z", "origin": [11.20847, -12.17637, 7.96791]},
			"faces": {
				"north": {"uv": [0.5, 6.75, 3.25, 7.25], "texture": "#0"},
				"east": {"uv": [0, 6.75, 0.5, 7.25], "texture": "#0"},
				"south": {"uv": [3.75, 6.75, 6.5, 7.25], "texture": "#0"},
				"west": {"uv": [3.25, 6.75, 3.75, 7.25], "texture": "#0"},
				"up": {"uv": [3.25, 6.75, 0.5, 6.25], "texture": "#0"},
				"down": {"uv": [6, 6.25, 3.25, 6.75], "texture": "#0"}
			}
		},
		{
			"from": [24, 7, 6],
			"to": [28, 11, 10],
			"rotation": {"angle": 45, "axis": "z", "origin": [8, -9, 8]},
			"faces": {
				"north": {"uv": [0.25, 14.25, 1.75, 15.75], "rotation": 270, "texture": "#0"},
				"east": {"uv": [4, 9.25, 5, 10.25], "texture": "#0"},
				"south": {"uv": [0.25, 14.25, 1.75, 15.75], "texture": "#0"},
				"west": {"uv": [6, 9.25, 7, 10.25], "texture": "#0"},
				"up": {"uv": [6, 9.25, 5, 8.25], "texture": "#0"},
				"down": {"uv": [7, 8.25, 6, 9.25], "texture": "#0"}
			}
		},
		{
			"from": [19, 2, 6],
			"to": [23, 6, 10],
			"rotation": {"angle": 45, "axis": "z", "origin": [8, -9, 8]},
			"faces": {
				"north": {"uv": [0.25, 14.25, 1.75, 15.75], "rotation": 270, "texture": "#0"},
				"east": {"uv": [4, 9.25, 5, 10.25], "texture": "#0"},
				"south": {"uv": [0.25, 14.25, 1.75, 15.75], "texture": "#0"},
				"west": {"uv": [6, 9.25, 7, 10.25], "texture": "#0"},
				"up": {"uv": [6, 9.25, 5, 8.25], "texture": "#0"},
				"down": {"uv": [7, 8.25, 6, 9.25], "texture": "#0"}
			}
		},
		{
			"from": [6.75, -8, 6.75],
			"to": [9.25, 15, 9.25],
			"rotation": {"angle": 0, "axis": "y", "origin": [8, 7, 8]},
			"faces": {
				"north": {"uv": [14, 7.5, 15, 16], "texture": "#0"},
				"east": {"uv": [15, 7.5, 16, 16], "texture": "#0"},
				"south": {"uv": [14, 7.5, 15, 16], "texture": "#0"},
				"west": {"uv": [15, 7.5, 16, 16], "texture": "#0"},
				"up": {"uv": [1, 0.5, 0.5, 0], "texture": "#0"},
				"down": {"uv": [1.5, 0, 1, 0.5], "texture": "#0"}
			}
		},
		{
			"from": [2.75, 16.5, 7.25],
			"to": [13.25, 23.5, 8.75],
			"rotation": {"angle": 0, "axis": "y", "origin": [8, 7, 8]},
			"faces": {
				"north": {"uv": [2.25, 0.25, 4.75, 2], "texture": "#0"},
				"east": {"uv": [2, 0.25, 2.25, 2], "texture": "#0"},
				"south": {"uv": [4.75, 0.25, 2.25, 2], "texture": "#0"},
				"west": {"uv": [4.75, 0.25, 5, 2], "texture": "#0"},
				"up": {"uv": [4.75, 0.25, 2.25, 0], "texture": "#0"},
				"down": {"uv": [7.25, 0, 4.75, 0.25], "texture": "#0"}
			}
		},
		{
			"from": [2.75, 22.5, 8],
			"to": [13.25, 30.5, 8],
			"rotation": {"angle": 0, "axis": "y", "origin": [8, 7, 8]},
			"faces": {
				"north": {"uv": [4.75, 2, 2.25, 4], "texture": "#0"},
				"east": {"uv": [6.5, 4.25, 6.5, 6], "texture": "#0"},
				"south": {"uv": [2.25, 2, 4.75, 4], "texture": "#0"},
				"west": {"uv": [9, 4.25, 9, 6], "texture": "#0"},
				"up": {"uv": [9, 4.25, 6.5, 4.25], "texture": "#0"},
				"down": {"uv": [11.5, 4.25, 9, 4.25], "texture": "#0"}
			}
		}
	],
	"display": {
		"thirdperson_righthand": {
			"rotation": [0, 90, 0],
			"translation": [0, 4.25, 1.5],
			"scale": [0.55, 0.55, 0.55]
		},
		"thirdperson_lefthand": {
			"rotation": [0, 90, 0],
			"translation": [0, 4.25, 1.5],
			"scale": [0.55, 0.55, 0.55]
		},
		"firstperson_righthand": {
			"rotation": [21, -81, 33],
			"translation": [11, 0.25, -11.5]
		},
		"firstperson_lefthand": {
			"rotation": [21, -81, 33],
			"translation": [11, 0.25, -11.5]
		},
		"ground": {
			"rotation": [0, 0, 41],
			"translation": [0, 6.5, 0],
			"scale": [0.5, 0.5, 0.5]
		},
		"gui": {
			"rotation": [0, 0, -46],
			"translation": [1, 0.5, 0],
			"scale": [0.4, 0.4, 0.4]
		},
		"fixed": {
			"rotation": [0, 0, 45],
			"translation": [-0.25, 0.5, -0.25],
			"scale": [0.4, 0.4, 0.4]
		}
	}
}