{
	"credit": "ManaLabs Inc.",
	"texture_size": [64, 64],
	"textures": {
		"0": "item/tools/thor_hammer",
		"particle": "items/tools/thor_hammer"
	},
	"elements": [
		{
			"from": [4.1408, 9.5808, 2.8608],
			"to": [11.8592, 15.3792, 8.0192],
			"rotation": {"angle": 0, "axis": "y", "origin": [8, 14.72, 8]},
			"faces": {
				"north": {"uv": [0, 2.25, 3, 4.5], "texture": "#0"},
				"east": {"uv": [5.75, 0, 7.75, 2.25], "texture": "#0"},
				"south": {"uv": [0, 2.25, 3, 4.5], "texture": "#0"},
				"west": {"uv": [5.75, 2.25, 7.75, 4.5], "texture": "#0"},
				"up": {"uv": [3, 6.5, 0, 4.5], "texture": "#0"},
				"down": {"uv": [6, 5.25, 3, 7.25], "texture": "#0"}
			}
		},
		{
			"from": [7.3408, -0.0192, 4.7808],
			"to": [8.6592, 9.6192, 6.0992],
			"rotation": {"angle": 0, "axis": "y", "origin": [8, 14.72, 8]},
			"faces": {
				"north": {"uv": [5, 7.25, 5.5, 11], "texture": "#0"},
				"east": {"uv": [5.5, 7.25, 6, 11], "texture": "#0"},
				"south": {"uv": [6, 7.5, 6.5, 11.25], "texture": "#0"},
				"west": {"uv": [6.5, 7.5, 7, 11.25], "texture": "#0"},
				"up": {"uv": [7.5, 10.25, 7, 9.75], "texture": "#0"},
				"down": {"uv": [8, 9.75, 7.5, 10.25], "texture": "#0"}
			}
		},
		{
			"from": [7.0208, 0.3008, 4.4608],
			"to": [8.9792, 2.2592, 6.4192],
			"rotation": {"angle": 0, "axis": "y", "origin": [8.32, 15.04, 8.32]},
			"faces": {
				"north": {"uv": [4.5, 2.25, 5.25, 3], "texture": "#0"},
				"east": {"uv": [4.5, 2.25, 5.25, 3], "texture": "#0"},
				"south": {"uv": [4.5, 2.25, 5.25, 3], "texture": "#0"},
				"west": {"uv": [4.5, 2.25, 5.25, 3], "texture": "#0"},
				"up": {"uv": [4.75, 10.25, 4, 9.5], "texture": "#0"},
				"down": {"uv": [10.25, 9.5, 9.5, 10.25], "texture": "#0"}
			}
		},
		{
			"from": [7.0208, -0.6592, 4.4608],
			"to": [8.9792, 0.0192, 6.4192],
			"rotation": {"angle": 0, "axis": "y", "origin": [8.32, 14.72, 8.32]},
			"faces": {
				"north": {"uv": [9.75, 0.5, 10.5, 0.75], "texture": "#0"},
				"east": {"uv": [9.75, 0.5, 10.5, 0.75], "texture": "#0"},
				"south": {"uv": [9.75, 0.5, 10.5, 0.75], "texture": "#0"},
				"west": {"uv": [9.75, 0.5, 10.5, 0.75], "texture": "#0"},
				"up": {"uv": [10.25, 7.25, 9.5, 6.5], "texture": "#0"},
				"down": {"uv": [10.25, 7.25, 9.5, 8], "texture": "#0"}
			}
		},
		{
			"from": [4.4608, -2.8992, 5.1008],
			"to": [11.5392, 0.9792, 5.1392],
			"rotation": {"angle": 0, "axis": "y", "origin": [8.32, 14.4, 8.32]},
			"faces": {
				"south": {"uv": [6, 4.5, 8.75, 6], "texture": "#0"}
			}
		},
		{
			"from": [4.4608, -8.11604, 6.5048],
			"to": [11.5392, -2.31764, 6.5432],
			"rotation": {"angle": -45, "axis": "x", "origin": [8, -4.25684, 6.524]},
			"faces": {
				"south": {"uv": [3, 0, 5.75, 2.25], "texture": "#0"}
			}
		},
		{
			"from": [3.2512, 9.5872, 3.8272],
			"to": [4.5568, 15.3728, 7.0528],
			"rotation": {"angle": 0, "axis": "y", "origin": [8.384, 14.72, 7.68]},
			"faces": {
				"north": {"uv": [9, 9, 9.5, 11.25], "texture": "#0"},
				"east": {"uv": [0, 6.5, 1.25, 8.75], "texture": "#0"},
				"south": {"uv": [9, 6.75, 9.5, 9], "texture": "#0"},
				"west": {"uv": [2.5, 7.25, 3.75, 9.5], "texture": "#0"},
				"up": {"uv": [9.75, 5.75, 9.25, 4.5], "texture": "#0"},
				"down": {"uv": [3, 9.5, 2.5, 10.75], "texture": "#0"}
			}
		},
		{
			"from": [11.5712, 9.5872, 3.8272],
			"to": [12.8768, 15.3728, 7.0528],
			"rotation": {"angle": 0, "axis": "y", "origin": [16.704, 14.72, 7.68]},
			"faces": {
				"north": {"uv": [9.25, 0, 9.75, 2.25], "texture": "#0"},
				"east": {"uv": [2.5, 7.25, 3.75, 9.5], "texture": "#0"},
				"south": {"uv": [9.25, 2.25, 9.75, 4.5], "texture": "#0"},
				"west": {"uv": [3.75, 7.25, 5, 9.5], "texture": "#0"},
				"up": {"uv": [3.5, 10.75, 3, 9.5], "texture": "#0"},
				"down": {"uv": [4, 9.5, 3.5, 10.75], "texture": "#0"}
			}
		},
		{
			"from": [11.2, 9.6, 3.20909],
			"to": [12.48, 15.36, 4.48909],
			"rotation": {"angle": -45, "axis": "y", "origin": [11.84, 12.48, 3.84909]},
			"faces": {
				"north": {"uv": [1, 8.75, 1.5, 11], "texture": "#0"},
				"east": {"uv": [7.5, 7.5, 8, 9.75], "texture": "#0"},
				"south": {"uv": [7.75, 0, 8.25, 2.25], "texture": "#0"},
				"west": {"uv": [7.75, 2.25, 8.25, 4.5], "texture": "#0"},
				"up": {"uv": [5.75, 2.75, 5.25, 2.25], "texture": "#0"},
				"down": {"uv": [3, 6.5, 2.5, 7], "texture": "#0"}
			}
		},
		{
			"from": [3.52, 9.6, 3.20909],
			"to": [4.8, 15.36, 4.48909],
			"rotation": {"angle": 45, "axis": "y", "origin": [4.16, 12.48, 3.84909]},
			"faces": {
				"north": {"uv": [1, 8.75, 1.5, 11], "texture": "#0"},
				"east": {"uv": [8.25, 0, 8.75, 2.25], "texture": "#0"},
				"south": {"uv": [8.25, 2.25, 8.75, 4.5], "texture": "#0"},
				"west": {"uv": [8.5, 8.5, 9, 10.75], "texture": "#0"},
				"up": {"uv": [8.5, 8, 8, 7.5], "texture": "#0"},
				"down": {"uv": [9, 7.5, 8.5, 8], "texture": "#0"}
			}
		},
		{
			"from": [3.52, 9.6, 6.39091],
			"to": [4.8, 15.36, 7.67091],
			"rotation": {"angle": -45, "axis": "y", "origin": [4.16, 12.48, 7.03091]},
			"faces": {
				"north": {"uv": [0, 8.75, 0.5, 11], "texture": "#0"},
				"east": {"uv": [0.5, 8.75, 1, 11], "texture": "#0"},
				"south": {"uv": [1, 8.75, 1.5, 11], "texture": "#0"},
				"west": {"uv": [1.5, 8.75, 2, 11], "texture": "#0"},
				"up": {"uv": [9, 8.5, 8.5, 8], "texture": "#0"},
				"down": {"uv": [10, 8, 9.5, 8.5], "texture": "#0"}
			}
		},
		{
			"from": [11.2, 9.6, 6.39091],
			"to": [12.48, 15.36, 7.67091],
			"rotation": {"angle": 45, "axis": "y", "origin": [11.84, 12.48, 7.03091]},
			"faces": {
				"north": {"uv": [2, 8.75, 2.5, 11], "texture": "#0"},
				"east": {"uv": [8.75, 0, 9.25, 2.25], "texture": "#0"},
				"south": {"uv": [1, 8.75, 1.5, 11], "texture": "#0"},
				"west": {"uv": [8.75, 4.5, 9.25, 6.75], "texture": "#0"},
				"up": {"uv": [10, 9, 9.5, 8.5], "texture": "#0"},
				"down": {"uv": [10, 9, 9.5, 9.5], "texture": "#0"}
			}
		}
	],
	"display": {
		"thirdperson_righthand": {
			"rotation": [12, 84, 0],
			"translation": [2.5, 1, 2.25]
		},
		"thirdperson_lefthand": {
			"rotation": [12, 84, 0],
			"translation": [2.5, 1, 2.25]
		},
		"firstperson_righthand": {
			"rotation": [-10, -60, 18]
		},
		"firstperson_lefthand": {
			"rotation": [-10, -60, 18]
		},
		"ground": {
			"rotation": [-90, 0, 0],
			"translation": [0, 2, 0]
		},
		"gui": {
			"rotation": [0, 0, -46],
			"translation": [0.75, 1.25, 0],
			"scale": [0.75, 0.75, 0.75]
		}
	}
}