{
	"credit": "ManaLabs Inc",
	"texture_size": [64, 64],
	"textures": {
		"0": "item/tools/maple_pickaxe",
		"particle": "item/tools/maple_pickaxe"
	},
	"elements": [
		{
			"from": [7, 0, 8],
			"to": [9, 24, 10],
			"faces": {
				"north": {"uv": [3, 3, 3.5, 9], "texture": "#0"},
				"east": {"uv": [3, 3, 3.5, 9], "texture": "#0"},
				"south": {"uv": [3, 3, 3.5, 9], "texture": "#0"},
				"west": {"uv": [3, 3, 3.5, 9], "texture": "#0"},
				"up": {"uv": [3, 2.5, 2.5, 2], "texture": "#0"},
				"down": {"uv": [3, 2.5, 2.5, 2], "texture": "#0"}
			}
		},
		{
			"from": [8.75, 3, 8.575],
			"to": [9.75, 9, 9.575],
			"rotation": {"angle": 22.5, "axis": "z", "origin": [9.25, 6, 9.075]},
			"faces": {
				"north": {"uv": [4, 6.5, 4.25, 8], "texture": "#0"},
				"east": {"uv": [4, 6.5, 4.25, 8], "texture": "#0"},
				"south": {"uv": [4, 6.5, 4.25, 8], "texture": "#0"},
				"west": {"uv": [4, 6.5, 4.25, 8], "texture": "#0"},
				"up": {"uv": [5.5, 5.25, 5.25, 5], "texture": "#0"},
				"down": {"uv": [6, 3.75, 5.75, 4], "texture": "#0"}
			}
		},
		{
			"from": [2.24, 8.49, 8.565],
			"to": [7.26, 9.51, 9.585],
			"rotation": {"angle": -22.5, "axis": "z", "origin": [6.25, 9, 9.075]},
			"faces": {
				"north": {"uv": [6.25, 5.5, 7.5, 5.75], "texture": "#0"},
				"east": {"uv": [6.75, 4.5, 7, 4.75], "texture": "#0"},
				"south": {"uv": [6.25, 5.5, 7.5, 5.75], "texture": "#0"},
				"west": {"uv": [6.75, 4.75, 7, 5], "texture": "#0"},
				"up": {"uv": [6.25, 5.5, 7.5, 5.75], "texture": "#0"},
				"down": {"uv": [6.25, 5.5, 7.5, 5.75], "texture": "#0"}
			}
		},
		{
			"from": [7.74, 10.69, 8.565],
			"to": [11.76, 11.71, 9.585],
			"rotation": {"angle": 22.5, "axis": "z", "origin": [10.75, 11.2, 9.075]},
			"faces": {
				"north": {"uv": [6.5, 2.25, 7.5, 2.5], "texture": "#0"},
				"east": {"uv": [5, 7, 5.25, 7.25], "texture": "#0"},
				"south": {"uv": [6.5, 2.25, 7.5, 2.5], "texture": "#0"},
				"west": {"uv": [5.25, 7, 5.5, 7.25], "texture": "#0"},
				"up": {"uv": [6.5, 2.25, 7.5, 2.5], "texture": "#0"},
				"down": {"uv": [6.5, 2.25, 7.5, 2.5], "texture": "#0"}
			}
		},
		{
			"from": [-0.25522, 9.98744, 9.075],
			"to": [4.74478, 12.98744, 9.075],
			"rotation": {"angle": -45, "axis": "z", "origin": [2.24478, 11.48744, 9.075]},
			"faces": {
				"north": {"uv": [4.5, 2, 5.75, 2.75], "rotation": 180, "texture": "#0"},
				"south": {"uv": [4.5, 2, 5.75, 2.75], "texture": "#0"}
			}
		},
		{
			"from": [10.94478, 9.91244, 8.575],
			"to": [13.94478, 14.91244, 8.575],
			"rotation": {"angle": -45, "axis": "z", "origin": [12.44478, 12.41244, 8.575]},
			"faces": {
				"north": {"uv": [4.5, 2, 5.75, 2.75], "rotation": 90, "texture": "#0"},
				"south": {"uv": [4.5, 2, 5.75, 2.75], "rotation": 90, "texture": "#0"}
			}
		},
		{
			"from": [5.14478, 1.81244, 8.575],
			"to": [8.14478, 6.81244, 8.575],
			"rotation": {"angle": 22.5, "axis": "z", "origin": [6.64478, 4.31244, 8.575]},
			"faces": {
				"north": {"uv": [4.5, 2, 5.75, 2.75], "rotation": 90, "texture": "#0"},
				"south": {"uv": [4.5, 2, 5.75, 2.75], "rotation": 90, "texture": "#0"}
			}
		},
		{
			"from": [4.55, 8.8, 8.575],
			"to": [5.55, 11.8, 9.575],
			"rotation": {"angle": 22.5, "axis": "z", "origin": [5.05, 11.8, 9.075]},
			"faces": {
				"north": {"uv": [0.75, 7, 1, 7.75], "texture": "#0"},
				"east": {"uv": [0.75, 7, 1, 7.75], "texture": "#0"},
				"south": {"uv": [0.75, 7, 1, 7.75], "texture": "#0"},
				"west": {"uv": [0.75, 7, 1, 7.75], "texture": "#0"},
				"up": {"uv": [4.75, 7.25, 4.5, 7], "texture": "#0"},
				"down": {"uv": [5, 7, 4.75, 7.25], "texture": "#0"}
			}
		},
		{
			"from": [4, 20, 7],
			"to": [12, 22, 11],
			"faces": {
				"north": {"uv": [0, 4, 2, 4.5], "texture": "#0"},
				"east": {"uv": [4, 3.5, 5, 4], "texture": "#0"},
				"south": {"uv": [4, 4, 6, 4.5], "texture": "#0"},
				"west": {"uv": [5.5, 5, 6.5, 5.5], "texture": "#0"},
				"up": {"uv": [4, 1, 2, 0], "texture": "#0"},
				"down": {"uv": [4, 1, 2, 2], "texture": "#0"}
			}
		},
		{
			"from": [4, 20, 7],
			"to": [12, 22, 11],
			"faces": {
				"north": {"uv": [2, 4, 0, 4.5], "texture": "#0"},
				"east": {"uv": [6.5, 5, 5.5, 5.5], "texture": "#0"},
				"south": {"uv": [6, 4, 4, 4.5], "texture": "#0"},
				"west": {"uv": [5, 3.5, 4, 4], "texture": "#0"},
				"up": {"uv": [2, 1, 4, 0], "texture": "#0"},
				"down": {"uv": [2, 1, 4, 2], "texture": "#0"}
			}
		},
		{
			"from": [11.225, 18.575, 7.5],
			"to": [17.225, 20.575, 10.5],
			"rotation": {"angle": -22.5, "axis": "z", "origin": [15.225, 19.575, 9]},
			"faces": {
				"north": {"uv": [5, 1.25, 6.5, 1.75], "texture": "#0"},
				"east": {"uv": [5.5, 6.25, 6.25, 6.75], "texture": "#0"},
				"south": {"uv": [5.25, 4.5, 6.75, 5], "texture": "#0"},
				"west": {"uv": [6.25, 6.25, 7, 6.75], "texture": "#0"},
				"up": {"uv": [4.5, 2.75, 3, 2], "texture": "#0"},
				"down": {"uv": [5, 2.75, 3.5, 3.5], "texture": "#0"}
			}
		},
		{
			"from": [-1.225, 18.575, 7.5],
			"to": [4.775, 20.575, 10.5],
			"rotation": {"angle": 22.5, "axis": "z", "origin": [0.775, 19.575, 9]},
			"faces": {
				"north": {"uv": [6.5, 1.25, 5, 1.75], "texture": "#0"},
				"east": {"uv": [7, 6.25, 6.25, 6.75], "texture": "#0"},
				"south": {"uv": [6.75, 4.5, 5.25, 5], "texture": "#0"},
				"west": {"uv": [6.25, 6.25, 5.5, 6.75], "texture": "#0"},
				"up": {"uv": [3, 2.75, 4.5, 2], "texture": "#0"},
				"down": {"uv": [3.5, 2.75, 5, 3.5], "texture": "#0"}
			}
		},
		{
			"from": [17.225, 17.575, 8],
			"to": [21.225, 18.575, 10],
			"rotation": {"angle": -45, "axis": "z", "origin": [18.225, 19.575, 9]},
			"faces": {
				"north": {"uv": [6.5, 0, 7.5, 0.25], "texture": "#0"},
				"east": {"uv": [3, 2.75, 3.5, 3], "texture": "#0"},
				"south": {"uv": [6.5, 0.25, 7.5, 0.5], "texture": "#0"},
				"west": {"uv": [5, 6.5, 5.5, 6.75], "texture": "#0"},
				"up": {"uv": [6.75, 1.25, 5.75, 0.75], "texture": "#0"},
				"down": {"uv": [6.75, 3.25, 5.75, 3.75], "texture": "#0"}
			}
		},
		{
			"from": [-5.225, 17.575, 8],
			"to": [-1.225, 18.575, 10],
			"rotation": {"angle": 45, "axis": "z", "origin": [-2.225, 19.575, 9]},
			"faces": {
				"north": {"uv": [7.5, 0, 6.5, 0.25], "texture": "#0"},
				"east": {"uv": [5.5, 6.5, 5, 6.75], "texture": "#0"},
				"south": {"uv": [7.5, 0.25, 6.5, 0.5], "texture": "#0"},
				"west": {"uv": [3.5, 2.75, 3, 3], "texture": "#0"},
				"up": {"uv": [5.75, 1.25, 6.75, 0.75], "texture": "#0"},
				"down": {"uv": [5.75, 3.25, 6.75, 3.75], "texture": "#0"}
			}
		},
		{
			"from": [6.5, 1, 7.5],
			"to": [9.5, 2, 10.5],
			"faces": {
				"north": {"uv": [5, 1.75, 5.75, 2], "texture": "#0"},
				"east": {"uv": [6.5, 3, 7.25, 3.25], "texture": "#0"},
				"south": {"uv": [6.5, 5, 7.25, 5.25], "texture": "#0"},
				"west": {"uv": [6.5, 5.25, 7.25, 5.5], "texture": "#0"},
				"up": {"uv": [0.75, 6.25, 0, 5.5], "texture": "#0"},
				"down": {"uv": [1.5, 5.5, 0.75, 6.25], "texture": "#0"}
			}
		},
		{
			"from": [6.5, 14, 7.5],
			"to": [9.5, 15, 10.5],
			"rotation": {"angle": 0, "axis": "y", "origin": [8, 21, 8]},
			"faces": {
				"north": {"uv": [5, 1.75, 5.75, 2], "texture": "#0"},
				"east": {"uv": [6.5, 3, 7.25, 3.25], "texture": "#0"},
				"south": {"uv": [6.5, 5, 7.25, 5.25], "texture": "#0"},
				"west": {"uv": [6.5, 5.25, 7.25, 5.5], "texture": "#0"},
				"up": {"uv": [0.75, 6.25, 0, 5.5], "texture": "#0"},
				"down": {"uv": [1.5, 5.5, 0.75, 6.25], "texture": "#0"}
			}
		},
		{
			"from": [6.5, 12, 7.5],
			"to": [9.5, 13, 10.5],
			"rotation": {"angle": 0, "axis": "y", "origin": [8, 19, 8]},
			"faces": {
				"north": {"uv": [5, 1.75, 5.75, 2], "texture": "#0"},
				"east": {"uv": [6.5, 3, 7.25, 3.25], "texture": "#0"},
				"south": {"uv": [6.5, 5, 7.25, 5.25], "texture": "#0"},
				"west": {"uv": [6.5, 5.25, 7.25, 5.5], "texture": "#0"},
				"up": {"uv": [0.75, 6.25, 0, 5.5], "texture": "#0"},
				"down": {"uv": [1.5, 5.5, 0.75, 6.25], "texture": "#0"}
			}
		},
		{
			"from": [6, 16, 9.5],
			"to": [10, 20, 11.5],
			"rotation": {"angle": -45, "axis": "z", "origin": [8, 18, 9]},
			"faces": {
				"north": {"uv": [4, 0, 5, 1], "texture": "#0"},
				"east": {"uv": [1.5, 5.5, 2, 6.5], "texture": "#0"},
				"south": {"uv": [4, 1, 5, 2], "texture": "#0"},
				"west": {"uv": [0, 6.25, 0.5, 7.25], "texture": "#0"},
				"up": {"uv": [7, 4.25, 6, 3.75], "texture": "#0"},
				"down": {"uv": [1.5, 6.25, 0.5, 6.75], "texture": "#0"}
			}
		},
		{
			"from": [6, 16, 6.5],
			"to": [10, 20, 8.5],
			"rotation": {"angle": -45, "axis": "z", "origin": [8, 18, 9]},
			"faces": {
				"north": {"uv": [5, 1, 4, 2], "texture": "#0"},
				"east": {"uv": [2, 5.5, 1.5, 6.5], "texture": "#0"},
				"south": {"uv": [5, 0, 4, 1], "texture": "#0"},
				"west": {"uv": [0.5, 6.25, 0, 7.25], "texture": "#0"},
				"up": {"uv": [7, 3.75, 6, 4.25], "texture": "#0"},
				"down": {"uv": [1.5, 6.75, 0.5, 6.25], "texture": "#0"}
			}
		},
		{
			"from": [3.7, 20.1, 11.2],
			"to": [11.7, 28.1, 11.2],
			"rotation": {"angle": 0, "axis": "z", "origin": [7.7, 22.1, 8.7]},
			"faces": {
				"north": {"uv": [2, 2, 0, 4], "texture": "#0"},
				"south": {"uv": [0, 2, 2, 4], "texture": "#0"}
			}
		},
		{
			"from": [3.7, 20.1, 6.8],
			"to": [11.7, 28.1, 6.8],
			"rotation": {"angle": 0, "axis": "z", "origin": [7.7, 22.1, 9.3]},
			"faces": {
				"north": {"uv": [2, 2, 0, 4], "texture": "#0"},
				"south": {"uv": [0, 2, 2, 4], "texture": "#0"}
			}
		}
	],
	"display": {
		"thirdperson_righthand": {
			"rotation": [4, -97, -1],
			"translation": [1, -1.25, 0.75],
			"scale": [0.75, 0.75, 0.75]
		},
		"thirdperson_lefthand": {
			"rotation": [4, 78, 3],
			"translation": [-0.75, 0.25, 0.75],
			"scale": [0.75, 0.75, 0.75]
		},
		"firstperson_righthand": {
			"rotation": [0, -72, 16],
			"translation": [3.25, -2.25, -4.75]
		},
		"firstperson_lefthand": {
			"rotation": [0, -72, 16],
			"translation": [3.25, -2.25, -4.75]
		},
		"ground": {
			"translation": [0, 5.25, 0]
		},
		"gui": {
			"rotation": [0, 0, -52],
			"translation": [-3, -3.25, -2],
			"scale": [0.75, 0.75, 0.75]
		},
		"fixed": {
			"rotation": [0, 0, 47],
			"translation": [3.5, -4.25, -2]
		}
	}
}