{
	"credit": "ManaLabs Inc ",
	"texture_size": [64, 64],
	"textures": {
		"0": "item/weapons/eagle_sword",
		"particle": "item/weapons/eagle_sword"
	},
	"elements": [
		{
			"from": [8, -5.5, 4],
			"to": [9.5, -4, 5.5],
			"rotation": {"angle": 0, "axis": "y", "origin": [13, -0.5, 8]},
			"faces": {
				"north": {"uv": [6.25, 1.25, 7, 2], "texture": "#0"},
				"east": {"uv": [5, 6.5, 5.75, 7.25], "texture": "#0"},
				"south": {"uv": [6.25, 2.75, 7, 3.5], "texture": "#0"},
				"west": {"uv": [5, 6.5, 5.75, 7.25], "texture": "#0"},
				"up": {"uv": [7.25, 4.25, 6.5, 3.5], "texture": "#0"},
				"down": {"uv": [7.25, 4.25, 6.5, 5], "texture": "#0"}
			}
		},
		{
			"from": [7.75, -4, 4.25],
			"to": [9.75, -3.5, 5.75],
			"rotation": {"angle": 0, "axis": "y", "origin": [13.25, 1, 8.25]},
			"faces": {
				"north": {"uv": [1, 0.75, 2, 1], "texture": "#0"},
				"east": {"uv": [8.25, 8, 9, 8.25], "texture": "#0"},
				"south": {"uv": [8, 4.25, 9, 4.5], "texture": "#0"},
				"west": {"uv": [3.25, 8.5, 4, 8.75], "texture": "#0"},
				"up": {"uv": [2, 0.75, 1, 0], "texture": "#0"},
				"down": {"uv": [6.25, 0, 5.25, 0.75], "texture": "#0"}
			}
		},
		{
			"from": [7.75, 2.5, 4.25],
			"to": [9.75, 3, 5.75],
			"rotation": {"angle": 0, "axis": "y", "origin": [13.25, 7.5, 8.25]},
			"faces": {
				"north": {"uv": [8, 7.5, 9, 7.75], "texture": "#0"},
				"east": {"uv": [6.75, 8.75, 7.5, 9], "texture": "#0"},
				"south": {"uv": [8, 7.5, 9, 7.75], "texture": "#0"},
				"west": {"uv": [8.25, 8.75, 9, 9], "texture": "#0"},
				"up": {"uv": [6.25, 3, 5.25, 2.25], "texture": "#0"},
				"down": {"uv": [6.25, 3, 5.25, 3.75], "texture": "#0"}
			}
		},
		{
			"from": [6.74, 2.49, 4.74],
			"to": [7.76, 3.01, 5.26],
			"rotation": {"angle": 0, "axis": "y", "origin": [6.75, 2.75, 4.75]},
			"faces": {
				"north": {"uv": [9, 2.75, 9.5, 3], "texture": "#0"},
				"east": {"uv": [7.75, 9.25, 8, 9.5], "texture": "#0"},
				"south": {"uv": [9.5, 2.75, 9, 3], "texture": "#0"},
				"west": {"uv": [8, 9.25, 8.25, 9.5], "texture": "#0"},
				"up": {"uv": [9.5, 3.5, 9, 3.25], "texture": "#0"},
				"down": {"uv": [9.5, 4.25, 9, 4.5], "texture": "#0"}
			}
		},
		{
			"from": [9.74, 2.49, 4.74],
			"to": [10.76, 3.01, 5.26],
			"rotation": {"angle": 0, "axis": "y", "origin": [10.75, 2.75, 4.75]},
			"faces": {
				"north": {"uv": [9.5, 2.75, 9, 3], "texture": "#0"},
				"east": {"uv": [8.25, 9.25, 8, 9.5], "texture": "#0"},
				"south": {"uv": [9.5, 2.75, 9, 3], "texture": "#0"},
				"west": {"uv": [8, 9.25, 7.75, 9.5], "texture": "#0"},
				"up": {"uv": [9, 3.5, 9.5, 3.25], "texture": "#0"},
				"down": {"uv": [9, 4.25, 9.5, 4.5], "texture": "#0"}
			}
		},
		{
			"from": [5.88373, 2.67231, 4.75],
			"to": [6.88373, 3.17231, 5.25],
			"rotation": {"angle": -22.5, "axis": "z", "origin": [6.38373, 2.92231, 4.75]},
			"faces": {
				"north": {"uv": [9, 4.5, 9.5, 4.75], "texture": "#0"},
				"east": {"uv": [8.25, 9.25, 8.5, 9.5], "texture": "#0"},
				"south": {"uv": [9.5, 4.5, 9, 4.75], "texture": "#0"},
				"west": {"uv": [8.5, 9.25, 8.75, 9.5], "texture": "#0"},
				"up": {"uv": [9.5, 5.25, 9, 5], "texture": "#0"},
				"down": {"uv": [9.5, 5.25, 9, 5.5], "texture": "#0"}
			}
		},
		{
			"from": [10.61627, 2.67231, 4.75],
			"to": [11.61627, 3.17231, 5.25],
			"rotation": {"angle": 22.5, "axis": "z", "origin": [11.11627, 2.92231, 4.75]},
			"faces": {
				"north": {"uv": [9.5, 4.5, 9, 4.75], "texture": "#0"},
				"east": {"uv": [8.75, 9.25, 8.5, 9.5], "texture": "#0"},
				"south": {"uv": [9, 4.5, 9.5, 4.75], "texture": "#0"},
				"west": {"uv": [8.5, 9.25, 8.25, 9.5], "texture": "#0"},
				"up": {"uv": [9, 5.25, 9.5, 5], "texture": "#0"},
				"down": {"uv": [9, 5.25, 9.5, 5.5], "texture": "#0"}
			}
		},
		{
			"from": [5.38373, 3.17231, 4.5],
			"to": [6.88373, 4.17231, 5.5],
			"rotation": {"angle": 22.5, "axis": "z", "origin": [6.38373, 3.42231, 5]},
			"faces": {
				"north": {"uv": [7.25, 4.5, 8, 5], "texture": "#0"},
				"east": {"uv": [1.5, 8.5, 2, 9], "texture": "#0"},
				"south": {"uv": [7.75, 2.5, 8.5, 3], "texture": "#0"},
				"west": {"uv": [2.75, 8.5, 3.25, 9], "texture": "#0"},
				"up": {"uv": [8.5, 5.5, 7.75, 5], "texture": "#0"},
				"down": {"uv": [8.5, 5.5, 7.75, 6], "texture": "#0"}
			}
		},
		{
			"from": [10.61627, 3.17231, 4.5],
			"to": [12.11627, 4.17231, 5.5],
			"rotation": {"angle": -22.5, "axis": "z", "origin": [11.11627, 3.42231, 5]},
			"faces": {
				"north": {"uv": [8, 4.5, 7.25, 5], "texture": "#0"},
				"east": {"uv": [3.25, 8.5, 2.75, 9], "texture": "#0"},
				"south": {"uv": [8.5, 2.5, 7.75, 3], "texture": "#0"},
				"west": {"uv": [2, 8.5, 1.5, 9], "texture": "#0"},
				"up": {"uv": [7.75, 5.5, 8.5, 5], "texture": "#0"},
				"down": {"uv": [7.75, 5.5, 8.5, 6], "texture": "#0"}
			}
		},
		{
			"from": [4.88373, 3.17231, 4.5],
			"to": [5.38373, 3.67231, 5.5],
			"rotation": {"angle": 22.5, "axis": "z", "origin": [6.38373, 3.42231, 5]},
			"faces": {
				"north": {"uv": [8.75, 9.25, 9, 9.5], "texture": "#0"},
				"east": {"uv": [9, 5.5, 9.5, 5.75], "texture": "#0"},
				"south": {"uv": [9, 9.25, 9.25, 9.5], "texture": "#0"},
				"west": {"uv": [9, 5.75, 9.5, 6], "texture": "#0"},
				"up": {"uv": [7.5, 9.5, 7.25, 9], "texture": "#0"},
				"down": {"uv": [9.25, 6, 9, 6.5], "texture": "#0"}
			}
		},
		{
			"from": [12.11627, 3.17231, 4.5],
			"to": [12.61627, 3.67231, 5.5],
			"rotation": {"angle": -22.5, "axis": "z", "origin": [11.11627, 3.42231, 5]},
			"faces": {
				"north": {"uv": [9, 9.25, 8.75, 9.5], "texture": "#0"},
				"east": {"uv": [9.5, 5.75, 9, 6], "texture": "#0"},
				"south": {"uv": [9.25, 9.25, 9, 9.5], "texture": "#0"},
				"west": {"uv": [9.5, 5.5, 9, 5.75], "texture": "#0"},
				"up": {"uv": [7.25, 9.5, 7.5, 9], "texture": "#0"},
				"down": {"uv": [9, 6, 9.25, 6.5], "texture": "#0"}
			}
		},
		{
			"from": [7.75, 3, 3.75],
			"to": [9.75, 4.5, 4.25],
			"rotation": {"angle": 0, "axis": "y", "origin": [13.25, 7.5, 6.75]},
			"faces": {
				"north": {"uv": [5.5, 3.75, 6.5, 4.5], "texture": "#0"},
				"east": {"uv": [8.75, 2.75, 9, 3.5], "texture": "#0"},
				"south": {"uv": [5.5, 3.75, 6.5, 4.5], "texture": "#0"},
				"west": {"uv": [8.75, 5, 9, 5.75], "texture": "#0"},
				"up": {"uv": [9.25, 2.5, 8.25, 2.25], "texture": "#0"},
				"down": {"uv": [9.25, 4, 8.25, 4.25], "texture": "#0"}
			}
		},
		{
			"from": [7.75, 3, 5.75],
			"to": [9.75, 4.5, 6.25],
			"rotation": {"angle": 0, "axis": "y", "origin": [13.25, 7.5, 3.25]},
			"faces": {
				"north": {"uv": [6.5, 3.75, 5.5, 4.5], "texture": "#0"},
				"east": {"uv": [9, 2.75, 8.75, 3.5], "texture": "#0"},
				"south": {"uv": [6.5, 3.75, 5.5, 4.5], "texture": "#0"},
				"west": {"uv": [9, 5, 8.75, 5.75], "texture": "#0"},
				"up": {"uv": [9.25, 2.25, 8.25, 2.5], "texture": "#0"},
				"down": {"uv": [9.25, 4.25, 8.25, 4], "texture": "#0"}
			}
		},
		{
			"from": [7.625, 3.5, 4],
			"to": [8.625, 5, 4.5],
			"rotation": {"angle": 22.5, "axis": "z", "origin": [8.125, 4.25, 4.25]},
			"faces": {
				"north": {"uv": [4.75, 8, 5.25, 8.75], "texture": "#0"},
				"east": {"uv": [8.75, 5.75, 9, 6.5], "texture": "#0"},
				"south": {"uv": [4.75, 8, 5.25, 8.75], "texture": "#0"},
				"west": {"uv": [1.5, 9, 1.75, 9.75], "texture": "#0"},
				"up": {"uv": [9.5, 7.75, 9, 7.5], "texture": "#0"},
				"down": {"uv": [9.5, 7.75, 9, 8], "texture": "#0"}
			}
		},
		{
			"from": [7.625, 3.5, 5.5],
			"to": [8.625, 5, 6],
			"rotation": {"angle": 22.5, "axis": "z", "origin": [8.125, 4.25, 5.75]},
			"faces": {
				"north": {"uv": [5.25, 8, 4.75, 8.75], "texture": "#0"},
				"east": {"uv": [9, 5.75, 8.75, 6.5], "texture": "#0"},
				"south": {"uv": [5.25, 8, 4.75, 8.75], "texture": "#0"},
				"west": {"uv": [1.75, 9, 1.5, 9.75], "texture": "#0"},
				"up": {"uv": [9.5, 7.5, 9, 7.75], "texture": "#0"},
				"down": {"uv": [9.5, 8, 9, 7.75], "texture": "#0"}
			}
		},
		{
			"from": [8.875, 3.5, 4],
			"to": [9.875, 5, 4.5],
			"rotation": {"angle": -22.5, "axis": "z", "origin": [9.375, 4.25, 4.25]},
			"faces": {
				"north": {"uv": [5.25, 8, 4.75, 8.75], "texture": "#0"},
				"east": {"uv": [1.75, 9, 1.5, 9.75], "texture": "#0"},
				"south": {"uv": [4.75, 8, 5.25, 8.75], "texture": "#0"},
				"west": {"uv": [9, 5.75, 8.75, 6.5], "texture": "#0"},
				"up": {"uv": [9, 7.75, 9.5, 7.5], "texture": "#0"},
				"down": {"uv": [9, 7.75, 9.5, 8], "texture": "#0"}
			}
		},
		{
			"from": [8.875, 3.5, 5.5],
			"to": [9.875, 5, 6],
			"rotation": {"angle": -22.5, "axis": "z", "origin": [9.375, 4.25, 5.75]},
			"faces": {
				"north": {"uv": [5.25, 8, 4.75, 8.75], "texture": "#0"},
				"east": {"uv": [1.5, 9, 1.75, 9.75], "texture": "#0"},
				"south": {"uv": [4.75, 8, 5.25, 8.75], "texture": "#0"},
				"west": {"uv": [8.75, 5.75, 9, 6.5], "texture": "#0"},
				"up": {"uv": [9, 7.5, 9.5, 7.75], "texture": "#0"},
				"down": {"uv": [9, 8, 9.5, 7.75], "texture": "#0"}
			}
		},
		{
			"from": [8.875, 3.5, 5.5],
			"to": [9.875, 5, 6],
			"rotation": {"angle": -22.5, "axis": "z", "origin": [9.375, 4.25, 5.75]},
			"faces": {
				"north": {"uv": [5.25, 8, 4.75, 8.75], "texture": "#0"},
				"east": {"uv": [1.5, 9, 1.75, 9.75], "texture": "#0"},
				"south": {"uv": [4.75, 8, 5.25, 8.75], "texture": "#0"},
				"west": {"uv": [8.75, 5.75, 9, 6.5], "texture": "#0"},
				"up": {"uv": [9, 7.5, 9.5, 7.75], "texture": "#0"},
				"down": {"uv": [9, 8, 9.5, 7.75], "texture": "#0"}
			}
		},
		{
			"from": [6.74, 4.615, 3.865],
			"to": [8.26, 5.635, 4.385],
			"rotation": {"angle": 0, "axis": "z", "origin": [7.5, 5.125, 4.125]},
			"faces": {
				"north": {"uv": [7.75, 6, 8.5, 6.5], "texture": "#0"},
				"east": {"uv": [9, 8.5, 9.25, 9], "texture": "#0"},
				"south": {"uv": [8.5, 6, 7.75, 6.5], "texture": "#0"},
				"west": {"uv": [0, 9.25, 0.25, 9.75], "texture": "#0"},
				"up": {"uv": [9.5, 3.75, 8.75, 3.5], "texture": "#0"},
				"down": {"uv": [9.5, 3.75, 8.75, 4], "texture": "#0"}
			}
		},
		{
			"from": [6.74, 4.615, 5.615],
			"to": [8.26, 5.635, 6.135],
			"rotation": {"angle": 0, "axis": "z", "origin": [7.5, 5.125, 5.875]},
			"faces": {
				"north": {"uv": [7.75, 6, 8.5, 6.5], "texture": "#0"},
				"east": {"uv": [9.25, 8.5, 9, 9], "texture": "#0"},
				"south": {"uv": [8.5, 6, 7.75, 6.5], "texture": "#0"},
				"west": {"uv": [0.25, 9.25, 0, 9.75], "texture": "#0"},
				"up": {"uv": [9.5, 3.5, 8.75, 3.75], "texture": "#0"},
				"down": {"uv": [9.5, 4, 8.75, 3.75], "texture": "#0"}
			}
		},
		{
			"from": [9.24, 4.615, 3.865],
			"to": [10.76, 5.635, 4.385],
			"rotation": {"angle": 0, "axis": "z", "origin": [10, 5.125, 4.125]},
			"faces": {
				"north": {"uv": [8.5, 6, 7.75, 6.5], "texture": "#0"},
				"east": {"uv": [0.25, 9.25, 0, 9.75], "texture": "#0"},
				"south": {"uv": [7.75, 6, 8.5, 6.5], "texture": "#0"},
				"west": {"uv": [9.25, 8.5, 9, 9], "texture": "#0"},
				"up": {"uv": [8.75, 3.75, 9.5, 3.5], "texture": "#0"},
				"down": {"uv": [8.75, 3.75, 9.5, 4], "texture": "#0"}
			}
		},
		{
			"from": [9.24, 4.615, 5.615],
			"to": [10.76, 5.635, 6.135],
			"rotation": {"angle": 0, "axis": "z", "origin": [10, 5.125, 5.875]},
			"faces": {
				"north": {"uv": [8.5, 6, 7.75, 6.5], "texture": "#0"},
				"east": {"uv": [0, 9.25, 0.25, 9.75], "texture": "#0"},
				"south": {"uv": [7.75, 6, 8.5, 6.5], "texture": "#0"},
				"west": {"uv": [9, 8.5, 9.25, 9], "texture": "#0"},
				"up": {"uv": [8.75, 3.5, 9.5, 3.75], "texture": "#0"},
				"down": {"uv": [8.75, 4, 9.5, 3.75], "texture": "#0"}
			}
		},
		{
			"from": [6.2, 4.95, 3.875],
			"to": [7.2, 5.45, 4.375],
			"rotation": {"angle": -22.5, "axis": "z", "origin": [6.7, 5.2, 4.125]},
			"faces": {
				"north": {"uv": [9, 8, 9.5, 8.25], "texture": "#0"},
				"east": {"uv": [9.25, 0.25, 9.5, 0.5], "texture": "#0"},
				"south": {"uv": [0.25, 9.25, 0.75, 9.5], "texture": "#0"},
				"west": {"uv": [9.25, 0.5, 9.5, 0.75], "texture": "#0"},
				"up": {"uv": [4.25, 9.5, 3.75, 9.25], "texture": "#0"},
				"down": {"uv": [4.75, 9.25, 4.25, 9.5], "texture": "#0"}
			}
		},
		{
			"from": [6.2, 4.95, 5.625],
			"to": [7.2, 5.45, 6.125],
			"rotation": {"angle": -22.5, "axis": "z", "origin": [6.7, 5.2, 5.875]},
			"faces": {
				"north": {"uv": [0.75, 9.25, 0.25, 9.5], "texture": "#0"},
				"east": {"uv": [9.5, 0.25, 9.25, 0.5], "texture": "#0"},
				"south": {"uv": [9.5, 8, 9, 8.25], "texture": "#0"},
				"west": {"uv": [9.5, 0.5, 9.25, 0.75], "texture": "#0"},
				"up": {"uv": [4.25, 9.25, 3.75, 9.5], "texture": "#0"},
				"down": {"uv": [4.75, 9.5, 4.25, 9.25], "texture": "#0"}
			}
		},
		{
			"from": [10.3, 4.95, 3.875],
			"to": [11.3, 5.45, 4.375],
			"rotation": {"angle": 22.5, "axis": "z", "origin": [10.8, 5.2, 4.125]},
			"faces": {
				"north": {"uv": [9.5, 8, 9, 8.25], "texture": "#0"},
				"east": {"uv": [9.5, 0.5, 9.25, 0.75], "texture": "#0"},
				"south": {"uv": [0.75, 9.25, 0.25, 9.5], "texture": "#0"},
				"west": {"uv": [9.5, 0.25, 9.25, 0.5], "texture": "#0"},
				"up": {"uv": [3.75, 9.5, 4.25, 9.25], "texture": "#0"},
				"down": {"uv": [4.25, 9.25, 4.75, 9.5], "texture": "#0"}
			}
		},
		{
			"from": [10.3, 4.95, 5.625],
			"to": [11.3, 5.45, 6.125],
			"rotation": {"angle": 22.5, "axis": "z", "origin": [10.8, 5.2, 5.875]},
			"faces": {
				"north": {"uv": [0.25, 9.25, 0.75, 9.5], "texture": "#0"},
				"east": {"uv": [9.25, 0.5, 9.5, 0.75], "texture": "#0"},
				"south": {"uv": [9, 8, 9.5, 8.25], "texture": "#0"},
				"west": {"uv": [9.25, 0.25, 9.5, 0.5], "texture": "#0"},
				"up": {"uv": [3.75, 9.25, 4.25, 9.5], "texture": "#0"},
				"down": {"uv": [4.25, 9.5, 4.75, 9.25], "texture": "#0"}
			}
		},
		{
			"from": [6.19954, 4.87055, 3.875],
			"to": [6.19954, 5.37055, 4.375],
			"rotation": {"angle": 22.5, "axis": "z", "origin": [6.69954, 5.12055, 4.125]},
			"faces": {
				"north": {"uv": [0, 0, 0, 0.25], "texture": "#0"},
				"east": {"uv": [9.25, 4, 9.5, 4.25], "texture": "#0"},
				"south": {"uv": [0, 0, 0, 0.25], "texture": "#0"},
				"west": {"uv": [9.25, 4, 9.5, 4.25], "texture": "#0"},
				"up": {"uv": [0, 0.25, 0, 0], "texture": "#0"},
				"down": {"uv": [0, 0, 0, 0.25], "texture": "#0"}
			}
		},
		{
			"from": [11.30046, 4.87055, 3.875],
			"to": [11.30046, 5.37055, 4.375],
			"rotation": {"angle": -22.5, "axis": "z", "origin": [10.80046, 5.12055, 4.125]},
			"faces": {
				"north": {"uv": [0, 0, 0, 0.25], "texture": "#0"},
				"east": {"uv": [9.5, 4, 9.25, 4.25], "texture": "#0"},
				"south": {"uv": [0, 0, 0, 0.25], "texture": "#0"},
				"west": {"uv": [9.5, 4, 9.25, 4.25], "texture": "#0"},
				"up": {"uv": [0, 0.25, 0, 0], "texture": "#0"},
				"down": {"uv": [0, 0, 0, 0.25], "texture": "#0"}
			}
		},
		{
			"from": [6.19954, 4.87055, 5.625],
			"to": [6.19954, 5.37055, 6.125],
			"rotation": {"angle": 22.5, "axis": "z", "origin": [6.69954, 5.12055, 5.875]},
			"faces": {
				"north": {"uv": [0, 0, 0, 0.25], "texture": "#0"},
				"east": {"uv": [9.25, 4, 9.5, 4.25], "texture": "#0"},
				"south": {"uv": [0, 0, 0, 0.25], "texture": "#0"},
				"west": {"uv": [9.5, 4, 9.25, 4.25], "texture": "#0"},
				"up": {"uv": [0, 0, 0, 0.25], "texture": "#0"},
				"down": {"uv": [0, 0.25, 0, 0], "texture": "#0"}
			}
		},
		{
			"from": [11.30046, 4.87055, 5.625],
			"to": [11.30046, 5.37055, 6.125],
			"rotation": {"angle": -22.5, "axis": "z", "origin": [10.80046, 5.12055, 5.875]},
			"faces": {
				"north": {"uv": [0, 0, 0, 0.25], "texture": "#0"},
				"east": {"uv": [9.25, 4, 9.5, 4.25], "texture": "#0"},
				"south": {"uv": [0, 0, 0, 0.25], "texture": "#0"},
				"west": {"uv": [9.5, 4, 9.25, 4.25], "texture": "#0"},
				"up": {"uv": [0, 0, 0, 0.25], "texture": "#0"},
				"down": {"uv": [0, 0.25, 0, 0], "texture": "#0"}
			}
		},
		{
			"from": [8.1375, 5.5375, 3.875],
			"to": [8.6375, 5.5375, 4.375],
			"rotation": {"angle": 0, "axis": "z", "origin": [7.3875, 5.0375, 4.125]},
			"faces": {
				"north": {"uv": [0, 0, 0.25, 0], "texture": "#0"},
				"east": {"uv": [0, 0, 0.25, 0], "texture": "#0"},
				"south": {"uv": [0, 0, 0.25, 0], "texture": "#0"},
				"west": {"uv": [0, 0, 0.25, 0], "texture": "#0"},
				"up": {"uv": [9.5, 9.5, 9.25, 9.25], "texture": "#0"},
				"down": {"uv": [9.5, 0, 9.25, 0.25], "texture": "#0"}
			}
		},
		{
			"from": [8.9, 5.5375, 3.875],
			"to": [9.4, 5.5375, 4.375],
			"rotation": {"angle": 0, "axis": "z", "origin": [8.15, 5.0375, 4.125]},
			"faces": {
				"north": {"uv": [0, 0, 0.25, 0], "texture": "#0"},
				"east": {"uv": [0, 0, 0.25, 0], "texture": "#0"},
				"south": {"uv": [0, 0, 0.25, 0], "texture": "#0"},
				"west": {"uv": [0, 0, 0.25, 0], "texture": "#0"},
				"up": {"uv": [9.5, 9.5, 9.25, 9.25], "texture": "#0"},
				"down": {"uv": [9.5, 0, 9.25, 0.25], "texture": "#0"}
			}
		},
		{
			"from": [7.75, 1.5, 3.75],
			"to": [9.75, 3, 3.75],
			"rotation": {"angle": 0, "axis": "y", "origin": [13.25, 7.5, 6.75]},
			"faces": {
				"north": {"uv": [6, 6, 7, 6.75], "texture": "#0"},
				"south": {"uv": [6, 5.25, 7, 6], "texture": "#0"}
			}
		},
		{
			"from": [7.75, 1.5, 6.25],
			"to": [9.75, 3, 6.25],
			"rotation": {"angle": 0, "axis": "y", "origin": [13.25, 7.5, 3.25]},
			"faces": {
				"north": {"uv": [7, 5.25, 6, 6], "texture": "#0"},
				"east": {"uv": [0, 0, 0, 0.75], "texture": "#0"},
				"south": {"uv": [7, 6, 6, 6.75], "texture": "#0"},
				"west": {"uv": [0, 0, 0, 0.75], "texture": "#0"},
				"up": {"uv": [1, 0, 0, 0], "texture": "#0"},
				"down": {"uv": [1, 0, 0, 0], "texture": "#0"}
			}
		},
		{
			"from": [7.72, 3.22, 4.72],
			"to": [9.78, 18.28, 5.28],
			"rotation": {"angle": 0, "axis": "y", "origin": [13.25, 8.25, 8.75]},
			"faces": {
				"north": {"uv": [0, 0, 1, 7.5], "texture": "#0"},
				"east": {"uv": [2, 4, 2.25, 11.5], "texture": "#0"},
				"south": {"uv": [0, 0, 1, 7.5], "texture": "#0"},
				"west": {"uv": [2.25, 4, 2.5, 11.5], "texture": "#0"},
				"up": {"uv": [9.25, 8.5, 8.25, 8.25], "texture": "#0"},
				"down": {"uv": [9.25, 0, 8.25, 0.25], "texture": "#0"}
			}
		},
		{
			"from": [7.9341, 18.61473, 4.69],
			"to": [9.5541, 20.23473, 5.31],
			"rotation": {"angle": 45, "axis": "z", "origin": [8.7441, 19.42473, 5]},
			"faces": {
				"north": {"uv": [7.25, 6.5, 8, 7.25], "texture": "#0"},
				"east": {"uv": [6.25, 8.75, 6.5, 9.5], "texture": "#0"},
				"south": {"uv": [7.25, 6.5, 8, 7.25], "rotation": 90, "texture": "#0"},
				"west": {"uv": [8.75, 1.25, 9, 2], "texture": "#0"},
				"up": {"uv": [9.5, 2.25, 8.75, 2], "texture": "#0"},
				"down": {"uv": [9.5, 2.5, 8.75, 2.75], "texture": "#0"}
			}
		},
		{
			"from": [6.7912, 3.70656, 4.75],
			"to": [7.7912, 5.70656, 5.25],
			"rotation": {"angle": 45, "axis": "z", "origin": [7.7912, 4.70656, 5]},
			"faces": {
				"north": {"uv": [2.75, 7.5, 3.25, 8.5], "texture": "#0"},
				"east": {"uv": [0, 8.25, 0.25, 9.25], "texture": "#0"},
				"south": {"uv": [3.25, 7.5, 2.75, 8.5], "texture": "#0"},
				"west": {"uv": [0.25, 8.25, 0.5, 9.25], "texture": "#0"},
				"up": {"uv": [4.75, 9.25, 4.25, 9], "texture": "#0"},
				"down": {"uv": [5.25, 9, 4.75, 9.25], "texture": "#0"}
			}
		},
		{
			"from": [9.7088, 3.70656, 4.75],
			"to": [10.7088, 5.70656, 5.25],
			"rotation": {"angle": -45, "axis": "z", "origin": [9.7088, 4.70656, 5]},
			"faces": {
				"north": {"uv": [3.25, 7.5, 2.75, 8.5], "texture": "#0"},
				"east": {"uv": [0.5, 8.25, 0.25, 9.25], "texture": "#0"},
				"south": {"uv": [2.75, 7.5, 3.25, 8.5], "texture": "#0"},
				"west": {"uv": [0.25, 8.25, 0, 9.25], "texture": "#0"},
				"up": {"uv": [4.25, 9.25, 4.75, 9], "texture": "#0"},
				"down": {"uv": [4.75, 9, 5.25, 9.25], "texture": "#0"}
			}
		},
		{
			"from": [7.25201, 14.43766, 4.745],
			"to": [8.25201, 16.43766, 5.245],
			"rotation": {"angle": 22.5, "axis": "z", "origin": [8.25201, 15.43766, 4.995]},
			"faces": {
				"north": {"uv": [3.75, 7.5, 4.25, 8.5], "texture": "#0"},
				"east": {"uv": [0.5, 8.25, 0.75, 9.25], "texture": "#0"},
				"south": {"uv": [4.25, 7.5, 3.75, 8.5], "texture": "#0"},
				"west": {"uv": [8.25, 0.25, 8.5, 1.25], "texture": "#0"},
				"up": {"uv": [7.25, 9.25, 6.75, 9], "texture": "#0"},
				"down": {"uv": [8.75, 9, 8.25, 9.25], "texture": "#0"}
			}
		},
		{
			"from": [9.29799, 14.43766, 4.745],
			"to": [10.29799, 16.43766, 5.245],
			"rotation": {"angle": -22.5, "axis": "z", "origin": [9.29799, 15.43766, 4.995]},
			"faces": {
				"north": {"uv": [4.25, 7.5, 3.75, 8.5], "texture": "#0"},
				"east": {"uv": [8.5, 0.25, 8.25, 1.25], "texture": "#0"},
				"south": {"uv": [3.75, 7.5, 4.25, 8.5], "texture": "#0"},
				"west": {"uv": [0.75, 8.25, 0.5, 9.25], "texture": "#0"},
				"up": {"uv": [6.75, 9.25, 7.25, 9], "texture": "#0"},
				"down": {"uv": [8.25, 9, 8.75, 9.25], "texture": "#0"}
			}
		},
		{
			"from": [6.67355, 4.23776, 4.74],
			"to": [8.19355, 8.25776, 5.26],
			"rotation": {"angle": -22.5, "axis": "z", "origin": [7.68355, 5.24776, 5]},
			"faces": {
				"north": {"uv": [4.5, 0, 5.25, 2], "texture": "#0"},
				"east": {"uv": [0.75, 7.5, 1, 9.5], "texture": "#0"},
				"south": {"uv": [5.25, 0, 4.5, 2], "texture": "#0"},
				"west": {"uv": [2.5, 7.5, 2.75, 9.5], "texture": "#0"},
				"up": {"uv": [9.5, 1, 8.75, 0.75], "texture": "#0"},
				"down": {"uv": [9.5, 1, 8.75, 1.25], "texture": "#0"}
			}
		},
		{
			"from": [9.30645, 4.23776, 4.74],
			"to": [10.82645, 8.25776, 5.26],
			"rotation": {"angle": 22.5, "axis": "z", "origin": [9.81645, 5.24776, 5]},
			"faces": {
				"north": {"uv": [5.25, 0, 4.5, 2], "texture": "#0"},
				"east": {"uv": [2.75, 7.5, 2.5, 9.5], "texture": "#0"},
				"south": {"uv": [4.5, 0, 5.25, 2], "texture": "#0"},
				"west": {"uv": [1, 7.5, 0.75, 9.5], "texture": "#0"},
				"up": {"uv": [8.75, 1, 9.5, 0.75], "texture": "#0"},
				"down": {"uv": [8.75, 1, 9.5, 1.25], "texture": "#0"}
			}
		},
		{
			"from": [7.24855, 15.51276, 4.74],
			"to": [8.26855, 18.03276, 5.26],
			"rotation": {"angle": -22.5, "axis": "z", "origin": [8.25855, 16.52276, 5]},
			"faces": {
				"north": {"uv": [4.5, 6.25, 5, 7.5], "texture": "#0"},
				"east": {"uv": [8, 8, 8.25, 9.25], "texture": "#0"},
				"south": {"uv": [5, 6.25, 4.5, 7.5], "texture": "#0"},
				"west": {"uv": [8, 3, 8.25, 4.25], "texture": "#0"},
				"up": {"uv": [5.75, 9.25, 5.25, 9], "texture": "#0"},
				"down": {"uv": [6.25, 9, 5.75, 9.25], "texture": "#0"}
			}
		},
		{
			"from": [9.28145, 15.51276, 4.74],
			"to": [10.30145, 18.03276, 5.26],
			"rotation": {"angle": 22.5, "axis": "z", "origin": [9.29145, 16.52276, 5]},
			"faces": {
				"north": {"uv": [5, 6.25, 4.5, 7.5], "texture": "#0"},
				"east": {"uv": [8.25, 3, 8, 4.25], "texture": "#0"},
				"south": {"uv": [4.5, 6.25, 5, 7.5], "texture": "#0"},
				"west": {"uv": [8.25, 8, 8, 9.25], "texture": "#0"},
				"up": {"uv": [5.25, 9.25, 5.75, 9], "texture": "#0"},
				"down": {"uv": [5.75, 9, 6.25, 9.25], "texture": "#0"}
			}
		},
		{
			"from": [7.09855, 18.01276, 4.74],
			"to": [8.11855, 20.03276, 5.26],
			"rotation": {"angle": -22.5, "axis": "z", "origin": [8.10855, 16.52276, 5]},
			"faces": {
				"north": {"uv": [5.75, 7.5, 6.25, 8.5], "texture": "#0"},
				"east": {"uv": [8.25, 1.25, 8.5, 2.25], "texture": "#0"},
				"south": {"uv": [6.75, 7.5, 7.25, 8.5], "texture": "#0"},
				"west": {"uv": [8.25, 3, 8.5, 4], "texture": "#0"},
				"up": {"uv": [9.25, 9.25, 8.75, 9], "texture": "#0"},
				"down": {"uv": [9.5, 1.25, 9, 1.5], "texture": "#0"}
			}
		},
		{
			"from": [9.37145, 18.00276, 4.73],
			"to": [10.41145, 20.04276, 5.27],
			"rotation": {"angle": 22.5, "axis": "z", "origin": [9.39145, 16.52276, 5]},
			"faces": {
				"north": {"uv": [6.75, 7.5, 7.25, 8.5], "texture": "#0"},
				"east": {"uv": [1, 8.5, 1.25, 9.5], "texture": "#0"},
				"south": {"uv": [5.75, 7.5, 6.25, 8.5], "texture": "#0"},
				"west": {"uv": [1.25, 8.5, 1.5, 9.5], "texture": "#0"},
				"up": {"uv": [9.5, 1.75, 9, 1.5], "texture": "#0"},
				"down": {"uv": [9.5, 1.75, 9, 2], "texture": "#0"}
			}
		},
		{
			"from": [8, -3.5, 4.25],
			"to": [9.5, -3, 5.75],
			"rotation": {"angle": 0, "axis": "y", "origin": [13, 1.5, 8.25]},
			"faces": {
				"north": {"uv": [8.5, 6.5, 9.25, 6.75], "texture": "#0"},
				"east": {"uv": [8.5, 6.75, 9.25, 7], "texture": "#0"},
				"south": {"uv": [8.5, 7, 9.25, 7.25], "texture": "#0"},
				"west": {"uv": [8.5, 7.25, 9.25, 7.5], "texture": "#0"},
				"up": {"uv": [6.5, 7.5, 5.75, 6.75], "texture": "#0"},
				"down": {"uv": [7.25, 6.75, 6.5, 7.5], "texture": "#0"}
			}
		},
		{
			"from": [8, 2, 4.25],
			"to": [9.5, 2.5, 5.75],
			"rotation": {"angle": 0, "axis": "y", "origin": [13, 7, 8.25]},
			"faces": {
				"north": {"uv": [3.25, 8.75, 4, 9], "texture": "#0"},
				"east": {"uv": [4, 8.75, 4.75, 9], "texture": "#0"},
				"south": {"uv": [3.25, 8.75, 4, 9], "texture": "#0"},
				"west": {"uv": [5.5, 8.75, 6.25, 9], "texture": "#0"},
				"up": {"uv": [7.5, 0.75, 6.75, 0], "texture": "#0"},
				"down": {"uv": [7.75, 0.75, 7, 1.5], "texture": "#0"}
			}
		},
		{
			"from": [3, -0.5, 5],
			"to": [8, 3.5, 5],
			"rotation": {"angle": 0, "axis": "y", "origin": [11.5, 7, 8.5]},
			"faces": {
				"north": {"uv": [2, 2, 4.5, 4], "texture": "#0"},
				"south": {"uv": [4.5, 2, 2, 4], "texture": "#0"}
			}
		},
		{
			"from": [9.5, -0.5, 5],
			"to": [14.5, 3.5, 5],
			"rotation": {"angle": 0, "axis": "y", "origin": [6, 7, 8.5]},
			"faces": {
				"north": {"uv": [4.5, 2, 2, 4], "texture": "#0"},
				"south": {"uv": [2, 2, 4.5, 4], "texture": "#0"}
			}
		},
		{
			"from": [7.75, 0.625, 4.25],
			"to": [7.75, 2.125, 5.75],
			"rotation": {"angle": -22.5, "axis": "z", "origin": [7.75, 1.375, 5]},
			"faces": {
				"east": {"uv": [7, 1.5, 7.75, 2.25], "texture": "#0"},
				"west": {"uv": [7, 1.5, 7.75, 2.25], "texture": "#0"},
				"down": {"uv": [0, 0, 0, 0.75], "texture": "#0"}
			}
		},
		{
			"from": [9.75, 0.625, 4.25],
			"to": [9.75, 2.125, 5.75],
			"rotation": {"angle": 22.5, "axis": "z", "origin": [9.75, 1.375, 5]},
			"faces": {
				"east": {"uv": [7, 1.5, 7.75, 2.25], "texture": "#0"},
				"west": {"uv": [7, 1.5, 7.75, 2.25], "texture": "#0"},
				"down": {"uv": [0, 0, 0, 0.75], "texture": "#0"}
			}
		},
		{
			"from": [8, 0.55728, 3.96253],
			"to": [9.5, 2.05728, 3.96253],
			"rotation": {"angle": 22.5, "axis": "x", "origin": [8.75, 1.30728, 3.96253]},
			"faces": {
				"north": {"uv": [7, 1.5, 7.75, 2.25], "texture": "#0"},
				"south": {"uv": [7, 1.5, 7.75, 2.25], "texture": "#0"}
			}
		},
		{
			"from": [8, 0.55728, 6.03747],
			"to": [9.5, 2.05728, 6.03747],
			"rotation": {"angle": -22.5, "axis": "x", "origin": [8.75, 1.30728, 6.03747]},
			"faces": {
				"north": {"uv": [7, 1.5, 7.75, 2.25], "texture": "#0"},
				"south": {"uv": [7.75, 1.5, 7, 2.25], "texture": "#0"}
			}
		},
		{
			"from": [8.25, -3, 4.5],
			"to": [9.25, 2, 5.5],
			"rotation": {"angle": 0, "axis": "y", "origin": [12.75, 2, 8.5]},
			"faces": {
				"north": {"uv": [2.5, 5, 3, 7.5], "texture": "#0"},
				"east": {"uv": [3, 5, 3.5, 7.5], "texture": "#0"},
				"south": {"uv": [3.5, 5, 4, 7.5], "texture": "#0"},
				"west": {"uv": [4, 5, 4.5, 7.5], "texture": "#0"},
				"up": {"uv": [8.5, 7, 8, 6.5], "texture": "#0"},
				"down": {"uv": [8.5, 7, 8, 7.5], "texture": "#0"}
			}
		},
		{
			"from": [7.73, -5.52, 5.23],
			"to": [9.77, -3.98, 5.77],
			"rotation": {"angle": 0, "axis": "y", "origin": [13.25, 1, 8.25]},
			"faces": {
				"north": {"uv": [5.25, 0.75, 6.25, 1.5], "texture": "#0"},
				"east": {"uv": [8.5, 2.5, 8.75, 3.25], "texture": "#0"},
				"south": {"uv": [5.25, 0.75, 6.25, 1.5], "texture": "#0"},
				"west": {"uv": [8.5, 3.25, 8.75, 4], "texture": "#0"},
				"up": {"uv": [9, 4.75, 8, 4.5], "texture": "#0"},
				"down": {"uv": [9, 4.75, 8, 5], "texture": "#0"}
			}
		},
		{
			"from": [7.23, -7.52, 5.48],
			"to": [10.27, -5.48, 5.52],
			"rotation": {"angle": 0, "axis": "y", "origin": [13.25, 1, 8]},
			"faces": {
				"north": {"uv": [2.5, 4, 4, 5], "texture": "#0"},
				"south": {"uv": [2.5, 4, 4, 5], "texture": "#0"}
			}
		},
		{
			"from": [7.25, -5.5, 5.25],
			"to": [8.25, -4, 5.75],
			"rotation": {"angle": -22.5, "axis": "z", "origin": [7.75, -4.75, 5.5]},
			"faces": {
				"north": {"uv": [7.75, 1, 8.25, 1.75], "texture": "#0"},
				"east": {"uv": [8.5, 5, 8.75, 5.75], "texture": "#0"},
				"south": {"uv": [8.25, 1, 7.75, 1.75], "texture": "#0"},
				"west": {"uv": [8.5, 5.75, 8.75, 6.5], "texture": "#0"},
				"up": {"uv": [7, 5.25, 6.5, 5], "texture": "#0"},
				"down": {"uv": [4.25, 9, 3.75, 9.25], "texture": "#0"}
			}
		},
		{
			"from": [9.25, -5.5, 5.25],
			"to": [10.25, -4, 5.75],
			"rotation": {"angle": 22.5, "axis": "z", "origin": [9.75, -4.75, 5.5]},
			"faces": {
				"north": {"uv": [8.25, 1, 7.75, 1.75], "texture": "#0"},
				"east": {"uv": [8.75, 5.75, 8.5, 6.5], "texture": "#0"},
				"south": {"uv": [7.75, 1, 8.25, 1.75], "texture": "#0"},
				"west": {"uv": [8.75, 5, 8.5, 5.75], "texture": "#0"},
				"up": {"uv": [6.5, 5.25, 7, 5], "texture": "#0"},
				"down": {"uv": [3.75, 9, 4.25, 9.25], "texture": "#0"}
			}
		},
		{
			"from": [6.75, -6.5, 5.5],
			"to": [8.25, -4, 5.5],
			"rotation": {"angle": -22.5, "axis": "z", "origin": [7.75, -4.75, 5.75]},
			"faces": {
				"north": {"uv": [4.5, 5, 5.25, 6.25], "texture": "#0"},
				"south": {"uv": [5.25, 5, 4.5, 6.25], "texture": "#0"}
			}
		},
		{
			"from": [9.25, -6.5, 5.5],
			"to": [10.75, -4, 5.5],
			"rotation": {"angle": 22.5, "axis": "z", "origin": [9.75, -4.75, 5.75]},
			"faces": {
				"north": {"uv": [5.25, 5, 4.5, 6.25], "texture": "#0"},
				"south": {"uv": [4.5, 5, 5.25, 6.25], "texture": "#0"}
			}
		},
		{
			"from": [8.49, -3.7225, 3.5275],
			"to": [9.01, -3.2025, 5.0475],
			"rotation": {"angle": 22.5, "axis": "x", "origin": [8.75, -3.4625, 3.7875]},
			"faces": {
				"north": {"uv": [5.25, 3.75, 5.5, 4], "texture": "#0"},
				"east": {"uv": [4, 8.5, 4.75, 8.75], "texture": "#0"},
				"south": {"uv": [5.25, 5, 5.5, 5.25], "texture": "#0"},
				"west": {"uv": [5.75, 8.5, 6.5, 8.75], "texture": "#0"},
				"up": {"uv": [7.75, 0.75, 7.5, 0], "texture": "#0"},
				"down": {"uv": [6.75, 8.5, 6.5, 9.25], "texture": "#0"}
			}
		},
		{
			"from": [8.49, -6.2975, 3.64],
			"to": [9.01, -5.7775, 5.16],
			"rotation": {"angle": -22.5, "axis": "x", "origin": [8.75, -6.0375, 3.9]},
			"faces": {
				"north": {"uv": [4.75, 9.25, 5, 9.5], "texture": "#0"},
				"east": {"uv": [6.75, 8.5, 7.5, 8.75], "texture": "#0"},
				"south": {"uv": [5, 9.25, 5.25, 9.5], "texture": "#0"},
				"west": {"uv": [8.25, 8.5, 9, 8.75], "texture": "#0"},
				"up": {"uv": [7.75, 9.25, 7.5, 8.5], "texture": "#0"},
				"down": {"uv": [8, 8.5, 7.75, 9.25], "texture": "#0"}
			}
		},
		{
			"from": [7.9525, -6.035, 3.5275],
			"to": [8.4725, -5.515, 5.0475],
			"rotation": {"angle": 45, "axis": "z", "origin": [7.75, -6.0375, 3.9]},
			"faces": {
				"north": {"uv": [7, 9.25, 7.25, 9.5], "texture": "#0"},
				"east": {"uv": [8.5, 0.25, 9.25, 0.5], "texture": "#0"},
				"south": {"uv": [7.5, 9.25, 7.75, 9.5], "texture": "#0"},
				"west": {"uv": [8.5, 0.5, 9.25, 0.75], "texture": "#0"},
				"up": {"uv": [8.75, 1.5, 8.5, 0.75], "texture": "#0"},
				"down": {"uv": [8.75, 1.5, 8.5, 2.25], "texture": "#0"}
			}
		},
		{
			"from": [9.0275, -6.035, 3.5275],
			"to": [9.5475, -5.515, 5.0475],
			"rotation": {"angle": -45, "axis": "z", "origin": [9.75, -6.0375, 3.9]},
			"faces": {
				"north": {"uv": [7.25, 9.25, 7, 9.5], "texture": "#0"},
				"east": {"uv": [9.25, 0.5, 8.5, 0.75], "texture": "#0"},
				"south": {"uv": [7.75, 9.25, 7.5, 9.5], "texture": "#0"},
				"west": {"uv": [9.25, 0.25, 8.5, 0.5], "texture": "#0"},
				"up": {"uv": [8.5, 1.5, 8.75, 0.75], "texture": "#0"},
				"down": {"uv": [8.5, 1.5, 8.75, 2.25], "texture": "#0"}
			}
		},
		{
			"from": [8.5, -4.4625, 3.525],
			"to": [9, -3.4625, 4.025],
			"rotation": {"angle": 0, "axis": "x", "origin": [8.75, -3.4625, 3.7875]},
			"faces": {
				"north": {"uv": [6.75, 0.75, 7, 1.25], "texture": "#0"},
				"east": {"uv": [7, 3, 7.25, 3.5], "texture": "#0"},
				"south": {"uv": [4.75, 7.5, 5, 8], "texture": "#0"},
				"west": {"uv": [1.75, 9, 2, 9.5], "texture": "#0"},
				"up": {"uv": [5.25, 6.5, 5, 6.25], "texture": "#0"},
				"down": {"uv": [6.5, 3.5, 6.25, 3.75], "texture": "#0"}
			}
		},
		{
			"from": [8.5, -6.0375, 3.6375],
			"to": [9, -5.0375, 4.1375],
			"rotation": {"angle": 0, "axis": "x", "origin": [8.75, -6.0375, 3.9]},
			"faces": {
				"north": {"uv": [2.75, 9, 3, 9.5], "texture": "#0"},
				"east": {"uv": [3, 9, 3.25, 9.5], "texture": "#0"},
				"south": {"uv": [3.25, 9, 3.5, 9.5], "texture": "#0"},
				"west": {"uv": [3.5, 9, 3.75, 9.5], "texture": "#0"},
				"up": {"uv": [6, 6.75, 5.75, 6.5], "texture": "#0"},
				"down": {"uv": [7.25, 6.5, 7, 6.75], "texture": "#0"}
			}
		},
		{
			"from": [8.4125, -6.025, 3.6375],
			"to": [8.9125, -5.525, 4.1375],
			"rotation": {"angle": 45, "axis": "z", "origin": [7.75, -6.0375, 3.9]},
			"faces": {
				"north": {"uv": [5.25, 9.25, 5.5, 9.5], "texture": "#0"},
				"east": {"uv": [5.5, 9.25, 5.75, 9.5], "texture": "#0"},
				"south": {"uv": [5.75, 9.25, 6, 9.5], "texture": "#0"},
				"west": {"uv": [6, 9.25, 6.25, 9.5], "texture": "#0"},
				"up": {"uv": [6.75, 9.5, 6.5, 9.25], "texture": "#0"},
				"down": {"uv": [7, 9.25, 6.75, 9.5], "texture": "#0"}
			}
		},
		{
			"from": [8.5875, -6.025, 3.6375],
			"to": [9.0875, -5.525, 4.1375],
			"rotation": {"angle": -45, "axis": "z", "origin": [9.75, -6.0375, 3.9]},
			"faces": {
				"north": {"uv": [5.5, 9.25, 5.25, 9.5], "texture": "#0"},
				"east": {"uv": [6.25, 9.25, 6, 9.5], "texture": "#0"},
				"south": {"uv": [6, 9.25, 5.75, 9.5], "texture": "#0"},
				"west": {"uv": [5.75, 9.25, 5.5, 9.5], "texture": "#0"},
				"up": {"uv": [6.5, 9.5, 6.75, 9.25], "texture": "#0"},
				"down": {"uv": [6.75, 9.25, 7, 9.5], "texture": "#0"}
			}
		}
	],
	"display": {
		"thirdperson_righthand": {
			"rotation": [-8, -97, -1],
			"translation": [-4, 9.75, -1],
			"scale": [1.25, 1.25, 1.25]
		},
		"thirdperson_lefthand": {
			"rotation": [-8, -97, -1],
			"translation": [-4, 9.75, 0.75],
			"scale": [1.25, 1.25, 1.25]
		},
		"firstperson_righthand": {
			"rotation": [-12, -71, 0],
			"translation": [0.25, 8, -2]
		},
		"firstperson_lefthand": {
			"rotation": [-12, -71, 0],
			"translation": [0.25, 8, -2]
		},
		"ground": {
			"translation": [-1.75, 13.5, 2.75]
		},
		"gui": {
			"rotation": [0, 0, 42],
			"translation": [-1.5, 0.75, 0],
			"scale": [0.75, 0.75, 0.75]
		},
		"fixed": {
			"rotation": [0, 0, 42],
			"translation": [-1.25, 0, 0]
		}
	}
}