{
	"credit": "Made with Blockbench",
	"textures": {
		"0": "item/weapons/redlightsaber",
		"particle": "item/weapons/redlightsaber"
	},
	"elements": [
		{
			"from": [7.5, -2.75, 7.5],
			"to": [8.5, 31.75, 8.5],
			"rotation": {"angle": 0, "axis": "y", "origin": [8, -7.75, 8]},
			"faces": {
				"north": {"uv": [6, 0.0625, 6.375, 8.8125], "texture": "#0"},
				"east": {"uv": [6, 0.0625, 6.375, 8.8125], "texture": "#0"},
				"south": {"uv": [6, 0.0625, 6.375, 8.8125], "texture": "#0"},
				"west": {"uv": [6, 0.0625, 6.375, 8.8125], "texture": "#0"},
				"up": {"uv": [6, 0.125, 6.375, 0.5], "texture": "#0"},
				"down": {"uv": [5, 4.125, 5.375, 4.5], "texture": "#0"}
			}
		},
		{
			"from": [7.25, -2.75, 7.25],
			"to": [8.75, 32, 8.75],
			"rotation": {"angle": 0, "axis": "y", "origin": [8, -7.75, 8]},
			"faces": {
				"north": {"uv": [0.5, 0.8125, 0.875, 9.5625], "texture": "#0"},
				"east": {"uv": [0.3125, 0.6875, 0.6875, 9.4375], "texture": "#0"},
				"south": {"uv": [0.375, 0.8125, 0.75, 9.5625], "texture": "#0"},
				"west": {"uv": [0.375, 0.625, 0.75, 9.375], "texture": "#0"},
				"up": {"uv": [0.75, 2.125, 1.125, 2.5], "texture": "#0"},
				"down": {"uv": [5, 4.125, 5.375, 4.5], "texture": "#0"}
			}
		},
		{
			"from": [7, -14.75, 7],
			"to": [9, -14.25, 9],
			"rotation": {"angle": 0, "axis": "y", "origin": [8, -8, 8]},
			"faces": {
				"north": {"uv": [3.375, 3.25, 3.875, 3.375], "texture": "#0"},
				"east": {"uv": [3.875, 3.75, 4.375, 3.875], "texture": "#0"},
				"south": {"uv": [5.25, 0.375, 5.75, 0.5], "texture": "#0"},
				"west": {"uv": [5.25, 0.5, 5.75, 0.625], "texture": "#0"},
				"up": {"uv": [4.375, 0, 4.875, 0.5], "texture": "#0"},
				"down": {"uv": [4.375, 0.5, 4.875, 1], "texture": "#0"}
			}
		},
		{
			"from": [7, -14, 7],
			"to": [9, -7.5, 9],
			"rotation": {"angle": 0, "axis": "y", "origin": [8, -8, 8]},
			"faces": {
				"north": {"uv": [3.375, 3.375, 3.875, 5], "texture": "#0"},
				"east": {"uv": [3.375, 0, 3.875, 1.625], "texture": "#0"},
				"south": {"uv": [3.375, 1.625, 3.875, 3.25], "texture": "#0"},
				"west": {"uv": [2.125, 3.5, 2.625, 5.125], "texture": "#0"},
				"up": {"uv": [3.875, 4.5, 4.375, 5], "texture": "#0"},
				"down": {"uv": [1.5, 4.75, 2, 5.25], "texture": "#0"}
			}
		},
		{
			"from": [6.75, -13.75, 8.25],
			"to": [9.25, -8.25, 8.75],
			"rotation": {"angle": 0, "axis": "y", "origin": [8, -8, 8]},
			"faces": {
				"north": {"uv": [1.5, 1.5, 2.125, 2.875], "texture": "#0"},
				"east": {"uv": [3.125, 4.125, 3.25, 5.5], "texture": "#0"},
				"south": {"uv": [1.5, 0, 2.125, 1.375], "texture": "#0"},
				"west": {"uv": [3.25, 4.125, 3.375, 5.5], "texture": "#0"},
				"up": {"uv": [1.9375, 0.5625, 2.5625, 0.6875], "texture": "#0"},
				"down": {"uv": [2.125, 0.9375, 2.75, 1.0625], "texture": "#0"}
			}
		},
		{
			"from": [7.25, -13.75, 6.75],
			"to": [7.75, -8.25, 9.25],
			"rotation": {"angle": 0, "axis": "y", "origin": [8, -8, 8]},
			"faces": {
				"north": {"uv": [4.875, 2, 5, 3.375], "texture": "#0"},
				"east": {"uv": [2.75, 2.75, 3.375, 4.125], "texture": "#0"},
				"south": {"uv": [4.875, 3.375, 5, 4.75], "texture": "#0"},
				"west": {"uv": [2.75, 0, 3.375, 1.375], "texture": "#0"},
				"up": {"uv": [2.125, 1.125, 2.75, 1.25], "texture": "#0"},
				"down": {"uv": [2.0625, 1, 2.6875, 1.125], "texture": "#0"}
			}
		},
		{
			"from": [6.75, -13.75, 7.25],
			"to": [9.25, -8.25, 7.75],
			"rotation": {"angle": 0, "axis": "y", "origin": [8, -8, 8]},
			"faces": {
				"north": {"uv": [2.125, 2.125, 2.75, 3.5], "texture": "#0"},
				"east": {"uv": [2, 4.25, 2.125, 5.625], "texture": "#0"},
				"south": {"uv": [2.125, 0, 2.75, 1.375], "texture": "#0"},
				"west": {"uv": [4.875, 0.625, 5, 2], "texture": "#0"},
				"up": {"uv": [4.875, 4.75, 5.5, 4.875], "texture": "#0"},
				"down": {"uv": [2, 0.8125, 2.625, 0.9375], "texture": "#0"}
			}
		},
		{
			"from": [8.25, -13.75, 6.75],
			"to": [8.75, -8.25, 9.25],
			"rotation": {"angle": 0, "axis": "y", "origin": [8, -8, 8]},
			"faces": {
				"north": {"uv": [3.375, 5, 3.5, 6.375], "texture": "#0"},
				"east": {"uv": [2.75, 1.375, 3.375, 2.75], "texture": "#0"},
				"south": {"uv": [3.5, 5, 3.625, 6.375], "texture": "#0"},
				"west": {"uv": [1.5, 2.875, 2.125, 4.25], "texture": "#0"},
				"up": {"uv": [5.25, 1.875, 5.875, 2], "texture": "#0"},
				"down": {"uv": [2.125, 0.875, 2.75, 1], "texture": "#0"}
			}
		},
		{
			"from": [7, -5.25, 7],
			"to": [9, -2.75, 9],
			"rotation": {"angle": 0, "axis": "y", "origin": [8, -8, 8]},
			"faces": {
				"north": {"uv": [3.875, 3.875, 4.375, 4.5], "texture": "#0"},
				"east": {"uv": [3.875, 0, 4.375, 0.625], "texture": "#0"},
				"south": {"uv": [3.875, 0.625, 4.375, 1.25], "texture": "#0"},
				"west": {"uv": [3.875, 1.25, 4.375, 1.875], "texture": "#0"},
				"up": {"uv": [1.5, 4.25, 2, 4.75], "texture": "#0"},
				"down": {"uv": [4.375, 4.375, 4.875, 4.875], "texture": "#0"}
			}
		},
		{
			"from": [7, -7.5, 7],
			"to": [9, -5.25, 9],
			"rotation": {"angle": 0, "axis": "y", "origin": [8, -8, 8]},
			"faces": {
				"north": {"uv": [3.875, 1.875, 4.375, 2.5], "texture": "#0"},
				"east": {"uv": [3.875, 2.5, 4.375, 3.125], "texture": "#0"},
				"south": {"uv": [3.875, 3.125, 4.375, 3.75], "texture": "#0"},
				"west": {"uv": [2.625, 4.125, 3.125, 4.75], "texture": "#0"},
				"up": {"uv": [2.625, 4.75, 3.125, 5.25], "texture": "#0"},
				"down": {"uv": [4.375, 4.875, 4.875, 5.375], "texture": "#0"}
			}
		},
		{
			"from": [7.25, -7.5, 9],
			"to": [8.75, -5.25, 9.75],
			"rotation": {"angle": 0, "axis": "y", "origin": [8, -8, 8]},
			"faces": {
				"north": {"uv": [4.875, 4.875, 5.25, 5.5], "texture": "#0"},
				"east": {"uv": [5, 1.375, 5.25, 2], "texture": "#0"},
				"south": {"uv": [4.875, 0, 5.25, 0.625], "texture": "#0"},
				"west": {"uv": [5, 2, 5.25, 2.625], "texture": "#0"},
				"up": {"uv": [5.25, 5.25, 5.625, 5.5], "texture": "#0"},
				"down": {"uv": [5.25, 0, 5.625, 0.25], "texture": "#0"}
			}
		},
		{
			"from": [6.75, -2.75, 6.75],
			"to": [9.25, -2, 9.25],
			"rotation": {"angle": 0, "axis": "y", "origin": [8, -7.75, 8]},
			"faces": {
				"north": {"uv": [3.625, 5, 4.25, 5.25], "texture": "#0"},
				"east": {"uv": [5, 0.625, 5.625, 0.875], "texture": "#0"},
				"south": {"uv": [5, 0.875, 5.625, 1.125], "texture": "#0"},
				"west": {"uv": [5, 1.125, 5.625, 1.375], "texture": "#0"},
				"up": {"uv": [0.75, 0, 1.375, 0.625], "texture": "#0"},
				"down": {"uv": [2.125, 1.375, 2.75, 2], "texture": "#0"}
			}
		},
		{
			"from": [7.25, -3, 6.5],
			"to": [8.75, -2.25, 7.5],
			"rotation": {"angle": 0, "axis": "y", "origin": [8, -7.75, 8]},
			"faces": {
				"north": {"uv": [5, 4.5, 5.375, 4.75], "texture": "#0"},
				"east": {"uv": [5.25, 2, 5.5, 2.25], "texture": "#0"},
				"south": {"uv": [2.125, 5.125, 2.5, 5.375], "texture": "#0"},
				"west": {"uv": [5.25, 2.25, 5.5, 2.5], "texture": "#0"},
				"up": {"uv": [1.5, 5.25, 1.875, 5.5], "texture": "#0"},
				"down": {"uv": [2.5, 5.25, 2.875, 5.5], "texture": "#0"}
			}
		},
		{
			"from": [7.5, -4.25, 6.75],
			"to": [8.5, -3, 7.5],
			"rotation": {"angle": 0, "axis": "y", "origin": [8, -7.75, 8]},
			"faces": {
				"north": {"uv": [2.875, 5.25, 3.125, 5.625], "texture": "#0"},
				"east": {"uv": [3.625, 5.25, 3.875, 5.625], "texture": "#0"},
				"south": {"uv": [3.875, 5.25, 4.125, 5.625], "texture": "#0"},
				"west": {"uv": [4.125, 5.25, 4.375, 5.625], "texture": "#0"},
				"up": {"uv": [5.25, 4.875, 5.5, 5.125], "texture": "#0"},
				"down": {"uv": [2.125, 5.375, 2.375, 5.625], "texture": "#0"}
			}
		},
		{
			"from": [7, -2, 7],
			"to": [9, -0.25, 9],
			"rotation": {"angle": 0, "axis": "y", "origin": [8, -7.75, 8]},
			"faces": {
				"north": {"uv": [4.375, 2, 4.875, 2.5], "texture": "#0"},
				"east": {"uv": [4.375, 2.5, 4.875, 3], "texture": "#0"},
				"south": {"uv": [4.375, 1, 4.875, 1.5], "texture": "#0"},
				"west": {"uv": [4.375, 1.5, 4.875, 2], "texture": "#0"},
				"up": {"uv": [4.375, 3, 4.875, 3.5], "rotation": 180, "texture": "#0"},
				"down": {"uv": [4.375, 3.5, 4.875, 4], "rotation": 180, "texture": "#0"}
			}
		},
		{
			"from": [7.25, -15, 7.25],
			"to": [8.75, -13.75, 8.75],
			"rotation": {"angle": 0, "axis": "y", "origin": [8, -8, 8]},
			"faces": {
				"north": {"uv": [0.375, 0, 0.75, 0.375], "texture": "#0"},
				"east": {"uv": [1.125, 0.625, 1.5, 1], "texture": "#0"},
				"south": {"uv": [4.375, 4, 4.75, 4.375], "texture": "#0"},
				"west": {"uv": [5, 2.625, 5.375, 3], "texture": "#0"},
				"up": {"uv": [5, 3, 5.375, 3.375], "texture": "#0"},
				"down": {"uv": [5, 3.375, 5.375, 3.75], "texture": "#0"}
			}
		}
	],
	"display": {
		"thirdperson_righthand": {
			"translation": [0, 8.75, 1.5],
			"scale": [0.57813, 0.57813, 0.57813]
		},
		"firstperson_righthand": {
			"rotation": [-14.75, 0, 0],
			"translation": [10.25, 7.5, -11.5],
			"scale": [0.82227, 0.82227, 0.82227]
		},
		"ground": {
			"rotation": [45, 80, -15],
			"translation": [0, 19.25, 0]
		},
		"gui": {
			"rotation": [-45, 118, 45],
			"scale": [0.35, 0.35, 0.35]
		},
		"head": {
			"rotation": [45, 0, 90]
		}
	}
}