{
	"credit": "Made with Blockbench",
	"textures": {
		"0": "item/wearables/black",
		"particle": "item/wearables/black"
	},
	"elements": [
		{
			"from": [0, 1, 0],
			"to": [16, 16, 16],
			"faces": {
				"north": {"uv": [4, 4, 5, 5], "texture": "#0"},
				"east": {"uv": [3, 4, 4, 5], "texture": "#0"},
				"south": {"uv": [6, 4, 7, 5], "texture": "#0"},
				"west": {"uv": [5, 4, 6, 5], "texture": "#0"},
				"up": {"uv": [5, 4, 4, 3], "texture": "#0"},
				"down": {"uv": [6, 3, 5, 4], "texture": "#0"}
			}
		},
		{
			"from": [1, 16, 1],
			"to": [15, 17, 15],
			"faces": {
				"north": {"uv": [0.875, 7.625, 1.75, 7.6875], "texture": "#0"},
				"east": {"uv": [0, 7.625, 0.875, 7.6875], "texture": "#0"},
				"south": {"uv": [2.625, 7.625, 3.5, 7.6875], "texture": "#0"},
				"west": {"uv": [1.75, 7.625, 2.625, 7.6875], "texture": "#0"},
				"up": {"uv": [1.75, 7.625, 0.875, 6.75], "texture": "#0"},
				"down": {"uv": [2.625, 6.75, 1.75, 7.625], "texture": "#0"}
			}
		},
		{
			"from": [-0.5, 15.75, 3],
			"to": [16.5, 17, 13],
			"faces": {
				"north": {"uv": [0.625, 3.9375, 1.6875, 4], "texture": "#0"},
				"east": {"uv": [0, 3.9375, 0.625, 4], "texture": "#0"},
				"south": {"uv": [2.3125, 3.9375, 3.375, 4], "texture": "#0"},
				"west": {"uv": [1.6875, 3.9375, 2.3125, 4], "texture": "#0"},
				"up": {"uv": [1.6875, 3.9375, 0.625, 3.3125], "texture": "#0"},
				"down": {"uv": [2.75, 3.3125, 1.6875, 3.9375], "texture": "#0"}
			}
		},
		{
			"from": [1, 16.75, 3],
			"to": [15, 17.75, 13],
			"faces": {
				"north": {"uv": [0.625, 4.625, 1.5, 4.6875], "texture": "#0"},
				"east": {"uv": [0, 4.625, 0.625, 4.6875], "texture": "#0"},
				"south": {"uv": [2.125, 4.625, 3, 4.6875], "texture": "#0"},
				"west": {"uv": [1.5, 4.625, 2.125, 4.6875], "texture": "#0"},
				"up": {"uv": [1.5, 4.625, 0.625, 4], "texture": "#0"},
				"down": {"uv": [2.375, 4, 1.5, 4.625], "texture": "#0"}
			}
		},
		{
			"from": [-1, 1, 1],
			"to": [17, 15, 15],
			"faces": {
				"north": {"uv": [0.875, 5.875, 2, 6.75], "texture": "#0"},
				"east": {"uv": [0, 5.875, 0.875, 6.75], "texture": "#0"},
				"south": {"uv": [2.875, 5.875, 4, 6.75], "texture": "#0"},
				"west": {"uv": [2, 5.875, 2.875, 6.75], "texture": "#0"},
				"up": {"uv": [2, 5.875, 0.875, 5], "texture": "#0"},
				"down": {"uv": [3.125, 5, 2, 5.875], "texture": "#0"}
			}
		},
		{
			"from": [-2, 4, 3],
			"to": [18, 13, 13],
			"faces": {
				"north": {"uv": [7.125, 5, 8.375, 5.5625], "texture": "#0"},
				"east": {"uv": [6.5, 5, 7.125, 5.5625], "texture": "#0"},
				"south": {"uv": [9, 5, 10.25, 5.5625], "texture": "#0"},
				"west": {"uv": [8.375, 5, 9, 5.5625], "texture": "#0"},
				"up": {"uv": [8.375, 5, 7.125, 4.375], "texture": "#0"},
				"down": {"uv": [9.625, 4.375, 8.375, 5], "texture": "#0"}
			}
		},
		{
			"from": [-4, 8, 8],
			"to": [20, 16.25, 13.25],
			"faces": {
				"north": {"uv": [6.3125, 3.1875, 7.8125, 3.6875], "texture": "#0"},
				"east": {"uv": [6, 3.1875, 6.3125, 3.6875], "texture": "#0"},
				"south": {"uv": [8.125, 3.1875, 9.625, 3.6875], "texture": "#0"},
				"west": {"uv": [7.8125, 3.1875, 8.125, 3.6875], "texture": "#0"},
				"up": {"uv": [7.8125, 3.1875, 6.3125, 2.875], "texture": "#0"},
				"down": {"uv": [9.3125, 2.875, 7.8125, 3.1875], "texture": "#0"}
			}
		},
		{
			"from": [-1.5, 3, 3],
			"to": [17.5, 15.75, 13],
			"faces": {
				"north": {"uv": [4.625, 2.125, 5.8125, 2.875], "texture": "#0"},
				"east": {"uv": [4, 2.125, 4.625, 2.875], "texture": "#0"},
				"south": {"uv": [6.4375, 2.125, 7.625, 2.875], "texture": "#0"},
				"west": {"uv": [5.8125, 2.125, 6.4375, 2.875], "texture": "#0"},
				"up": {"uv": [5.8125, 2.125, 4.625, 1.5], "texture": "#0"},
				"down": {"uv": [7, 1.5, 5.8125, 2.125], "texture": "#0"}
			}
		},
		{
			"from": [3, 4, -2],
			"to": [13, 13, 18],
			"faces": {
				"north": {"uv": [5.25, 6.25, 5.875, 6.8125], "texture": "#0"},
				"east": {"uv": [4, 6.25, 5.25, 6.8125], "texture": "#0"},
				"south": {"uv": [7.125, 6.25, 7.75, 6.8125], "texture": "#0"},
				"west": {"uv": [5.875, 6.25, 7.125, 6.8125], "texture": "#0"},
				"up": {"uv": [5.875, 6.25, 5.25, 5], "texture": "#0"},
				"down": {"uv": [6.5, 5, 5.875, 6.25], "texture": "#0"}
			}
		},
		{
			"from": [5, 6, -3],
			"to": [11, 11, 17],
			"faces": {
				"north": {"uv": [5.25, 6.25, 5.875, 6.8125], "texture": "#0"},
				"east": {"uv": [4, 6.25, 5.25, 6.8125], "texture": "#0"},
				"south": {"uv": [7.125, 6.25, 7.75, 6.8125], "texture": "#0"},
				"west": {"uv": [5.875, 6.25, 7.125, 6.8125], "texture": "#0"},
				"up": {"uv": [5.875, 6.25, 5.25, 5], "texture": "#0"},
				"down": {"uv": [6.5, 5, 5.875, 6.25], "texture": "#0"}
			}
		},
		{
			"from": [1, 1, -1],
			"to": [15, 15, 17],
			"faces": {
				"north": {"uv": [1.125, 2.4375, 2, 3.3125], "texture": "#0"},
				"east": {"uv": [0, 2.4375, 1.125, 3.3125], "texture": "#0"},
				"south": {"uv": [3.125, 2.4375, 4, 3.3125], "texture": "#0"},
				"west": {"uv": [2, 2.4375, 3.125, 3.3125], "texture": "#0"},
				"up": {"uv": [2, 2.4375, 1.125, 1.3125], "texture": "#0"},
				"down": {"uv": [2.875, 1.3125, 2, 2.4375], "texture": "#0"}
			}
		},
		{
			"from": [-1.5, 0, -0.5],
			"to": [17.5, 3, 17.5],
			"faces": {
				"north": {"uv": [5, 1.3125, 6.1875, 1.5], "texture": "#0"},
				"east": {"uv": [3.875, 1.3125, 5, 1.5], "texture": "#0"},
				"south": {"uv": [7.3125, 1.3125, 8.5, 1.5], "texture": "#0"},
				"west": {"uv": [6.1875, 1.3125, 7.3125, 1.5], "texture": "#0"},
				"up": {"uv": [6.1875, 1.3125, 5, 0.1875], "texture": "#0"},
				"down": {"uv": [7.375, 0.1875, 6.1875, 1.3125], "texture": "#0"}
			}
		},
		{
			"from": [0.5, 0, -2],
			"to": [15.5, 3, -0.5],
			"faces": {
				"north": {"uv": [0.0625, 4.75, 1, 4.9375], "texture": "#0"},
				"east": {"uv": [0, 4.75, 0.0625, 4.9375], "texture": "#0"},
				"south": {"uv": [1.0625, 4.75, 2, 4.9375], "texture": "#0"},
				"west": {"uv": [1, 4.75, 1.0625, 4.9375], "texture": "#0"},
				"up": {"uv": [1, 4.75, 0.0625, 4.6875], "texture": "#0"},
				"down": {"uv": [1.9375, 4.6875, 1, 4.75], "texture": "#0"}
			}
		},
		{
			"from": [15.25, 10, 13.25],
			"to": [16.25, 30, 14.25],
			"faces": {
				"north": {"uv": [3.5625, 6.8125, 3.625, 8.0625], "texture": "#0"},
				"east": {"uv": [3.5, 6.8125, 3.5625, 8.0625], "texture": "#0"},
				"south": {"uv": [3.6875, 6.8125, 3.75, 8.0625], "texture": "#0"},
				"west": {"uv": [3.625, 6.8125, 3.6875, 8.0625], "texture": "#0"},
				"up": {"uv": [3.625, 6.8125, 3.5625, 6.75], "texture": "#0"},
				"down": {"uv": [3.6875, 6.75, 3.625, 6.8125], "texture": "#0"}
			}
		}
	],
	"display": {
		"thirdperson_righthand": {
			"scale": [0.5, 0.5, 0.5]
		},
		"firstperson_righthand": {
			"scale": [0.5, 0.5, 0.5]
		},
		"gui": {
			"rotation": [9, -166, 0],
			"translation": [0, -1.75, 0],
			"scale": [0.7, 0.7, 0.7]
		},
		"head": {
			"scale": [0.91, 0.91, 0.91]
		}
	}
}