{
	"credit": "Made with Blockbench",
	"textures": {
		"0": "item/wearables/black",
		"particle": "item/wearables/black"
	},
	"elements": [
		{
			"from": [-1, 13, -3],
			"to": [17, 15, 17],
			"faces": {
				"north": {"uv": [2.5, 2.5, 4.75, 2.75], "texture": "#0"},
				"east": {"uv": [0, 2.5, 2.5, 2.75], "texture": "#0"},
				"south": {"uv": [7.25, 2.5, 9.5, 2.75], "texture": "#0"},
				"west": {"uv": [4.75, 2.5, 7.25, 2.75], "texture": "#0"},
				"up": {"uv": [4.75, 2.5, 2.5, 0], "texture": "#0"},
				"down": {"uv": [7, 0, 4.75, 2.5], "texture": "#0"}
			}
		},
		{
			"from": [-1, 10.25, -5],
			"to": [17, 12, -1],
			"rotation": {"angle": 22.5, "axis": "x", "origin": [8, 16, 5]},
			"faces": {
				"north": {"uv": [5.75, 5.875, 8, 6], "texture": "#0"},
				"east": {"uv": [5.25, 5.875, 5.75, 6], "texture": "#0"},
				"south": {"uv": [8.5, 5.875, 10.75, 6], "texture": "#0"},
				"west": {"uv": [8, 5.875, 8.5, 6], "texture": "#0"},
				"up": {"uv": [8, 5.875, 5.75, 5.375], "texture": "#0"},
				"down": {"uv": [10.25, 5.375, 8, 5.875], "texture": "#0"}
			}
		},
		{
			"from": [-0.25, 15, -0.25],
			"to": [16.25, 20.25, 16.25],
			"faces": {
				"north": {"uv": [2, 4.75, 4, 5.375], "texture": "#0"},
				"east": {"uv": [0, 4.75, 2, 5.375], "texture": "#0"},
				"south": {"uv": [6, 4.75, 8, 5.375], "texture": "#0"},
				"west": {"uv": [4, 4.75, 6, 5.375], "texture": "#0"},
				"up": {"uv": [4, 4.75, 2, 2.75], "texture": "#0"},
				"down": {"uv": [6, 2.75, 4, 4.75], "texture": "#0"}
			}
		},
		{
			"from": [0.75, 18, 0.75],
			"to": [15.25, 21.25, 15.25],
			"faces": {
				"north": {"uv": [1.75, 7.125, 3.5, 7.5], "texture": "#0"},
				"east": {"uv": [0, 7.125, 1.75, 7.5], "texture": "#0"},
				"south": {"uv": [5.25, 7.125, 7, 7.5], "texture": "#0"},
				"west": {"uv": [3.5, 7.125, 5.25, 7.5], "texture": "#0"},
				"up": {"uv": [3.5, 7.125, 1.75, 5.375], "texture": "#0"},
				"down": {"uv": [5.25, 5.375, 3.5, 7.125], "texture": "#0"}
			}
		},
		{
			"from": [6.75, 18, 6.75],
			"to": [9.25, 22.25, 9.25],
			"faces": {
				"north": {"uv": [1.75, 7.125, 2.125, 7.5], "texture": "#0"},
				"east": {"uv": [0, 7.125, 0.375, 7.5], "texture": "#0"},
				"south": {"uv": [5.25, 7.125, 5.625, 7.5], "texture": "#0"},
				"west": {"uv": [3.5, 7.125, 3.875, 7.5], "texture": "#0"},
				"up": {"uv": [2.125, 7.125, 1.75, 6.75], "texture": "#0"},
				"down": {"uv": [5.25, 5.375, 3.5, 7.125], "texture": "#0"}
			}
		},
		{
			"from": [16, 16, 5],
			"to": [22, 18, 12],
			"faces": {
				"north": {"uv": [7, 7.5, 7.75, 7.75], "texture": "#0"},
				"east": {"uv": [6.125, 7.5, 7, 7.75], "texture": "#0"},
				"south": {"uv": [8.625, 7.5, 9.375, 7.75], "texture": "#0"},
				"west": {"uv": [7.75, 7.5, 8.625, 7.75], "texture": "#0"},
				"up": {"uv": [7.75, 7.5, 7, 6.625], "texture": "#0"},
				"down": {"uv": [8.5, 6.625, 7.75, 7.5], "texture": "#0"}
			}
		},
		{
			"from": [16, 12, 6],
			"to": [21, 22, 11],
			"faces": {
				"north": {"uv": [7.625, 0.625, 8.25, 1.875], "texture": "#0"},
				"east": {"uv": [7, 0.625, 7.625, 1.875], "texture": "#0"},
				"south": {"uv": [8.875, 0.625, 9.5, 1.875], "texture": "#0"},
				"west": {"uv": [8.25, 0.625, 8.875, 1.875], "texture": "#0"},
				"up": {"uv": [8.25, 0.625, 7.625, 0], "texture": "#0"},
				"down": {"uv": [8.875, 0, 8.25, 0.625], "texture": "#0"}
			}
		},
		{
			"from": [-3, -1, 6.5],
			"to": [-2, 12, 7.5],
			"rotation": {"angle": 45, "axis": "x", "origin": [-12, 9, 7]},
			"faces": {
				"north": {"uv": [0.125, 2.875, 0.25, 4.5], "texture": "#0"},
				"east": {"uv": [0, 2.875, 0.125, 4.5], "texture": "#0"},
				"south": {"uv": [0.375, 2.875, 0.5, 4.5], "texture": "#0"},
				"west": {"uv": [0.25, 2.875, 0.375, 4.5], "texture": "#0"},
				"up": {"uv": [0.25, 2.875, 0.125, 2.75], "texture": "#0"},
				"down": {"uv": [0.375, 2.75, 0.25, 2.875], "texture": "#0"}
			}
		},
		{
			"from": [-3, -1, 2.5],
			"to": [19, 0, 3.5],
			"rotation": {"angle": 22.5, "axis": "x", "origin": [-12, 9, 7]},
			"faces": {
				"north": {"uv": [5.375, 6.125, 8.125, 6.25], "texture": "#0"},
				"east": {"uv": [5.25, 6.125, 5.375, 6.25], "texture": "#0"},
				"south": {"uv": [8.25, 6.125, 11, 6.25], "texture": "#0"},
				"west": {"uv": [8.125, 6.125, 8.25, 6.25], "texture": "#0"},
				"up": {"uv": [8.125, 6.125, 5.375, 6], "texture": "#0"},
				"down": {"uv": [10.875, 6, 8.125, 6.125], "texture": "#0"}
			}
		},
		{
			"from": [4, -1.5, 2],
			"to": [12, 0.5, 4],
			"rotation": {"angle": 22.5, "axis": "x", "origin": [-12, 9, 7]},
			"faces": {
				"north": {"uv": [0.25, 2.125, 1.25, 2.375], "texture": "#0"},
				"east": {"uv": [0, 2.125, 0.25, 2.375], "texture": "#0"},
				"south": {"uv": [1.5, 2.125, 2.5, 2.375], "texture": "#0"},
				"west": {"uv": [1.25, 2.125, 1.5, 2.375], "texture": "#0"},
				"up": {"uv": [1.25, 2.125, 0.25, 1.875], "texture": "#0"},
				"down": {"uv": [2.25, 1.875, 1.25, 2.125], "texture": "#0"}
			}
		},
		{
			"from": [7, 0.5, 2.5],
			"to": [9, 1.5, 4],
			"rotation": {"angle": 22.5, "axis": "x", "origin": [-12, 9, 7]},
			"faces": {
				"north": {"uv": [1.125, 2.875, 1.375, 3], "texture": "#0"},
				"east": {"uv": [1, 2.875, 1.125, 3], "texture": "#0"},
				"south": {"uv": [1.5, 2.875, 1.75, 3], "texture": "#0"},
				"west": {"uv": [1.375, 2.875, 1.5, 3], "texture": "#0"},
				"up": {"uv": [1.375, 2.875, 1.125, 2.75], "texture": "#0"},
				"down": {"uv": [1.625, 2.75, 1.375, 2.875], "texture": "#0"}
			}
		},
		{
			"from": [18, -1, 6.5],
			"to": [19, 12, 7.5],
			"rotation": {"angle": 45, "axis": "x", "origin": [-12, 9, 7]},
			"faces": {
				"north": {"uv": [0.625, 2.875, 0.75, 4.5], "texture": "#0"},
				"east": {"uv": [0.5, 2.875, 0.625, 4.5], "texture": "#0"},
				"south": {"uv": [0.875, 2.875, 1, 4.5], "texture": "#0"},
				"west": {"uv": [0.75, 2.875, 0.875, 4.5], "texture": "#0"},
				"up": {"uv": [0.75, 2.875, 0.625, 2.75], "texture": "#0"},
				"down": {"uv": [0.875, 2.75, 0.75, 2.875], "texture": "#0"}
			}
		},
		{
			"from": [18, 10.75, 8.5],
			"to": [19, 12, 9.5],
			"faces": {
				"north": {"uv": [0.125, 0.375, 0.25, 0.5], "texture": "#0"},
				"east": {"uv": [0, 0.375, 0.125, 0.5], "texture": "#0"},
				"south": {"uv": [0.375, 0.375, 0.5, 0.5], "texture": "#0"},
				"west": {"uv": [0.25, 0.375, 0.375, 0.5], "texture": "#0"},
				"up": {"uv": [0.25, 0.375, 0.125, 0.25], "texture": "#0"},
				"down": {"uv": [0.375, 0.25, 0.25, 0.375], "texture": "#0"}
			}
		},
		{
			"from": [-3, 10.75, 8.5],
			"to": [-2, 12, 9.5],
			"faces": {
				"north": {"uv": [0.125, 0.125, 0.25, 0.25], "texture": "#0"},
				"east": {"uv": [0, 0.125, 0.125, 0.25], "texture": "#0"},
				"south": {"uv": [0.375, 0.125, 0.5, 0.25], "texture": "#0"},
				"west": {"uv": [0.25, 0.125, 0.375, 0.25], "texture": "#0"},
				"up": {"uv": [0.25, 0.125, 0.125, 0], "texture": "#0"},
				"down": {"uv": [0.375, 0, 0.25, 0.125], "texture": "#0"}
			}
		},
		{
			"from": [-6, 16, 5],
			"to": [1, 18, 12],
			"faces": {
				"north": {"uv": [6.875, 3.625, 7.75, 3.875], "texture": "#0"},
				"east": {"uv": [6, 3.625, 6.875, 3.875], "texture": "#0"},
				"south": {"uv": [8.625, 3.625, 9.5, 3.875], "texture": "#0"},
				"west": {"uv": [7.75, 3.625, 8.625, 3.875], "texture": "#0"},
				"up": {"uv": [7.75, 3.625, 6.875, 2.75], "texture": "#0"},
				"down": {"uv": [8.625, 2.75, 7.75, 3.625], "texture": "#0"}
			}
		},
		{
			"from": [-5, 12, 6],
			"to": [0, 22, 11],
			"faces": {
				"north": {"uv": [0.625, 0.625, 1.25, 1.875], "texture": "#0"},
				"east": {"uv": [0, 0.625, 0.625, 1.875], "texture": "#0"},
				"south": {"uv": [1.875, 0.625, 2.5, 1.875], "texture": "#0"},
				"west": {"uv": [1.25, 0.625, 1.875, 1.875], "texture": "#0"},
				"up": {"uv": [1.25, 0.625, 0.625, 0], "texture": "#0"},
				"down": {"uv": [1.875, 0, 1.25, 0.625], "texture": "#0"}
			}
		}
	],
	"display": {
		"thirdperson_righthand": {
			"translation": [0, 3, 1],
			"scale": [0.55, 0.55, 0.55]
		},
		"firstperson_righthand": {
			"rotation": [0, -90, 25],
			"translation": [1.13, 3.2, 1.13],
			"scale": [0.68, 0.68, 0.68]
		},
		"ground": {
			"translation": [0, 2, 0],
			"scale": [0.5, 0.5, 0.5]
		},
		"gui": {
			"rotation": [0, -136, 0],
			"translation": [-0.75, -1.75, 0],
			"scale": [0.5, 0.5, 0.5]
		},
		"head": {
			"translation": [0, -1, 0.25],
			"scale": [0.91, 0.91, 0.91]
		}
	},
	"groups": [0, 1, 2, 3, 4,
		{
			"name": "group",
			"origin": [8, 8, 8],
			"children": [5, 6]
		},
		{
			"name": "group",
			"origin": [8, 8, 8],
			"children": [
				{
					"name": "group",
					"origin": [-12, 8, 8],
					"children": [7, 8, 9, 10, 11, 12, 13]
				}
			]
		},
		{
			"name": "group",
			"origin": [8, 8, 8],
			"children": [14, 15]
		}
	]
}