{
	"credit": "Made with Blockbench",
	"textures": {
		"0": "item/wearables/black",
		"particle": "item/wearables/black"
	},
	"elements": [
		{
			"from": [-0.25, 5, 7],
			"to": [16.5, 17, 10],
			"faces": {
				"north": {"uv": [0.75, 0.75, 4.75, 4.5], "texture": "#0"},
				"east": {"uv": [0, 0.75, 0.75, 4.5], "texture": "#0"},
				"south": {"uv": [5.5, 0.75, 9.5, 4.5], "texture": "#0"},
				"west": {"uv": [4.75, 0.75, 5.5, 4.5], "texture": "#0"},
				"up": {"uv": [4.75, 0.75, 0.75, 0], "texture": "#0"},
				"down": {"uv": [8.75, 0, 4.75, 0.75], "texture": "#0"}
			}
		},
		{
			"from": [2.75, 2, 0],
			"to": [13.5, 7, 4],
			"faces": {
				"north": {"uv": [1, 5.5, 3.5, 6.75], "texture": "#0"},
				"east": {"uv": [0, 5.5, 1, 6.75], "texture": "#0"},
				"south": {"uv": [4.5, 5.5, 7, 6.75], "texture": "#0"},
				"west": {"uv": [3.5, 5.5, 4.5, 6.75], "texture": "#0"},
				"up": {"uv": [3.5, 5.5, 1, 4.5], "texture": "#0"},
				"down": {"uv": [6, 4.5, 3.5, 5.5], "texture": "#0"}
			}
		},
		{
			"from": [5.75, 0, 0.2],
			"to": [10.5, 2, 0.7],
			"faces": {
				"north": {"uv": [9, 0.25, 10, 0.75], "texture": "#0"},
				"east": {"uv": [8.75, 0.25, 9, 0.75], "texture": "#0"},
				"south": {"uv": [10.25, 0.25, 11.25, 0.75], "texture": "#0"},
				"west": {"uv": [10, 0.25, 10.25, 0.75], "texture": "#0"},
				"up": {"uv": [10, 0.25, 9, 0], "texture": "#0"},
				"down": {"uv": [11, 0, 10, 0.25], "texture": "#0"}
			}
		},
		{
			"from": [5.75, 5.25, -1],
			"to": [10.5, 6.75, 0],
			"faces": {
				"north": {"uv": [7.75, 8.5, 8.75, 8.75], "texture": "#0"},
				"east": {"uv": [7.5, 8.5, 7.75, 8.75], "texture": "#0"},
				"south": {"uv": [9, 8.5, 10, 8.75], "texture": "#0"},
				"west": {"uv": [8.75, 8.5, 9, 8.75], "texture": "#0"},
				"up": {"uv": [8.75, 8.5, 7.75, 8.25], "texture": "#0"},
				"down": {"uv": [9.75, 8.25, 8.75, 8.5], "texture": "#0"}
			}
		},
		{
			"from": [6.5, 4.25, -1],
			"to": [9.75, 5.25, 0],
			"faces": {
				"north": {"uv": [7.75, 9, 8.5, 9.25], "texture": "#0"},
				"east": {"uv": [7.5, 9, 7.75, 9.25], "texture": "#0"},
				"south": {"uv": [8.75, 9, 9.5, 9.25], "texture": "#0"},
				"west": {"uv": [8.5, 9, 8.75, 9.25], "texture": "#0"},
				"up": {"uv": [8.5, 9, 7.75, 8.75], "texture": "#0"},
				"down": {"uv": [9.25, 8.75, 8.5, 9], "texture": "#0"}
			}
		},
		{
			"from": [3, 15, 8],
			"to": [11, 26, 9],
			"rotation": {"angle": -45, "axis": "z", "origin": [8, 8, 8]},
			"faces": {
				"north": {"uv": [0.25, 7, 2.25, 9.75], "texture": "#0"},
				"east": {"uv": [0, 7, 0.25, 9.75], "texture": "#0"},
				"south": {"uv": [2.5, 7, 4.5, 9.75], "texture": "#0"},
				"west": {"uv": [2.25, 7, 2.5, 9.75], "texture": "#0"},
				"up": {"uv": [2.25, 7, 0.25, 6.75], "texture": "#0"},
				"down": {"uv": [4.25, 6.75, 2.25, 7], "texture": "#0"}
			}
		},
		{
			"from": [3, 15, 7.25],
			"to": [5, 26, 8],
			"rotation": {"angle": -45, "axis": "z", "origin": [8, 8, 8]},
			"faces": {
				"north": {"uv": [4.75, 8.25, 5.25, 11], "texture": "#0"},
				"east": {"uv": [4.5, 8.25, 4.75, 11], "texture": "#0"},
				"south": {"uv": [5.5, 8.25, 6, 11], "texture": "#0"},
				"west": {"uv": [5.25, 8.25, 5.5, 11], "texture": "#0"},
				"up": {"uv": [5.25, 8.25, 4.75, 8], "texture": "#0"},
				"down": {"uv": [5.75, 8, 5.25, 8.25], "texture": "#0"}
			}
		},
		{
			"from": [9, 16, 7.25],
			"to": [11, 26, 8],
			"rotation": {"angle": -45, "axis": "z", "origin": [8, 8, 8]},
			"faces": {
				"north": {"uv": [6.25, 8.25, 6.75, 10.75], "texture": "#0"},
				"east": {"uv": [6, 8.25, 6.25, 10.75], "texture": "#0"},
				"south": {"uv": [7, 8.25, 7.5, 10.75], "texture": "#0"},
				"west": {"uv": [6.75, 8.25, 7, 10.75], "texture": "#0"},
				"up": {"uv": [6.75, 8.25, 6.25, 8], "texture": "#0"},
				"down": {"uv": [7.25, 8, 6.75, 8.25], "texture": "#0"}
			}
		},
		{
			"from": [8, 26, 7.25],
			"to": [10, 30, 8],
			"rotation": {"angle": -45, "axis": "z", "origin": [8, 8, 8]},
			"faces": {
				"north": {"uv": [9.25, 9.5, 9.75, 10.5], "texture": "#0"},
				"east": {"uv": [9, 9.5, 9.25, 10.5], "texture": "#0"},
				"south": {"uv": [10, 9.5, 10.5, 10.5], "texture": "#0"},
				"west": {"uv": [9.75, 9.5, 10, 10.5], "texture": "#0"},
				"up": {"uv": [9.75, 9.5, 9.25, 9.25], "texture": "#0"},
				"down": {"uv": [10.25, 9.25, 9.75, 9.5], "texture": "#0"}
			}
		},
		{
			"from": [4, 26, 7.25],
			"to": [6, 30, 8],
			"rotation": {"angle": -45, "axis": "z", "origin": [8, 8, 8]},
			"faces": {
				"north": {"uv": [7.75, 9.5, 8.25, 10.5], "texture": "#0"},
				"east": {"uv": [7.5, 9.5, 7.75, 10.5], "texture": "#0"},
				"south": {"uv": [8.5, 9.5, 9, 10.5], "texture": "#0"},
				"west": {"uv": [8.25, 9.5, 8.5, 10.5], "texture": "#0"},
				"up": {"uv": [8.25, 9.5, 7.75, 9.25], "texture": "#0"},
				"down": {"uv": [8.75, 9.25, 8.25, 9.5], "texture": "#0"}
			}
		},
		{
			"from": [5, 30, 7.25],
			"to": [6, 32, 8],
			"rotation": {"angle": -45, "axis": "z", "origin": [8, 8, 8]},
			"faces": {
				"north": {"uv": [9.75, 1.75, 10, 2.25], "texture": "#0"},
				"east": {"uv": [9.5, 1.75, 9.75, 2.25], "texture": "#0"},
				"south": {"uv": [10.25, 1.75, 10.5, 2.25], "texture": "#0"},
				"west": {"uv": [10, 1.75, 10.25, 2.25], "texture": "#0"},
				"up": {"uv": [10, 1.75, 9.75, 1.5], "texture": "#0"},
				"down": {"uv": [10.25, 1.5, 10, 1.75], "texture": "#0"}
			}
		},
		{
			"from": [8, 30, 7.25],
			"to": [9, 32, 8],
			"rotation": {"angle": -45, "axis": "z", "origin": [8, 8, 8]},
			"faces": {
				"north": {"uv": [0.25, 4.75, 0.5, 5.25], "texture": "#0"},
				"east": {"uv": [0, 4.75, 0.25, 5.25], "texture": "#0"},
				"south": {"uv": [0.75, 4.75, 1, 5.25], "texture": "#0"},
				"west": {"uv": [0.5, 4.75, 0.75, 5.25], "texture": "#0"},
				"up": {"uv": [0.5, 4.75, 0.25, 4.5], "texture": "#0"},
				"down": {"uv": [0.75, 4.5, 0.5, 4.75], "texture": "#0"}
			}
		},
		{
			"from": [6, 30, 7.25],
			"to": [8, 32, 8],
			"rotation": {"angle": -45, "axis": "z", "origin": [8, 8, 8]},
			"faces": {
				"north": {"uv": [9.75, 1, 10.25, 1.5], "texture": "#0"},
				"east": {"uv": [9.5, 1, 9.75, 1.5], "texture": "#0"},
				"south": {"uv": [10.5, 1, 11, 1.5], "texture": "#0"},
				"west": {"uv": [10.25, 1, 10.5, 1.5], "texture": "#0"},
				"up": {"uv": [10.25, 1, 9.75, 0.75], "texture": "#0"},
				"down": {"uv": [10.75, 0.75, 10.25, 1], "texture": "#0"}
			}
		},
		{
			"from": [5, 30, 8],
			"to": [9, 32, 9],
			"rotation": {"angle": -45, "axis": "z", "origin": [8, 8, 8]},
			"faces": {
				"north": {"uv": [8.25, 7.25, 9.25, 7.75], "texture": "#0"},
				"east": {"uv": [8, 7.25, 8.25, 7.75], "texture": "#0"},
				"south": {"uv": [9.5, 7.25, 10.5, 7.75], "texture": "#0"},
				"west": {"uv": [9.25, 7.25, 9.5, 7.75], "texture": "#0"},
				"up": {"uv": [9.25, 7.25, 8.25, 7], "texture": "#0"},
				"down": {"uv": [10.25, 7, 9.25, 7.25], "texture": "#0"}
			}
		},
		{
			"from": [4, 26, 8],
			"to": [10, 30, 9],
			"rotation": {"angle": -45, "axis": "z", "origin": [8, 8, 8]},
			"faces": {
				"north": {"uv": [4.75, 7, 6.25, 8], "texture": "#0"},
				"east": {"uv": [4.5, 7, 4.75, 8], "texture": "#0"},
				"south": {"uv": [6.5, 7, 8, 8], "texture": "#0"},
				"west": {"uv": [6.25, 7, 6.5, 8], "texture": "#0"},
				"up": {"uv": [6.25, 7, 4.75, 6.75], "texture": "#0"},
				"down": {"uv": [7.75, 6.75, 6.25, 7], "texture": "#0"}
			}
		},
		{
			"from": [2, 15, 8],
			"to": [10, 26, 9],
			"rotation": {"angle": 22.5, "axis": "z", "origin": [8, 8, 8]},
			"faces": {
				"north": {"uv": [0.25, 7, 2.25, 9.75], "texture": "#0"},
				"east": {"uv": [0, 7, 0.25, 9.75], "texture": "#0"},
				"south": {"uv": [2.5, 7, 4.5, 9.75], "texture": "#0"},
				"west": {"uv": [2.25, 7, 2.5, 9.75], "texture": "#0"},
				"up": {"uv": [2.25, 7, 0.25, 6.75], "texture": "#0"},
				"down": {"uv": [4.25, 6.75, 2.25, 7], "texture": "#0"}
			}
		},
		{
			"from": [2, 15, 7.25],
			"to": [4, 26, 8],
			"rotation": {"angle": 22.5, "axis": "z", "origin": [8, 8, 8]},
			"faces": {
				"north": {"uv": [4.75, 8.25, 5.25, 11], "texture": "#0"},
				"east": {"uv": [4.5, 8.25, 4.75, 11], "texture": "#0"},
				"south": {"uv": [5.5, 8.25, 6, 11], "texture": "#0"},
				"west": {"uv": [5.25, 8.25, 5.5, 11], "texture": "#0"},
				"up": {"uv": [5.25, 8.25, 4.75, 8], "texture": "#0"},
				"down": {"uv": [5.75, 8, 5.25, 8.25], "texture": "#0"}
			}
		},
		{
			"from": [8, 16, 7.25],
			"to": [10, 26, 8],
			"rotation": {"angle": 22.5, "axis": "z", "origin": [8, 8, 8]},
			"faces": {
				"north": {"uv": [6.25, 8.25, 6.75, 10.75], "texture": "#0"},
				"east": {"uv": [6, 8.25, 6.25, 10.75], "texture": "#0"},
				"south": {"uv": [7, 8.25, 7.5, 10.75], "texture": "#0"},
				"west": {"uv": [6.75, 8.25, 7, 10.75], "texture": "#0"},
				"up": {"uv": [6.75, 8.25, 6.25, 8], "texture": "#0"},
				"down": {"uv": [7.25, 8, 6.75, 8.25], "texture": "#0"}
			}
		},
		{
			"from": [7, 26, 7.25],
			"to": [9, 30, 8],
			"rotation": {"angle": 22.5, "axis": "z", "origin": [8, 8, 8]},
			"faces": {
				"north": {"uv": [9.25, 9.5, 9.75, 10.5], "texture": "#0"},
				"east": {"uv": [9, 9.5, 9.25, 10.5], "texture": "#0"},
				"south": {"uv": [10, 9.5, 10.5, 10.5], "texture": "#0"},
				"west": {"uv": [9.75, 9.5, 10, 10.5], "texture": "#0"},
				"up": {"uv": [9.75, 9.5, 9.25, 9.25], "texture": "#0"},
				"down": {"uv": [10.25, 9.25, 9.75, 9.5], "texture": "#0"}
			}
		},
		{
			"from": [3, 26, 7.25],
			"to": [5, 30, 8],
			"rotation": {"angle": 22.5, "axis": "z", "origin": [8, 8, 8]},
			"faces": {
				"north": {"uv": [7.75, 9.5, 8.25, 10.5], "texture": "#0"},
				"east": {"uv": [7.5, 9.5, 7.75, 10.5], "texture": "#0"},
				"south": {"uv": [8.5, 9.5, 9, 10.5], "texture": "#0"},
				"west": {"uv": [8.25, 9.5, 8.5, 10.5], "texture": "#0"},
				"up": {"uv": [8.25, 9.5, 7.75, 9.25], "texture": "#0"},
				"down": {"uv": [8.75, 9.25, 8.25, 9.5], "texture": "#0"}
			}
		},
		{
			"from": [4, 30, 7.25],
			"to": [5, 32, 8],
			"rotation": {"angle": 22.5, "axis": "z", "origin": [8, 8, 8]},
			"faces": {
				"north": {"uv": [9.75, 1.75, 10, 2.25], "texture": "#0"},
				"east": {"uv": [9.5, 1.75, 9.75, 2.25], "texture": "#0"},
				"south": {"uv": [10.25, 1.75, 10.5, 2.25], "texture": "#0"},
				"west": {"uv": [10, 1.75, 10.25, 2.25], "texture": "#0"},
				"up": {"uv": [10, 1.75, 9.75, 1.5], "texture": "#0"},
				"down": {"uv": [10.25, 1.5, 10, 1.75], "texture": "#0"}
			}
		},
		{
			"from": [7, 30, 7.25],
			"to": [8, 32, 8],
			"rotation": {"angle": 22.5, "axis": "z", "origin": [8, 8, 8]},
			"faces": {
				"north": {"uv": [0.25, 4.75, 0.5, 5.25], "texture": "#0"},
				"east": {"uv": [0, 4.75, 0.25, 5.25], "texture": "#0"},
				"south": {"uv": [0.75, 4.75, 1, 5.25], "texture": "#0"},
				"west": {"uv": [0.5, 4.75, 0.75, 5.25], "texture": "#0"},
				"up": {"uv": [0.5, 4.75, 0.25, 4.5], "texture": "#0"},
				"down": {"uv": [0.75, 4.5, 0.5, 4.75], "texture": "#0"}
			}
		},
		{
			"from": [5, 30, 7.25],
			"to": [7, 32, 8],
			"rotation": {"angle": 22.5, "axis": "z", "origin": [8, 8, 8]},
			"faces": {
				"north": {"uv": [9.75, 1, 10.25, 1.5], "texture": "#0"},
				"east": {"uv": [9.5, 1, 9.75, 1.5], "texture": "#0"},
				"south": {"uv": [10.5, 1, 11, 1.5], "texture": "#0"},
				"west": {"uv": [10.25, 1, 10.5, 1.5], "texture": "#0"},
				"up": {"uv": [10.25, 1, 9.75, 0.75], "texture": "#0"},
				"down": {"uv": [10.75, 0.75, 10.25, 1], "texture": "#0"}
			}
		},
		{
			"from": [4, 30, 8],
			"to": [8, 32, 9],
			"rotation": {"angle": 22.5, "axis": "z", "origin": [8, 8, 8]},
			"faces": {
				"north": {"uv": [8.25, 7.25, 9.25, 7.75], "texture": "#0"},
				"east": {"uv": [8, 7.25, 8.25, 7.75], "texture": "#0"},
				"south": {"uv": [9.5, 7.25, 10.5, 7.75], "texture": "#0"},
				"west": {"uv": [9.25, 7.25, 9.5, 7.75], "texture": "#0"},
				"up": {"uv": [9.25, 7.25, 8.25, 7], "texture": "#0"},
				"down": {"uv": [10.25, 7, 9.25, 7.25], "texture": "#0"}
			}
		},
		{
			"from": [3, 26, 8],
			"to": [9, 30, 9],
			"rotation": {"angle": 22.5, "axis": "z", "origin": [8, 8, 8]},
			"faces": {
				"north": {"uv": [4.75, 7, 6.25, 8], "texture": "#0"},
				"east": {"uv": [4.5, 7, 4.75, 8], "texture": "#0"},
				"south": {"uv": [6.5, 7, 8, 8], "texture": "#0"},
				"west": {"uv": [6.25, 7, 6.5, 8], "texture": "#0"},
				"up": {"uv": [6.25, 7, 4.75, 6.75], "texture": "#0"},
				"down": {"uv": [7.75, 6.75, 6.25, 7], "texture": "#0"}
			}
		},
		{
			"from": [-3.25, 3.25, 1],
			"to": [4, 4.25, 2],
			"rotation": {"angle": -22.5, "axis": "z", "origin": [8, 8, 8]},
			"faces": {
				"north": {"uv": [8, 6.75, 9.75, 7], "texture": "#0"},
				"east": {"uv": [7.75, 6.75, 8, 7], "texture": "#0"},
				"south": {"uv": [10, 6.75, 11.75, 7], "texture": "#0"},
				"west": {"uv": [9.75, 6.75, 10, 7], "texture": "#0"},
				"up": {"uv": [9.75, 6.75, 8, 6.5], "texture": "#0"},
				"down": {"uv": [11.5, 6.5, 9.75, 6.75], "texture": "#0"}
			}
		},
		{
			"from": [-4.75, 3.75, 1],
			"to": [2.5, 4.75, 2],
			"faces": {
				"north": {"uv": [7.25, 6.25, 9, 6.5], "texture": "#0"},
				"east": {"uv": [7, 6.25, 7.25, 6.5], "texture": "#0"},
				"south": {"uv": [9.25, 6.25, 11, 6.5], "texture": "#0"},
				"west": {"uv": [9, 6.25, 9.25, 6.5], "texture": "#0"},
				"up": {"uv": [9, 6.25, 7.25, 6], "texture": "#0"},
				"down": {"uv": [10.75, 6, 9, 6.25], "texture": "#0"}
			}
		},
		{
			"from": [-6.25, 4.75, 1],
			"to": [1, 5.75, 2],
			"rotation": {"angle": 22.5, "axis": "z", "origin": [8, 8, 8]},
			"faces": {
				"north": {"uv": [8, 8, 9.75, 8.25], "texture": "#0"},
				"east": {"uv": [7.75, 8, 8, 8.25], "texture": "#0"},
				"south": {"uv": [10, 8, 11.75, 8.25], "texture": "#0"},
				"west": {"uv": [9.75, 8, 10, 8.25], "texture": "#0"},
				"up": {"uv": [9.75, 8, 8, 7.75], "texture": "#0"},
				"down": {"uv": [11.5, 7.75, 9.75, 8], "texture": "#0"}
			}
		},
		{
			"from": [12, 3.25, 1],
			"to": [19.25, 4.25, 2],
			"rotation": {"angle": 22.5, "axis": "z", "origin": [8, 8, 8]},
			"faces": {
				"north": {"uv": [7.25, 5.75, 9, 6], "texture": "#0"},
				"east": {"uv": [7, 5.75, 7.25, 6], "texture": "#0"},
				"south": {"uv": [9.25, 5.75, 11, 6], "texture": "#0"},
				"west": {"uv": [9, 5.75, 9.25, 6], "texture": "#0"},
				"up": {"uv": [9, 5.75, 7.25, 5.5], "texture": "#0"},
				"down": {"uv": [10.75, 5.5, 9, 5.75], "texture": "#0"}
			}
		},
		{
			"from": [13.5, 3.75, 1],
			"to": [20.75, 4.75, 2],
			"faces": {
				"north": {"uv": [6.25, 5.25, 8, 5.5], "texture": "#0"},
				"east": {"uv": [6, 5.25, 6.25, 5.5], "texture": "#0"},
				"south": {"uv": [8.25, 5.25, 10, 5.5], "texture": "#0"},
				"west": {"uv": [8, 5.25, 8.25, 5.5], "texture": "#0"},
				"up": {"uv": [8, 5.25, 6.25, 5], "texture": "#0"},
				"down": {"uv": [9.75, 5, 8, 5.25], "texture": "#0"}
			}
		},
		{
			"from": [15, 4.75, 1],
			"to": [22.25, 5.75, 2],
			"rotation": {"angle": -22.5, "axis": "z", "origin": [8, 8, 8]},
			"faces": {
				"north": {"uv": [6.25, 4.75, 8, 5], "texture": "#0"},
				"east": {"uv": [6, 4.75, 6.25, 5], "texture": "#0"},
				"south": {"uv": [8.25, 4.75, 10, 5], "texture": "#0"},
				"west": {"uv": [8, 4.75, 8.25, 5], "texture": "#0"},
				"up": {"uv": [8, 4.75, 6.25, 4.5], "texture": "#0"},
				"down": {"uv": [9.75, 4.5, 8, 4.75], "texture": "#0"}
			}
		}
	],
	"display": {
		"thirdperson_righthand": {
			"rotation": [42, 0, 0],
			"translation": [0, 3, 1],
			"scale": [0.4, 0.4, 0.4]
		},
		"firstperson_righthand": {
			"rotation": [0, -180, 11],
			"translation": [1.13, 4.2, 1.13],
			"scale": [0.4, 0.4, 0.4]
		},
		"ground": {
			"translation": [0, 2, 0],
			"scale": [0.5, 0.5, 0.5]
		},
		"gui": {
			"rotation": [0, -180, 0],
			"translation": [0.5, -2.25, 0],
			"scale": [0.5, 0.5, 0.5]
		},
		"head": {
			"translation": [0, -0.5, -0.25],
			"scale": [0.91, 0.91, 0.91]
		}
	},
	"groups": [0, 1, 2, 3, 4,
		{
			"name": "group",
			"origin": [8, 8, 8],
			"children": []
		},
		{
			"name": "group",
			"origin": [8, 8, 8],
			"children": [
				{
					"name": "group",
					"origin": [8, 8, 8],
					"children": [5, 6, 7, 8, 9, 10, 11, 12, 13, 14]
				},
				{
					"name": "group",
					"origin": [8, 8, 8],
					"children": [15, 16, 17, 18, 19, 20, 21, 22, 23, 24]
				}
			]
		},
		{
			"name": "group",
			"origin": [8, 8, 8],
			"children": [25, 26, 27]
		},
		{
			"name": "group",
			"origin": [8, 8, 8],
			"children": [28, 29, 30]
		}
	]
}