{
	"credit": "Made with Blockbench",
	"textures": {
		"0": "item/wearables/black",
		"particle": "item/wearables/black"
	},
	"elements": [
		{
			"from": [0, 14, 1],
			"to": [4, 20, 17],
			"faces": {
				"north": {"uv": [5, 9.25, 5.5, 10], "texture": "#0"},
				"east": {"uv": [3, 9.25, 5, 10], "texture": "#0"},
				"south": {"uv": [7.875, 2, 8.375, 2.75], "texture": "#0"},
				"west": {"uv": [8, 2, 10, 2.75], "texture": "#0"},
				"up": {"uv": [5.5, 9.25, 5, 7.25], "texture": "#0"},
				"down": {"uv": [6, 7.25, 5.5, 9.25], "texture": "#0"}
			}
		},
		{
			"from": [12, 14, 1],
			"to": [16, 20, 17],
			"faces": {
				"north": {"uv": [2, 8.5, 2.5, 9.25], "texture": "#0"},
				"east": {"uv": [8, 2, 10, 2.75], "texture": "#0"},
				"south": {"uv": [7.875, 2, 8.375, 2.75], "texture": "#0"},
				"west": {"uv": [2.5, 8.5, 4.5, 9.25], "texture": "#0"},
				"up": {"uv": [2.5, 8.5, 2, 6.5], "texture": "#0"},
				"down": {"uv": [3, 6.5, 2.5, 8.5], "texture": "#0"}
			}
		},
		{
			"from": [0, 16, -1],
			"to": [16, 20, 1],
			"faces": {
				"north": {"uv": [9.125, 2.125, 11.125, 2.625], "texture": "#0"},
				"east": {"uv": [8.25, 2.125, 8.5, 2.625], "texture": "#0"},
				"south": {"uv": [5.5, 6.75, 7.5, 7.25], "texture": "#0"},
				"west": {"uv": [5.25, 6.75, 5.5, 7.25], "texture": "#0"},
				"up": {"uv": [5.25, 6.75, 3.25, 6.5], "texture": "#0"},
				"down": {"uv": [7.25, 6.5, 5.25, 6.75], "texture": "#0"}
			}
		},
		{
			"from": [4, 14.25, 15],
			"to": [12, 15.75, 16.25],
			"faces": {
				"north": {"uv": [10.625, 0.375, 11.625, 0.5], "texture": "#0"},
				"east": {"uv": [10.5, 0.375, 10.625, 0.5], "texture": "#0"},
				"south": {"uv": [11.75, 0.375, 12.75, 0.5], "texture": "#0"},
				"west": {"uv": [11.625, 0.375, 11.75, 0.5], "texture": "#0"},
				"up": {"uv": [11.625, 0.375, 10.625, 0.25], "texture": "#0"},
				"down": {"uv": [12.625, 0.25, 11.625, 0.375], "texture": "#0"}
			}
		},
		{
			"from": [4, 14, 14.75],
			"to": [10.25, 16, 16.5],
			"faces": {
				"north": {"uv": [0.125, 4.25, 0.875, 4.5], "texture": "#0"},
				"east": {"uv": [0, 4.25, 0.125, 4.5], "texture": "#0"},
				"south": {"uv": [1, 4.25, 1.75, 4.5], "texture": "#0"},
				"west": {"uv": [0.875, 4.25, 1, 4.5], "texture": "#0"},
				"up": {"uv": [0.875, 4.25, 0.125, 4.125], "texture": "#0"},
				"down": {"uv": [1.625, 4.125, 0.875, 4.25], "texture": "#0"}
			}
		},
		{
			"from": [11, 14.75, 15.5],
			"to": [11.5, 15.25, 17],
			"faces": {
				"north": {"uv": [0.125, 4.875, 0.25, 5], "texture": "#0"},
				"east": {"uv": [0, 4.875, 0.125, 5], "texture": "#0"},
				"south": {"uv": [0.375, 4.875, 0.5, 5], "texture": "#0"},
				"west": {"uv": [0.25, 4.875, 0.375, 5], "texture": "#0"},
				"up": {"uv": [0.25, 4.875, 0.125, 4.75], "texture": "#0"},
				"down": {"uv": [0.375, 4.75, 0.25, 4.875], "texture": "#0"}
			}
		},
		{
			"from": [4.75, 14.75, 15.5],
			"to": [5.25, 15.25, 17],
			"faces": {
				"north": {"uv": [1.625, 4.625, 1.75, 4.75], "texture": "#0"},
				"east": {"uv": [1.5, 4.625, 1.625, 4.75], "texture": "#0"},
				"south": {"uv": [1.875, 4.625, 2, 4.75], "texture": "#0"},
				"west": {"uv": [1.75, 4.625, 1.875, 4.75], "texture": "#0"},
				"up": {"uv": [1.75, 4.625, 1.625, 4.5], "texture": "#0"},
				"down": {"uv": [1.875, 4.5, 1.75, 4.625], "texture": "#0"}
			}
		},
		{
			"from": [6.25, 14.75, 15.5],
			"to": [6.75, 15.25, 17],
			"faces": {
				"north": {"uv": [1.125, 4.625, 1.25, 4.75], "texture": "#0"},
				"east": {"uv": [1, 4.625, 1.125, 4.75], "texture": "#0"},
				"south": {"uv": [1.375, 4.625, 1.5, 4.75], "texture": "#0"},
				"west": {"uv": [1.25, 4.625, 1.375, 4.75], "texture": "#0"},
				"up": {"uv": [1.25, 4.625, 1.125, 4.5], "texture": "#0"},
				"down": {"uv": [1.375, 4.5, 1.25, 4.625], "texture": "#0"}
			}
		},
		{
			"from": [7.75, 14.75, 15.5],
			"to": [8.25, 15.25, 17],
			"faces": {
				"north": {"uv": [0.625, 4.625, 0.75, 4.75], "texture": "#0"},
				"east": {"uv": [0.5, 4.625, 0.625, 4.75], "texture": "#0"},
				"south": {"uv": [0.875, 4.625, 1, 4.75], "texture": "#0"},
				"west": {"uv": [0.75, 4.625, 0.875, 4.75], "texture": "#0"},
				"up": {"uv": [0.75, 4.625, 0.625, 4.5], "texture": "#0"},
				"down": {"uv": [0.875, 4.5, 0.75, 4.625], "texture": "#0"}
			}
		},
		{
			"from": [9.25, 14.75, 15.5],
			"to": [9.75, 15.25, 17],
			"faces": {
				"north": {"uv": [0.125, 4.625, 0.25, 4.75], "texture": "#0"},
				"east": {"uv": [0, 4.625, 0.125, 4.75], "texture": "#0"},
				"south": {"uv": [0.375, 4.625, 0.5, 4.75], "texture": "#0"},
				"west": {"uv": [0.25, 4.625, 0.375, 4.75], "texture": "#0"},
				"up": {"uv": [0.25, 4.625, 0.125, 4.5], "texture": "#0"},
				"down": {"uv": [0.375, 4.5, 0.25, 4.625], "texture": "#0"}
			}
		},
		{
			"from": [4, 18, 15],
			"to": [12, 20, 17],
			"faces": {
				"north": {"uv": [3.75, 10.625, 4.75, 10.875], "texture": "#0"},
				"east": {"uv": [3.5, 10.625, 3.75, 10.875], "texture": "#0"},
				"south": {"uv": [5, 10.625, 6, 10.875], "texture": "#0"},
				"west": {"uv": [4.75, 10.625, 5, 10.875], "texture": "#0"},
				"up": {"uv": [4.75, 10.625, 3.75, 10.375], "texture": "#0"},
				"down": {"uv": [5.75, 10.375, 4.75, 10.625], "texture": "#0"}
			}
		},
		{
			"from": [0, 18, 0],
			"to": [16, 21, 16],
			"faces": {
				"north": {"uv": [2, 6.125, 4, 6.5], "texture": "#0"},
				"east": {"uv": [0, 6.125, 2, 6.5], "texture": "#0"},
				"south": {"uv": [6, 6.125, 8, 6.5], "texture": "#0"},
				"west": {"uv": [4, 6.125, 6, 6.5], "texture": "#0"},
				"up": {"uv": [4, 6.125, 2, 4.125], "texture": "#0"},
				"down": {"uv": [6, 4.125, 4, 6.125], "texture": "#0"}
			}
		},
		{
			"from": [-1, 14, 0],
			"to": [0, 20, 16],
			"faces": {
				"north": {"uv": [8.5, 2, 8.625, 2.75], "texture": "#0"},
				"east": {"uv": [6, 10.375, 8, 11.125], "texture": "#0"},
				"south": {"uv": [9.5, 2, 9.625, 2.75], "texture": "#0"},
				"west": {"uv": [8, 2, 10, 2.75], "texture": "#0"},
				"up": {"uv": [8.125, 10.375, 8, 8.375], "texture": "#0"},
				"down": {"uv": [8.25, 8.375, 8.125, 10.375], "texture": "#0"}
			}
		},
		{
			"from": [-1, 20, 2],
			"to": [0, 21, 14],
			"faces": {
				"north": {"uv": [3.25, 11.5, 3.375, 11.625], "texture": "#0"},
				"east": {"uv": [1.75, 11.5, 3.25, 11.625], "texture": "#0"},
				"south": {"uv": [4.875, 11.5, 5, 11.625], "texture": "#0"},
				"west": {"uv": [3.375, 11.5, 4.875, 11.625], "texture": "#0"},
				"up": {"uv": [3.375, 11.5, 3.25, 10], "texture": "#0"},
				"down": {"uv": [3.5, 10, 3.375, 11.5], "texture": "#0"}
			}
		},
		{
			"from": [16, 20, 2],
			"to": [17, 21, 14],
			"faces": {
				"north": {"uv": [1.5, 10.75, 1.625, 10.875], "texture": "#0"},
				"east": {"uv": [0, 10.75, 1.5, 10.875], "texture": "#0"},
				"south": {"uv": [3.125, 10.75, 3.25, 10.875], "texture": "#0"},
				"west": {"uv": [1.625, 10.75, 3.125, 10.875], "texture": "#0"},
				"up": {"uv": [1.625, 10.75, 1.5, 9.25], "texture": "#0"},
				"down": {"uv": [1.75, 9.25, 1.625, 10.75], "texture": "#0"}
			}
		},
		{
			"from": [2, 20, 16],
			"to": [14, 21, 17],
			"faces": {
				"north": {"uv": [10.625, 0.125, 12.125, 0.25], "texture": "#0"},
				"east": {"uv": [10.5, 0.125, 10.625, 0.25], "texture": "#0"},
				"south": {"uv": [12.25, 0.125, 13.75, 0.25], "texture": "#0"},
				"west": {"uv": [12.125, 0.125, 12.25, 0.25], "texture": "#0"},
				"up": {"uv": [12.125, 0.125, 10.625, 0], "texture": "#0"},
				"down": {"uv": [13.625, 0, 12.125, 0.125], "texture": "#0"}
			}
		},
		{
			"from": [2, 20, -1],
			"to": [14, 21, 0],
			"faces": {
				"north": {"uv": [10.375, 10.5, 11.875, 10.625], "texture": "#0"},
				"east": {"uv": [10.25, 10.5, 10.375, 10.625], "texture": "#0"},
				"south": {"uv": [12, 10.5, 13.5, 10.625], "texture": "#0"},
				"west": {"uv": [11.875, 10.5, 12, 10.625], "texture": "#0"},
				"up": {"uv": [11.875, 10.5, 10.375, 10.375], "texture": "#0"},
				"down": {"uv": [13.375, 10.375, 11.875, 10.5], "texture": "#0"}
			}
		},
		{
			"from": [16, 14, 0],
			"to": [17, 20, 16],
			"faces": {
				"north": {"uv": [10.25, 2, 10.375, 2.75], "texture": "#0"},
				"east": {"uv": [8.25, 2, 10.25, 2.75], "texture": "#0"},
				"south": {"uv": [12.375, 2, 12.5, 2.75], "texture": "#0"},
				"west": {"uv": [10.375, 2, 12.375, 2.75], "texture": "#0"},
				"up": {"uv": [10.375, 2, 10.25, 0], "texture": "#0"},
				"down": {"uv": [10.5, 0, 10.375, 2], "texture": "#0"}
			}
		},
		{
			"from": [0, 21, 1],
			"to": [16, 22, 15],
			"faces": {
				"north": {"uv": [7.75, 5.875, 9.75, 6], "texture": "#0"},
				"east": {"uv": [6, 5.875, 7.75, 6], "texture": "#0"},
				"south": {"uv": [11.5, 5.875, 13.5, 6], "texture": "#0"},
				"west": {"uv": [9.75, 5.875, 11.5, 6], "texture": "#0"},
				"up": {"uv": [9.75, 5.875, 7.75, 4.125], "texture": "#0"},
				"down": {"uv": [11.75, 4.125, 9.75, 5.875], "texture": "#0"}
			}
		},
		{
			"from": [1, 20, 1],
			"to": [15, 23, 15],
			"faces": {
				"north": {"uv": [8, 8, 9.75, 8.375], "texture": "#0"},
				"east": {"uv": [6.25, 8, 8, 8.375], "texture": "#0"},
				"south": {"uv": [11.5, 8, 13.25, 8.375], "texture": "#0"},
				"west": {"uv": [9.75, 8, 11.5, 8.375], "texture": "#0"},
				"up": {"uv": [9.75, 8, 8, 6.25], "texture": "#0"},
				"down": {"uv": [11.5, 6.25, 9.75, 8], "texture": "#0"}
			}
		},
		{
			"from": [3, 21, 3],
			"to": [13, 24, 13],
			"faces": {
				"north": {"uv": [9.5, 9.625, 10.75, 10], "texture": "#0"},
				"east": {"uv": [8.25, 9.625, 9.5, 10], "texture": "#0"},
				"south": {"uv": [12, 9.625, 13.25, 10], "texture": "#0"},
				"west": {"uv": [10.75, 9.625, 12, 10], "texture": "#0"},
				"up": {"uv": [10.75, 9.625, 9.5, 8.375], "texture": "#0"},
				"down": {"uv": [12, 8.375, 10.75, 9.625], "texture": "#0"}
			}
		},
		{
			"from": [1, 21, 15],
			"to": [15, 22, 16],
			"faces": {
				"north": {"uv": [8.375, 4, 10.125, 4.125], "texture": "#0"},
				"east": {"uv": [8.25, 4, 8.375, 4.125], "texture": "#0"},
				"south": {"uv": [10.25, 4, 12, 4.125], "texture": "#0"},
				"west": {"uv": [10.125, 4, 10.25, 4.125], "texture": "#0"},
				"up": {"uv": [10.125, 4, 8.375, 3.875], "texture": "#0"},
				"down": {"uv": [11.875, 3.875, 10.125, 4], "texture": "#0"}
			}
		},
		{
			"from": [1, 21, 0],
			"to": [15, 22, 1],
			"faces": {
				"north": {"uv": [8.125, 6.125, 9.875, 6.25], "texture": "#0"},
				"east": {"uv": [8, 6.125, 8.125, 6.25], "texture": "#0"},
				"south": {"uv": [10, 6.125, 11.75, 6.25], "texture": "#0"},
				"west": {"uv": [9.875, 6.125, 10, 6.25], "texture": "#0"},
				"up": {"uv": [9.875, 6.125, 8.125, 6], "texture": "#0"},
				"down": {"uv": [11.625, 6, 9.875, 6.125], "texture": "#0"}
			}
		},
		{
			"from": [1, 14, -7],
			"to": [15, 16, -6],
			"faces": {
				"north": {"uv": [3.625, 10.125, 5.375, 10.375], "texture": "#0"},
				"east": {"uv": [3.5, 10.125, 3.625, 10.375], "texture": "#0"},
				"south": {"uv": [5.5, 10.125, 7.25, 10.375], "texture": "#0"},
				"west": {"uv": [5.375, 10.125, 5.5, 10.375], "texture": "#0"},
				"up": {"uv": [5.375, 10.125, 3.625, 10], "texture": "#0"},
				"down": {"uv": [7.125, 10, 5.375, 10.125], "texture": "#0"}
			}
		},
		{
			"from": [2, 14, -8],
			"to": [14, 16, -7],
			"faces": {
				"north": {"uv": [8.375, 10.125, 9.875, 10.375], "texture": "#0"},
				"east": {"uv": [8.25, 10.125, 8.375, 10.375], "texture": "#0"},
				"south": {"uv": [10, 10.125, 11.5, 10.375], "texture": "#0"},
				"west": {"uv": [9.875, 10.125, 10, 10.375], "texture": "#0"},
				"up": {"uv": [9.875, 10.125, 8.375, 10], "texture": "#0"},
				"down": {"uv": [11.375, 10, 9.875, 10.125], "texture": "#0"}
			}
		},
		{
			"from": [0, 14, -6],
			"to": [16, 16, 1],
			"faces": {
				"north": {"uv": [9.125, 3.625, 11.125, 3.875], "texture": "#0"},
				"east": {"uv": [8.25, 3.625, 9.125, 3.875], "texture": "#0"},
				"south": {"uv": [12, 3.625, 14, 3.875], "texture": "#0"},
				"west": {"uv": [11.125, 3.625, 12, 3.875], "texture": "#0"},
				"up": {"uv": [11.125, 3.625, 9.125, 2.75], "texture": "#0"},
				"down": {"uv": [13.125, 2.75, 11.125, 3.625], "texture": "#0"}
			}
		},
		{
			"from": [4.75, 15.5, -1.25],
			"to": [10.75, 21.5, -1],
			"faces": {
				"north": {"uv": [0.125, 0.125, 4.125, 4.125], "texture": "#0"},
				"east": {"uv": [0, 0.125, 0.125, 4.125], "texture": "#0"},
				"south": {"uv": [4.25, 0.125, 8.25, 4.125], "texture": "#0"},
				"west": {"uv": [4.125, 0.125, 4.25, 4.125], "texture": "#0"},
				"up": {"uv": [4.125, 0.125, 0.125, 0], "texture": "#0"},
				"down": {"uv": [8.125, 0, 4.125, 0.125], "texture": "#0"}
			}
		}
	],
	"display": {
		"thirdperson_righthand": {
			"translation": [0, 3, 1],
			"scale": [0.55, 0.55, 0.55]
		},
		"firstperson_righthand": {
			"rotation": [0, -90, 25],
			"translation": [1.13, 3.2, 1.13],
			"scale": [0.68, 0.68, 0.68]
		},
		"ground": {
			"translation": [0, 2, 0],
			"scale": [0.5, 0.5, 0.5]
		},
		"gui": {
			"rotation": [21, -144, 0],
			"translation": [-0.75, -5.25, 0],
			"scale": [0.6, 0.6, 0.6]
		},
		"head": {
			"translation": [0, -3.75, 0],
			"scale": [0.91, 0.91, 0.91]
		}
	}
}