{
	"credit": "Made with Blockbench",
	"textures": {
		"0": "item/wearables/black",
		"particle": "item/wearables/black"
	},
	"elements": [
		{
			"from": [0, 0, 2],
			"to": [16, 16, 18],
			"faces": {
				"north": {"uv": [0.6875, 4.5625, 1.6875, 5.5625], "texture": "#0"},
				"east": {"uv": [0, 4.5625, 0.6875, 5.5625], "texture": "#0"},
				"south": {"uv": [2.375, 4.5625, 3.375, 5.5625], "texture": "#0"},
				"west": {"uv": [1.6875, 4.5625, 2.375, 5.5625], "texture": "#0"},
				"up": {"uv": [1.6875, 4.5625, 0.6875, 3.875], "texture": "#0"},
				"down": {"uv": [2.6875, 3.875, 1.6875, 4.5625], "texture": "#0"}
			}
		},
		{
			"from": [-1, 1, 1],
			"to": [1, 15, 17],
			"faces": {
				"north": {"uv": [6.0625, 6.625, 6.1875, 7.5], "texture": "#0"},
				"east": {"uv": [5.0625, 6.625, 6.0625, 7.5], "texture": "#0"},
				"south": {"uv": [7.1875, 6.625, 7.3125, 7.5], "texture": "#0"},
				"west": {"uv": [6.1875, 6.625, 7.1875, 7.5], "texture": "#0"},
				"up": {"uv": [6.1875, 6.625, 6.0625, 5.625], "texture": "#0"},
				"down": {"uv": [6.3125, 5.625, 6.1875, 6.625], "texture": "#0"}
			}
		},
		{
			"from": [15, 1, 1],
			"to": [17, 15, 17],
			"faces": {
				"north": {"uv": [1, 6.5625, 1.125, 7.4375], "texture": "#0"},
				"east": {"uv": [0, 6.5625, 1, 7.4375], "texture": "#0"},
				"south": {"uv": [2.125, 6.5625, 2.25, 7.4375], "texture": "#0"},
				"west": {"uv": [1.125, 6.5625, 2.125, 7.4375], "texture": "#0"},
				"up": {"uv": [1.125, 6.5625, 1, 5.5625], "texture": "#0"},
				"down": {"uv": [1.25, 5.5625, 1.125, 6.5625], "texture": "#0"}
			}
		},
		{
			"from": [-2, 3, 2],
			"to": [-1, 13, 15],
			"faces": {
				"north": {"uv": [3.5, 8.5, 3.5625, 9.125], "texture": "#0"},
				"east": {"uv": [2.6875, 8.5, 3.5, 9.125], "texture": "#0"},
				"south": {"uv": [4.375, 8.5, 4.4375, 9.125], "texture": "#0"},
				"west": {"uv": [3.5625, 8.5, 4.375, 9.125], "texture": "#0"},
				"up": {"uv": [3.5625, 8.5, 3.5, 7.6875], "texture": "#0"},
				"down": {"uv": [3.625, 7.6875, 3.5625, 8.5], "texture": "#0"}
			}
		},
		{
			"from": [17, 3, 2],
			"to": [18, 13, 15],
			"faces": {
				"north": {"uv": [8.375, 6.6875, 8.4375, 7.3125], "texture": "#0"},
				"east": {"uv": [7.5625, 6.6875, 8.375, 7.3125], "texture": "#0"},
				"south": {"uv": [9.25, 6.6875, 9.3125, 7.3125], "texture": "#0"},
				"west": {"uv": [8.4375, 6.6875, 9.25, 7.3125], "texture": "#0"},
				"up": {"uv": [8.4375, 6.6875, 8.375, 5.875], "texture": "#0"},
				"down": {"uv": [8.5, 5.875, 8.4375, 6.6875], "texture": "#0"}
			}
		},
		{
			"from": [1, 1, 1.5],
			"to": [15, 15, 17],
			"faces": {
				"north": {"uv": [0.9375, 2.875, 1.8125, 3.75], "texture": "#0"},
				"east": {"uv": [0, 2.875, 0.9375, 3.75], "texture": "#0"},
				"south": {"uv": [2.75, 2.875, 3.625, 3.75], "texture": "#0"},
				"west": {"uv": [1.8125, 2.875, 2.75, 3.75], "texture": "#0"},
				"up": {"uv": [1.8125, 2.875, 0.9375, 1.9375], "texture": "#0"},
				"down": {"uv": [2.6875, 1.9375, 1.8125, 2.875], "texture": "#0"}
			}
		},
		{
			"from": [1, 1, 2],
			"to": [15, 15, 19],
			"faces": {
				"north": {"uv": [1.0625, 1.0625, 1.9375, 1.9375], "texture": "#0"},
				"east": {"uv": [0, 1.0625, 1.0625, 1.9375], "texture": "#0"},
				"south": {"uv": [3, 1.0625, 3.875, 1.9375], "texture": "#0"},
				"west": {"uv": [1.9375, 1.0625, 3, 1.9375], "texture": "#0"},
				"up": {"uv": [1.9375, 1.0625, 1.0625, 0], "texture": "#0"},
				"down": {"uv": [2.8125, 0, 1.9375, 1.0625], "texture": "#0"}
			}
		},
		{
			"from": [1, 1, 2],
			"to": [15, 4, 17],
			"faces": {
				"north": {"uv": [3.375, 6.4375, 4.25, 6.625], "texture": "#0"},
				"east": {"uv": [2.4375, 6.4375, 3.375, 6.625], "texture": "#0"},
				"south": {"uv": [5.1875, 6.4375, 6.0625, 6.625], "texture": "#0"},
				"west": {"uv": [4.25, 6.4375, 5.1875, 6.625], "texture": "#0"},
				"up": {"uv": [4.25, 6.4375, 3.375, 5.5], "texture": "#0"},
				"down": {"uv": [5.125, 5.5, 4.25, 6.4375], "texture": "#0"}
			}
		},
		{
			"from": [1, 4, 2],
			"to": [4, 12, 17],
			"faces": {
				"north": {"uv": [6.5625, 3, 6.75, 3.5], "texture": "#0"},
				"east": {"uv": [5.625, 3, 6.5625, 3.5], "texture": "#0"},
				"south": {"uv": [7.6875, 3, 7.875, 3.5], "texture": "#0"},
				"west": {"uv": [6.75, 3, 7.6875, 3.5], "texture": "#0"},
				"up": {"uv": [6.75, 3, 6.5625, 2.0625], "texture": "#0"},
				"down": {"uv": [6.9375, 2.0625, 6.75, 3], "texture": "#0"}
			}
		},
		{
			"from": [12, 4, 2],
			"to": [15, 12, 17],
			"faces": {
				"north": {"uv": [6.5625, 0.9375, 6.75, 1.4375], "texture": "#0"},
				"east": {"uv": [5.625, 0.9375, 6.5625, 1.4375], "texture": "#0"},
				"south": {"uv": [7.6875, 0.9375, 7.875, 1.4375], "texture": "#0"},
				"west": {"uv": [6.75, 0.9375, 7.6875, 1.4375], "texture": "#0"},
				"up": {"uv": [6.75, 0.9375, 6.5625, 0], "texture": "#0"},
				"down": {"uv": [6.9375, 0, 6.75, 0.9375], "texture": "#0"}
			}
		},
		{
			"from": [11, 5.25, 0],
			"to": [12, 6.25, 16],
			"faces": {
				"north": {"uv": [1, 8.4375, 1.125, 8.5], "texture": "#0"},
				"east": {"uv": [0, 8.4375, 1, 8.5], "texture": "#0"},
				"south": {"uv": [2.125, 8.4375, 2.25, 8.5], "texture": "#0"},
				"west": {"uv": [1.125, 8.4375, 2.125, 8.5], "texture": "#0"},
				"up": {"uv": [1.125, 8.4375, 1, 7.4375], "texture": "#0"},
				"down": {"uv": [1.25, 7.4375, 1.125, 8.4375], "texture": "#0"}
			}
		},
		{
			"from": [4, 5.25, 0],
			"to": [5, 6.25, 16],
			"faces": {
				"north": {"uv": [4.5, 7.625, 4.625, 7.6875], "texture": "#0"},
				"east": {"uv": [3.5, 7.625, 4.5, 7.6875], "texture": "#0"},
				"south": {"uv": [5.625, 7.625, 5.75, 7.6875], "texture": "#0"},
				"west": {"uv": [4.625, 7.625, 5.625, 7.6875], "texture": "#0"},
				"up": {"uv": [4.625, 7.625, 4.5, 6.625], "texture": "#0"},
				"down": {"uv": [4.75, 6.625, 4.625, 7.625], "texture": "#0"}
			}
		},
		{
			"from": [9.75, 4, 0],
			"to": [10.75, 5, 16],
			"faces": {
				"north": {"uv": [8.5625, 5.75, 8.625, 5.875], "texture": "#0"},
				"east": {"uv": [7.5625, 5.75, 8.5625, 5.875], "texture": "#0"},
				"south": {"uv": [9.625, 5.75, 9.6875, 5.875], "texture": "#0"},
				"west": {"uv": [8.625, 5.75, 9.625, 5.875], "texture": "#0"},
				"up": {"uv": [8.625, 5.75, 8.5625, 4.75], "texture": "#0"},
				"down": {"uv": [8.6875, 4.75, 8.625, 5.75], "texture": "#0"}
			}
		},
		{
			"from": [9.75, 11, 0],
			"to": [10.75, 12, 16],
			"faces": {
				"north": {"uv": [5.75, 8.5, 5.8125, 8.625], "texture": "#0"},
				"east": {"uv": [4.75, 8.5, 5.75, 8.625], "texture": "#0"},
				"south": {"uv": [6.8125, 8.5, 6.875, 8.625], "texture": "#0"},
				"west": {"uv": [5.8125, 8.5, 6.8125, 8.625], "texture": "#0"},
				"up": {"uv": [5.8125, 8.5, 5.75, 7.5], "texture": "#0"},
				"down": {"uv": [5.875, 7.5, 5.8125, 8.5], "texture": "#0"}
			}
		},
		{
			"from": [7.5, 3, 0],
			"to": [8.5, 4, 16],
			"faces": {
				"north": {"uv": [7.3125, 7.5, 7.4375, 7.625], "texture": "#0"},
				"east": {"uv": [6.3125, 7.5, 7.3125, 7.625], "texture": "#0"},
				"south": {"uv": [8.4375, 7.5, 8.5625, 7.625], "texture": "#0"},
				"west": {"uv": [7.4375, 7.5, 8.4375, 7.625], "texture": "#0"},
				"up": {"uv": [7.4375, 7.5, 7.3125, 6.5], "texture": "#0"},
				"down": {"uv": [7.5625, 6.5, 7.4375, 7.5], "texture": "#0"}
			}
		},
		{
			"from": [7.5, 12, 0],
			"to": [8.5, 13, 16],
			"faces": {
				"north": {"uv": [6.625, 4.5, 6.75, 4.625], "texture": "#0"},
				"east": {"uv": [5.625, 4.5, 6.625, 4.625], "texture": "#0"},
				"south": {"uv": [7.75, 4.5, 7.875, 4.625], "texture": "#0"},
				"west": {"uv": [6.75, 4.5, 7.75, 4.625], "texture": "#0"},
				"up": {"uv": [6.75, 4.5, 6.625, 3.5], "texture": "#0"},
				"down": {"uv": [6.875, 3.5, 6.75, 4.5], "texture": "#0"}
			}
		},
		{
			"from": [5.25, 4, 0],
			"to": [6.25, 5, 16],
			"faces": {
				"north": {"uv": [8.5625, 4.625, 8.625, 4.75], "texture": "#0"},
				"east": {"uv": [7.5625, 4.625, 8.5625, 4.75], "texture": "#0"},
				"south": {"uv": [9.625, 4.625, 9.6875, 4.75], "texture": "#0"},
				"west": {"uv": [8.625, 4.625, 9.625, 4.75], "texture": "#0"},
				"up": {"uv": [8.625, 4.625, 8.5625, 3.625], "texture": "#0"},
				"down": {"uv": [8.6875, 3.625, 8.625, 4.625], "texture": "#0"}
			}
		},
		{
			"from": [5.25, 11, 0],
			"to": [6.25, 12, 16],
			"faces": {
				"north": {"uv": [8.5625, 8.5625, 8.625, 8.6875], "texture": "#0"},
				"east": {"uv": [7.5625, 8.5625, 8.5625, 8.6875], "texture": "#0"},
				"south": {"uv": [9.625, 8.5625, 9.6875, 8.6875], "texture": "#0"},
				"west": {"uv": [8.625, 8.5625, 9.625, 8.6875], "texture": "#0"},
				"up": {"uv": [8.625, 8.5625, 8.5625, 7.5625], "texture": "#0"},
				"down": {"uv": [8.6875, 7.5625, 8.625, 8.5625], "texture": "#0"}
			}
		},
		{
			"from": [12, 7.5, 0],
			"to": [13, 8.5, 16],
			"faces": {
				"north": {"uv": [2.25, 7.625, 2.375, 7.75], "texture": "#0"},
				"east": {"uv": [1.25, 7.625, 2.25, 7.75], "texture": "#0"},
				"south": {"uv": [3.375, 7.625, 3.5, 7.75], "texture": "#0"},
				"west": {"uv": [2.375, 7.625, 3.375, 7.75], "texture": "#0"},
				"up": {"uv": [2.375, 7.625, 2.25, 6.625], "texture": "#0"},
				"down": {"uv": [2.5, 6.625, 2.375, 7.625], "texture": "#0"}
			}
		},
		{
			"from": [3, 7.5, 0],
			"to": [4, 8.5, 16],
			"faces": {
				"north": {"uv": [7.3125, 5.625, 7.4375, 5.75], "texture": "#0"},
				"east": {"uv": [6.3125, 5.625, 7.3125, 5.75], "texture": "#0"},
				"south": {"uv": [8.4375, 5.625, 8.5625, 5.75], "texture": "#0"},
				"west": {"uv": [7.4375, 5.625, 8.4375, 5.75], "texture": "#0"},
				"up": {"uv": [7.4375, 5.625, 7.3125, 4.625], "texture": "#0"},
				"down": {"uv": [7.5625, 4.625, 7.4375, 5.625], "texture": "#0"}
			}
		},
		{
			"from": [11, 9.75, 0],
			"to": [12, 10.75, 16],
			"faces": {
				"north": {"uv": [7.875, 3.5, 8, 3.5625], "texture": "#0"},
				"east": {"uv": [6.875, 3.5, 7.875, 3.5625], "texture": "#0"},
				"south": {"uv": [9, 3.5, 9.125, 3.5625], "texture": "#0"},
				"west": {"uv": [8, 3.5, 9, 3.5625], "texture": "#0"},
				"up": {"uv": [8, 3.5, 7.875, 2.5], "texture": "#0"},
				"down": {"uv": [8.125, 2.5, 8, 3.5], "texture": "#0"}
			}
		},
		{
			"from": [4, 9.75, 0],
			"to": [5, 10.75, 16],
			"faces": {
				"north": {"uv": [7.875, 1.4375, 8, 1.5], "texture": "#0"},
				"east": {"uv": [6.875, 1.4375, 7.875, 1.5], "texture": "#0"},
				"south": {"uv": [9, 1.4375, 9.125, 1.5], "texture": "#0"},
				"west": {"uv": [8, 1.4375, 9, 1.5], "texture": "#0"},
				"up": {"uv": [8, 1.4375, 7.875, 0.4375], "texture": "#0"},
				"down": {"uv": [8.125, 0.4375, 8, 1.4375], "texture": "#0"}
			}
		},
		{
			"from": [3, 3, 4],
			"to": [13, 13, 20],
			"faces": {
				"north": {"uv": [4.375, 4.875, 5, 5.5], "texture": "#0"},
				"east": {"uv": [3.375, 4.875, 4.375, 5.5], "texture": "#0"},
				"south": {"uv": [6, 4.875, 6.625, 5.5], "texture": "#0"},
				"west": {"uv": [5, 4.875, 6, 5.5], "texture": "#0"},
				"up": {"uv": [5, 4.875, 4.375, 3.875], "texture": "#0"},
				"down": {"uv": [5.625, 3.875, 5, 4.875], "texture": "#0"}
			}
		},
		{
			"from": [1, 15, 1],
			"to": [15, 17, 17],
			"faces": {
				"north": {"uv": [3.875, 1.9375, 4.75, 2.0625], "texture": "#0"},
				"east": {"uv": [2.875, 1.9375, 3.875, 2.0625], "texture": "#0"},
				"south": {"uv": [5.75, 1.9375, 6.625, 2.0625], "texture": "#0"},
				"west": {"uv": [4.75, 1.9375, 5.75, 2.0625], "texture": "#0"},
				"up": {"uv": [4.75, 1.9375, 3.875, 0.9375], "texture": "#0"},
				"down": {"uv": [5.625, 0.9375, 4.75, 1.9375], "texture": "#0"}
			}
		},
		{
			"from": [0, -1, 1],
			"to": [16, 1, 17],
			"faces": {
				"north": {"uv": [3.625, 3.75, 4.625, 3.875], "texture": "#0"},
				"east": {"uv": [2.625, 3.75, 3.625, 3.875], "texture": "#0"},
				"south": {"uv": [5.625, 3.75, 6.625, 3.875], "texture": "#0"},
				"west": {"uv": [4.625, 3.75, 5.625, 3.875], "texture": "#0"},
				"up": {"uv": [4.625, 3.75, 3.625, 2.75], "texture": "#0"},
				"down": {"uv": [5.625, 2.75, 4.625, 3.75], "texture": "#0"}
			}
		},
		{
			"from": [3, 17, 1.25],
			"to": [13, 18, 15],
			"faces": {
				"north": {"uv": [3.625, 0.8125, 4.25, 0.875], "texture": "#0"},
				"east": {"uv": [2.8125, 0.8125, 3.625, 0.875], "texture": "#0"},
				"south": {"uv": [5.0625, 0.8125, 5.6875, 0.875], "texture": "#0"},
				"west": {"uv": [4.25, 0.8125, 5.0625, 0.875], "texture": "#0"},
				"up": {"uv": [4.25, 0.8125, 3.625, 0], "texture": "#0"},
				"down": {"uv": [4.875, 0, 4.25, 0.8125], "texture": "#0"}
			}
		},
		{
			"from": [5, 22.90409, -6.27333],
			"to": [11, 23.90409, -3.27333],
			"rotation": {"angle": 22.5, "axis": "x", "origin": [7.98909, 24.86914, -3.01718]},
			"faces": {
				"north": {"uv": [5.8125, 1.625, 6.1875, 1.6875], "texture": "#0"},
				"east": {"uv": [5.625, 1.625, 5.8125, 1.6875], "texture": "#0"},
				"south": {"uv": [6.375, 1.625, 6.75, 1.6875], "texture": "#0"},
				"west": {"uv": [6.1875, 1.625, 6.375, 1.6875], "texture": "#0"},
				"up": {"uv": [6.1875, 1.625, 5.8125, 1.4375], "texture": "#0"},
				"down": {"uv": [6.5625, 1.4375, 6.1875, 1.625], "texture": "#0"}
			}
		},
		{
			"from": [6, 22.40409, -8.27333],
			"to": [10, 23.90409, -6.27333],
			"rotation": {"angle": 22.5, "axis": "x", "origin": [7.98909, 24.86914, -3.01718]},
			"faces": {
				"north": {"uv": [2.9375, 0.6875, 3.1875, 0.75], "texture": "#0"},
				"east": {"uv": [2.8125, 0.6875, 2.9375, 0.75], "texture": "#0"},
				"south": {"uv": [3.3125, 0.6875, 3.5625, 0.75], "texture": "#0"},
				"west": {"uv": [3.1875, 0.6875, 3.3125, 0.75], "texture": "#0"},
				"up": {"uv": [3.1875, 0.6875, 2.9375, 0.5625], "texture": "#0"},
				"down": {"uv": [3.4375, 0.5625, 3.1875, 0.6875], "texture": "#0"}
			}
		},
		{
			"from": [7, 22.40409, -9.27333],
			"to": [9, 23.90409, -8.27333],
			"rotation": {"angle": 22.5, "axis": "x", "origin": [7.98909, 24.86914, -3.01718]},
			"faces": {
				"north": {"uv": [4.0625, 4.8125, 4.1875, 4.875], "texture": "#0"},
				"east": {"uv": [4, 4.8125, 4.0625, 4.875], "texture": "#0"},
				"south": {"uv": [4.25, 4.8125, 4.375, 4.875], "texture": "#0"},
				"west": {"uv": [4.1875, 4.8125, 4.25, 4.875], "texture": "#0"},
				"up": {"uv": [4.1875, 4.8125, 4.0625, 4.75], "texture": "#0"},
				"down": {"uv": [4.3125, 4.75, 4.1875, 4.8125], "texture": "#0"}
			}
		},
		{
			"from": [4, 21.02887, -3.46713],
			"to": [12, 25.02887, -2.46713],
			"rotation": {"angle": -45, "axis": "x", "origin": [7.99098, 23.02273, -2.24858]},
			"faces": {
				"north": {"uv": [4.9375, 0.5625, 5.4375, 0.8125], "texture": "#0"},
				"east": {"uv": [4.875, 0.5625, 4.9375, 0.8125], "texture": "#0"},
				"south": {"uv": [5.5, 0.5625, 6, 0.8125], "texture": "#0"},
				"west": {"uv": [5.4375, 0.5625, 5.5, 0.8125], "texture": "#0"},
				"up": {"uv": [5.4375, 0.5625, 4.9375, 0.5], "texture": "#0"},
				"down": {"uv": [5.9375, 0.5, 5.4375, 0.5625], "texture": "#0"}
			}
		},
		{
			"from": [3, 16.75, 3.9],
			"to": [13, 23.75, 4.9],
			"rotation": {"angle": -22.5, "axis": "x", "origin": [8, 7.75, 7.9]},
			"faces": {
				"north": {"uv": [1.3125, 5.625, 1.9375, 6.0625], "texture": "#0"},
				"east": {"uv": [1.25, 5.625, 1.3125, 6.0625], "texture": "#0"},
				"south": {"uv": [2, 5.625, 2.625, 6.0625], "texture": "#0"},
				"west": {"uv": [1.9375, 5.625, 2, 6.0625], "texture": "#0"},
				"up": {"uv": [1.9375, 5.625, 1.3125, 5.5625], "texture": "#0"},
				"down": {"uv": [2.5625, 5.5625, 1.9375, 5.625], "texture": "#0"}
			}
		},
		{
			"from": [12, 17.75, 2.9],
			"to": [13, 23.75, 3.9],
			"rotation": {"angle": -22.5, "axis": "x", "origin": [8, 7.75, 7.9]},
			"faces": {
				"north": {"uv": [2.8125, 6.6875, 2.875, 7.0625], "texture": "#0"},
				"east": {"uv": [2.75, 6.6875, 2.8125, 7.0625], "texture": "#0"},
				"south": {"uv": [2.9375, 6.6875, 3, 7.0625], "texture": "#0"},
				"west": {"uv": [2.875, 6.6875, 2.9375, 7.0625], "texture": "#0"},
				"up": {"uv": [2.875, 6.6875, 2.8125, 6.625], "texture": "#0"},
				"down": {"uv": [2.9375, 6.625, 2.875, 6.6875], "texture": "#0"}
			}
		},
		{
			"from": [11, 21.02887, -4.46713],
			"to": [12, 25.02887, -3.46713],
			"rotation": {"angle": -45, "axis": "x", "origin": [7.99098, 23.02273, -2.24858]},
			"faces": {
				"north": {"uv": [6.8125, 6.25, 6.875, 6.5], "texture": "#0"},
				"east": {"uv": [6.75, 6.25, 6.8125, 6.5], "texture": "#0"},
				"south": {"uv": [6.9375, 6.25, 7, 6.5], "texture": "#0"},
				"west": {"uv": [6.875, 6.25, 6.9375, 6.5], "texture": "#0"},
				"up": {"uv": [6.875, 6.25, 6.8125, 6.1875], "texture": "#0"},
				"down": {"uv": [6.9375, 6.1875, 6.875, 6.25], "texture": "#0"}
			}
		},
		{
			"from": [6, 21.90409, -6.27333],
			"to": [10, 22.90409, -5.27333],
			"rotation": {"angle": 22.5, "axis": "x", "origin": [7.98909, 24.86914, -3.01718]},
			"faces": {
				"north": {"uv": [6.1875, 1.875, 6.4375, 1.9375], "texture": "#0"},
				"east": {"uv": [6.125, 1.875, 6.1875, 1.9375], "texture": "#0"},
				"south": {"uv": [6.5, 1.875, 6.75, 1.9375], "texture": "#0"},
				"west": {"uv": [6.4375, 1.875, 6.5, 1.9375], "texture": "#0"},
				"up": {"uv": [6.4375, 1.875, 6.1875, 1.8125], "texture": "#0"},
				"down": {"uv": [6.6875, 1.8125, 6.4375, 1.875], "texture": "#0"}
			}
		},
		{
			"from": [11, 21.75, 1.9],
			"to": [12, 22.75, 4.7],
			"rotation": {"angle": -22.5, "axis": "x", "origin": [8, 7.75, 7.9]},
			"faces": {
				"north": {"uv": [6.3125, 4.8125, 6.375, 4.875], "texture": "#0"},
				"east": {"uv": [6.125, 4.8125, 6.3125, 4.875], "texture": "#0"},
				"south": {"uv": [6.5625, 4.8125, 6.625, 4.875], "texture": "#0"},
				"west": {"uv": [6.375, 4.8125, 6.5625, 4.875], "texture": "#0"},
				"up": {"uv": [6.375, 4.8125, 6.3125, 4.625], "texture": "#0"},
				"down": {"uv": [6.4375, 4.625, 6.375, 4.8125], "texture": "#0"}
			}
		},
		{
			"from": [11, 19.75, 1.9],
			"to": [12, 20.75, 4.7],
			"rotation": {"angle": -22.5, "axis": "x", "origin": [8, 7.75, 7.9]},
			"faces": {
				"north": {"uv": [0.1875, 6.5, 0.25, 6.5625], "texture": "#0"},
				"east": {"uv": [0, 6.5, 0.1875, 6.5625], "texture": "#0"},
				"south": {"uv": [0.4375, 6.5, 0.5, 6.5625], "texture": "#0"},
				"west": {"uv": [0.25, 6.5, 0.4375, 6.5625], "texture": "#0"},
				"up": {"uv": [0.25, 6.5, 0.1875, 6.3125], "texture": "#0"},
				"down": {"uv": [0.3125, 6.3125, 0.25, 6.5], "texture": "#0"}
			}
		},
		{
			"from": [11, 17.75, 1.9],
			"to": [12, 18.75, 4.7],
			"rotation": {"angle": -22.5, "axis": "x", "origin": [8, 7.75, 7.9]},
			"faces": {
				"north": {"uv": [0.6875, 6.5, 0.75, 6.5625], "texture": "#0"},
				"east": {"uv": [0.5, 6.5, 0.6875, 6.5625], "texture": "#0"},
				"south": {"uv": [0.9375, 6.5, 1, 6.5625], "texture": "#0"},
				"west": {"uv": [0.75, 6.5, 0.9375, 6.5625], "texture": "#0"},
				"up": {"uv": [0.75, 6.5, 0.6875, 6.3125], "texture": "#0"},
				"down": {"uv": [0.8125, 6.3125, 0.75, 6.5], "texture": "#0"}
			}
		},
		{
			"from": [4, 17.75, 1.9],
			"to": [5, 18.75, 4.7],
			"rotation": {"angle": -22.5, "axis": "x", "origin": [8, 7.75, 7.9]},
			"faces": {
				"north": {"uv": [1.4375, 6.5, 1.5, 6.5625], "texture": "#0"},
				"east": {"uv": [1.25, 6.5, 1.4375, 6.5625], "texture": "#0"},
				"south": {"uv": [1.6875, 6.5, 1.75, 6.5625], "texture": "#0"},
				"west": {"uv": [1.5, 6.5, 1.6875, 6.5625], "texture": "#0"},
				"up": {"uv": [1.5, 6.5, 1.4375, 6.3125], "texture": "#0"},
				"down": {"uv": [1.5625, 6.3125, 1.5, 6.5], "texture": "#0"}
			}
		},
		{
			"from": [4, 19.75, 1.9],
			"to": [5, 20.75, 4.7],
			"rotation": {"angle": -22.5, "axis": "x", "origin": [8, 7.75, 7.9]},
			"faces": {
				"north": {"uv": [1.9375, 6.5, 2, 6.5625], "texture": "#0"},
				"east": {"uv": [1.75, 6.5, 1.9375, 6.5625], "texture": "#0"},
				"south": {"uv": [2.1875, 6.5, 2.25, 6.5625], "texture": "#0"},
				"west": {"uv": [2, 6.5, 2.1875, 6.5625], "texture": "#0"},
				"up": {"uv": [2, 6.5, 1.9375, 6.3125], "texture": "#0"},
				"down": {"uv": [2.0625, 6.3125, 2, 6.5], "texture": "#0"}
			}
		},
		{
			"from": [4, 21.75, 1.9],
			"to": [5, 22.75, 4.7],
			"rotation": {"angle": -22.5, "axis": "x", "origin": [8, 7.75, 7.9]},
			"faces": {
				"north": {"uv": [6.5, 6.5, 6.5625, 6.5625], "texture": "#0"},
				"east": {"uv": [6.3125, 6.5, 6.5, 6.5625], "texture": "#0"},
				"south": {"uv": [6.75, 6.5, 6.8125, 6.5625], "texture": "#0"},
				"west": {"uv": [6.5625, 6.5, 6.75, 6.5625], "texture": "#0"},
				"up": {"uv": [6.5625, 6.5, 6.5, 6.3125], "texture": "#0"},
				"down": {"uv": [6.625, 6.3125, 6.5625, 6.5], "texture": "#0"}
			}
		},
		{
			"from": [5, 21.02887, -5.46713],
			"to": [6, 22.02887, -3.46713],
			"rotation": {"angle": -45, "axis": "x", "origin": [7.99098, 23.02273, -2.24858]},
			"faces": {
				"north": {"uv": [6.75, 5.125, 6.8125, 5.1875], "texture": "#0"},
				"east": {"uv": [6.625, 5.125, 6.75, 5.1875], "texture": "#0"},
				"south": {"uv": [6.9375, 5.125, 7, 5.1875], "texture": "#0"},
				"west": {"uv": [6.8125, 5.125, 6.9375, 5.1875], "texture": "#0"},
				"up": {"uv": [6.8125, 5.125, 6.75, 5], "texture": "#0"},
				"down": {"uv": [6.875, 5, 6.8125, 5.125], "texture": "#0"}
			}
		},
		{
			"from": [5, 23.02887, -5.46713],
			"to": [6, 24.02887, -3.46713],
			"rotation": {"angle": -45, "axis": "x", "origin": [7.99098, 23.02273, -2.24858]},
			"faces": {
				"north": {"uv": [6.75, 5.3125, 6.8125, 5.375], "texture": "#0"},
				"east": {"uv": [6.625, 5.3125, 6.75, 5.375], "texture": "#0"},
				"south": {"uv": [6.9375, 5.3125, 7, 5.375], "texture": "#0"},
				"west": {"uv": [6.8125, 5.3125, 6.9375, 5.375], "texture": "#0"},
				"up": {"uv": [6.8125, 5.3125, 6.75, 5.1875], "texture": "#0"},
				"down": {"uv": [6.875, 5.1875, 6.8125, 5.3125], "texture": "#0"}
			}
		},
		{
			"from": [9, 20.90409, -5.27333],
			"to": [10, 22.90409, -4.27333],
			"rotation": {"angle": 22.5, "axis": "x", "origin": [7.98909, 24.86914, -3.01718]},
			"faces": {
				"north": {"uv": [4.0625, 6.875, 4.125, 7], "texture": "#0"},
				"east": {"uv": [4, 6.875, 4.0625, 7], "texture": "#0"},
				"south": {"uv": [4.1875, 6.875, 4.25, 7], "texture": "#0"},
				"west": {"uv": [4.125, 6.875, 4.1875, 7], "texture": "#0"},
				"up": {"uv": [4.125, 6.875, 4.0625, 6.8125], "texture": "#0"},
				"down": {"uv": [4.1875, 6.8125, 4.125, 6.875], "texture": "#0"}
			}
		},
		{
			"from": [4, 21.02887, -4.46713],
			"to": [5, 25.02887, -3.46713],
			"rotation": {"angle": -45, "axis": "x", "origin": [7.99098, 23.02273, -2.24858]},
			"faces": {
				"north": {"uv": [3.3125, 6.875, 3.375, 7.125], "texture": "#0"},
				"east": {"uv": [3.25, 6.875, 3.3125, 7.125], "texture": "#0"},
				"south": {"uv": [3.4375, 6.875, 3.5, 7.125], "texture": "#0"},
				"west": {"uv": [3.375, 6.875, 3.4375, 7.125], "texture": "#0"},
				"up": {"uv": [3.375, 6.875, 3.3125, 6.8125], "texture": "#0"},
				"down": {"uv": [3.4375, 6.8125, 3.375, 6.875], "texture": "#0"}
			}
		},
		{
			"from": [3, 17.75, 2.9],
			"to": [4, 23.75, 3.9],
			"rotation": {"angle": -22.5, "axis": "x", "origin": [8, 7.75, 7.9]},
			"faces": {
				"north": {"uv": [2.5625, 6.6875, 2.625, 7.0625], "texture": "#0"},
				"east": {"uv": [2.5, 6.6875, 2.5625, 7.0625], "texture": "#0"},
				"south": {"uv": [2.6875, 6.6875, 2.75, 7.0625], "texture": "#0"},
				"west": {"uv": [2.625, 6.6875, 2.6875, 7.0625], "texture": "#0"},
				"up": {"uv": [2.625, 6.6875, 2.5625, 6.625], "texture": "#0"},
				"down": {"uv": [2.6875, 6.625, 2.625, 6.6875], "texture": "#0"}
			}
		},
		{
			"from": [6, 20.90409, -5.27333],
			"to": [7, 22.90409, -4.27333],
			"rotation": {"angle": 22.5, "axis": "x", "origin": [7.98909, 24.86914, -3.01718]},
			"faces": {
				"north": {"uv": [4.3125, 6.875, 4.375, 7], "texture": "#0"},
				"east": {"uv": [4.25, 6.875, 4.3125, 7], "texture": "#0"},
				"south": {"uv": [4.4375, 6.875, 4.5, 7], "texture": "#0"},
				"west": {"uv": [4.375, 6.875, 4.4375, 7], "texture": "#0"},
				"up": {"uv": [4.375, 6.875, 4.3125, 6.8125], "texture": "#0"},
				"down": {"uv": [4.4375, 6.8125, 4.375, 6.875], "texture": "#0"}
			}
		},
		{
			"from": [10, 23.02887, -5.46713],
			"to": [11, 24.02887, -3.46713],
			"rotation": {"angle": -45, "axis": "x", "origin": [7.99098, 23.02273, -2.24858]},
			"faces": {
				"north": {"uv": [6.75, 1.9375, 6.8125, 2], "texture": "#0"},
				"east": {"uv": [6.625, 1.9375, 6.75, 2], "texture": "#0"},
				"south": {"uv": [6.9375, 1.9375, 7, 2], "texture": "#0"},
				"west": {"uv": [6.8125, 1.9375, 6.9375, 2], "texture": "#0"},
				"up": {"uv": [6.8125, 1.9375, 6.75, 1.8125], "texture": "#0"},
				"down": {"uv": [6.875, 1.8125, 6.8125, 1.9375], "texture": "#0"}
			}
		},
		{
			"from": [10, 21.02887, -5.46713],
			"to": [11, 22.02887, -3.46713],
			"rotation": {"angle": -45, "axis": "x", "origin": [7.99098, 23.02273, -2.24858]},
			"faces": {
				"north": {"uv": [6.75, 4.9375, 6.8125, 5], "texture": "#0"},
				"east": {"uv": [6.625, 4.9375, 6.75, 5], "texture": "#0"},
				"south": {"uv": [6.9375, 4.9375, 7, 5], "texture": "#0"},
				"west": {"uv": [6.8125, 4.9375, 6.9375, 5], "texture": "#0"},
				"up": {"uv": [6.8125, 4.9375, 6.75, 4.8125], "texture": "#0"},
				"down": {"uv": [6.875, 4.8125, 6.8125, 4.9375], "texture": "#0"}
			}
		},
		{
			"from": [5, 21.90409, -6.27333],
			"to": [6, 22.90409, -3.27333],
			"rotation": {"angle": 22.5, "axis": "x", "origin": [7.98909, 24.86914, -3.01718]},
			"faces": {
				"north": {"uv": [6.5, 5.9375, 6.5625, 6], "texture": "#0"},
				"east": {"uv": [6.3125, 5.9375, 6.5, 6], "texture": "#0"},
				"south": {"uv": [6.75, 5.9375, 6.8125, 6], "texture": "#0"},
				"west": {"uv": [6.5625, 5.9375, 6.75, 6], "texture": "#0"},
				"up": {"uv": [6.5625, 5.9375, 6.5, 5.75], "texture": "#0"},
				"down": {"uv": [6.625, 5.75, 6.5625, 5.9375], "texture": "#0"}
			}
		},
		{
			"from": [10, 21.90409, -6.27333],
			"to": [11, 22.90409, -3.27333],
			"rotation": {"angle": 22.5, "axis": "x", "origin": [7.98909, 24.86914, -3.01718]},
			"faces": {
				"north": {"uv": [6.5, 6.1875, 6.5625, 6.25], "texture": "#0"},
				"east": {"uv": [6.3125, 6.1875, 6.5, 6.25], "texture": "#0"},
				"south": {"uv": [6.75, 6.1875, 6.8125, 6.25], "texture": "#0"},
				"west": {"uv": [6.5625, 6.1875, 6.75, 6.25], "texture": "#0"},
				"up": {"uv": [6.5625, 6.1875, 6.5, 6], "texture": "#0"},
				"down": {"uv": [6.625, 6, 6.5625, 6.1875], "texture": "#0"}
			}
		},
		{
			"from": [-9.04585, 7.86995, -6.17333],
			"to": [-8.04585, 13.86995, -3.17333],
			"rotation": {"angle": 22.5, "axis": "y", "origin": [-10.01091, 10.88086, -2.91718]},
			"faces": {
				"north": {"uv": [4.0625, 4.375, 4.125, 4.75], "texture": "#0"},
				"east": {"uv": [3.875, 4.375, 4.0625, 4.75], "texture": "#0"},
				"south": {"uv": [4.3125, 4.375, 4.375, 4.75], "texture": "#0"},
				"west": {"uv": [4.125, 4.375, 4.3125, 4.75], "texture": "#0"},
				"up": {"uv": [4.125, 4.375, 4.0625, 4.1875], "texture": "#0"},
				"down": {"uv": [4.1875, 4.1875, 4.125, 4.375], "texture": "#0"}
			}
		},
		{
			"from": [-10.17064, 6.86995, -3.36713],
			"to": [-6.17064, 14.86995, -2.36713],
			"rotation": {"angle": -45, "axis": "y", "origin": [-8.16449, 10.87897, -2.14858]},
			"faces": {
				"north": {"uv": [2.875, 0.0625, 3.125, 0.5625], "texture": "#0"},
				"east": {"uv": [2.8125, 0.0625, 2.875, 0.5625], "texture": "#0"},
				"south": {"uv": [3.1875, 0.0625, 3.4375, 0.5625], "texture": "#0"},
				"west": {"uv": [3.125, 0.0625, 3.1875, 0.5625], "texture": "#0"},
				"up": {"uv": [3.125, 0.0625, 2.875, 0], "texture": "#0"},
				"down": {"uv": [3.375, 0, 3.125, 0.0625], "texture": "#0"}
			}
		},
		{
			"from": [-8.89177, 5.86995, 4],
			"to": [-1.89177, 15.86995, 5],
			"rotation": {"angle": -22.5, "axis": "y", "origin": [7.10823, 10.86995, 8]},
			"faces": {
				"north": {"uv": [5.375, 2.125, 5.8125, 2.75], "texture": "#0"},
				"east": {"uv": [5.3125, 2.125, 5.375, 2.75], "texture": "#0"},
				"south": {"uv": [5.875, 2.125, 6.3125, 2.75], "texture": "#0"},
				"west": {"uv": [5.8125, 2.125, 5.875, 2.75], "texture": "#0"},
				"up": {"uv": [5.8125, 2.125, 5.375, 2.0625], "texture": "#0"},
				"down": {"uv": [6.25, 2.0625, 5.8125, 2.125], "texture": "#0"}
			}
		},
		{
			"from": [-8.89177, 5.86995, 3],
			"to": [-2.89177, 6.86995, 4],
			"rotation": {"angle": -22.5, "axis": "y", "origin": [7.10823, 10.86995, 8]},
			"faces": {
				"north": {"uv": [2.875, 0.9375, 3.25, 1], "texture": "#0"},
				"east": {"uv": [2.8125, 0.9375, 2.875, 1], "texture": "#0"},
				"south": {"uv": [3.3125, 0.9375, 3.6875, 1], "texture": "#0"},
				"west": {"uv": [3.25, 0.9375, 3.3125, 1], "texture": "#0"},
				"up": {"uv": [3.25, 0.9375, 2.875, 0.875], "texture": "#0"},
				"down": {"uv": [3.625, 0.875, 3.25, 0.9375], "texture": "#0"}
			}
		},
		{
			"from": [-10.17064, 6.86995, -4.36713],
			"to": [-6.17064, 7.86995, -3.36713],
			"rotation": {"angle": -45, "axis": "y", "origin": [-8.16449, 10.87897, -2.14858]},
			"faces": {
				"north": {"uv": [6, 2.8125, 6.25, 2.875], "texture": "#0"},
				"east": {"uv": [5.9375, 2.8125, 6, 2.875], "texture": "#0"},
				"south": {"uv": [6.3125, 2.8125, 6.5625, 2.875], "texture": "#0"},
				"west": {"uv": [6.25, 2.8125, 6.3125, 2.875], "texture": "#0"},
				"up": {"uv": [6.25, 2.8125, 6, 2.75], "texture": "#0"},
				"down": {"uv": [6.5, 2.75, 6.25, 2.8125], "texture": "#0"}
			}
		},
		{
			"from": [-8.04585, 8.86995, -6.17333],
			"to": [-7.04585, 12.86995, -5.17333],
			"rotation": {"angle": 22.5, "axis": "y", "origin": [-10.01091, 10.88086, -2.91718]},
			"faces": {
				"north": {"uv": [4.8125, 6.6875, 4.875, 6.9375], "texture": "#0"},
				"east": {"uv": [4.75, 6.6875, 4.8125, 6.9375], "texture": "#0"},
				"south": {"uv": [4.9375, 6.6875, 5, 6.9375], "texture": "#0"},
				"west": {"uv": [4.875, 6.6875, 4.9375, 6.9375], "texture": "#0"},
				"up": {"uv": [4.875, 6.6875, 4.8125, 6.625], "texture": "#0"},
				"down": {"uv": [4.9375, 6.625, 4.875, 6.6875], "texture": "#0"}
			}
		},
		{
			"from": [-7.89177, 6.86995, 2],
			"to": [-6.89177, 7.86995, 4.8],
			"rotation": {"angle": -22.5, "axis": "y", "origin": [7.10823, 10.86995, 8]},
			"faces": {
				"north": {"uv": [6.3125, 3.6875, 6.375, 3.75], "texture": "#0"},
				"east": {"uv": [6.125, 3.6875, 6.3125, 3.75], "texture": "#0"},
				"south": {"uv": [6.5625, 3.6875, 6.625, 3.75], "texture": "#0"},
				"west": {"uv": [6.375, 3.6875, 6.5625, 3.75], "texture": "#0"},
				"up": {"uv": [6.375, 3.6875, 6.3125, 3.5], "texture": "#0"},
				"down": {"uv": [6.4375, 3.5, 6.375, 3.6875], "texture": "#0"}
			}
		},
		{
			"from": [-5.89177, 6.86995, 2],
			"to": [-4.89177, 7.86995, 4.8],
			"rotation": {"angle": -22.5, "axis": "y", "origin": [7.10823, 10.86995, 8]},
			"faces": {
				"north": {"uv": [6.25, 0.5, 6.3125, 0.5625], "texture": "#0"},
				"east": {"uv": [6.0625, 0.5, 6.25, 0.5625], "texture": "#0"},
				"south": {"uv": [6.5, 0.5, 6.5625, 0.5625], "texture": "#0"},
				"west": {"uv": [6.3125, 0.5, 6.5, 0.5625], "texture": "#0"},
				"up": {"uv": [6.3125, 0.5, 6.25, 0.3125], "texture": "#0"},
				"down": {"uv": [6.375, 0.3125, 6.3125, 0.5], "texture": "#0"}
			}
		},
		{
			"from": [-3.89177, 6.86995, 2],
			"to": [-2.89177, 7.86995, 4.8],
			"rotation": {"angle": -22.5, "axis": "y", "origin": [7.10823, 10.86995, 8]},
			"faces": {
				"north": {"uv": [5.625, 6.25, 5.6875, 6.3125], "texture": "#0"},
				"east": {"uv": [5.4375, 6.25, 5.625, 6.3125], "texture": "#0"},
				"south": {"uv": [5.875, 6.25, 5.9375, 6.3125], "texture": "#0"},
				"west": {"uv": [5.6875, 6.25, 5.875, 6.3125], "texture": "#0"},
				"up": {"uv": [5.6875, 6.25, 5.625, 6.0625], "texture": "#0"},
				"down": {"uv": [5.75, 6.0625, 5.6875, 6.25], "texture": "#0"}
			}
		},
		{
			"from": [-3.89177, 13.86995, 2],
			"to": [-2.89177, 14.86995, 4.8],
			"rotation": {"angle": -22.5, "axis": "y", "origin": [7.10823, 10.86995, 8]},
			"faces": {
				"north": {"uv": [2.9375, 6.25, 3, 6.3125], "texture": "#0"},
				"east": {"uv": [2.75, 6.25, 2.9375, 6.3125], "texture": "#0"},
				"south": {"uv": [3.1875, 6.25, 3.25, 6.3125], "texture": "#0"},
				"west": {"uv": [3, 6.25, 3.1875, 6.3125], "texture": "#0"},
				"up": {"uv": [3, 6.25, 2.9375, 6.0625], "texture": "#0"},
				"down": {"uv": [3.0625, 6.0625, 3, 6.25], "texture": "#0"}
			}
		},
		{
			"from": [-5.89177, 13.86995, 2],
			"to": [-4.89177, 14.86995, 4.8],
			"rotation": {"angle": -22.5, "axis": "y", "origin": [7.10823, 10.86995, 8]},
			"faces": {
				"north": {"uv": [2.4375, 6.25, 2.5, 6.3125], "texture": "#0"},
				"east": {"uv": [2.25, 6.25, 2.4375, 6.3125], "texture": "#0"},
				"south": {"uv": [2.6875, 6.25, 2.75, 6.3125], "texture": "#0"},
				"west": {"uv": [2.5, 6.25, 2.6875, 6.3125], "texture": "#0"},
				"up": {"uv": [2.5, 6.25, 2.4375, 6.0625], "texture": "#0"},
				"down": {"uv": [2.5625, 6.0625, 2.5, 6.25], "texture": "#0"}
			}
		},
		{
			"from": [-7.89177, 13.86995, 2],
			"to": [-6.89177, 14.86995, 4.8],
			"rotation": {"angle": -22.5, "axis": "y", "origin": [7.10823, 10.86995, 8]},
			"faces": {
				"north": {"uv": [1.9375, 6.25, 2, 6.3125], "texture": "#0"},
				"east": {"uv": [1.75, 6.25, 1.9375, 6.3125], "texture": "#0"},
				"south": {"uv": [2.1875, 6.25, 2.25, 6.3125], "texture": "#0"},
				"west": {"uv": [2, 6.25, 2.1875, 6.3125], "texture": "#0"},
				"up": {"uv": [2, 6.25, 1.9375, 6.0625], "texture": "#0"},
				"down": {"uv": [2.0625, 6.0625, 2, 6.25], "texture": "#0"}
			}
		},
		{
			"from": [-7.17064, 12.86995, -5.36713],
			"to": [-6.17064, 13.86995, -3.36713],
			"rotation": {"angle": -45, "axis": "y", "origin": [-8.16449, 10.87897, -2.14858]},
			"faces": {
				"north": {"uv": [6.75, 1.75, 6.8125, 1.8125], "texture": "#0"},
				"east": {"uv": [6.625, 1.75, 6.75, 1.8125], "texture": "#0"},
				"south": {"uv": [6.9375, 1.75, 7, 1.8125], "texture": "#0"},
				"west": {"uv": [6.8125, 1.75, 6.9375, 1.8125], "texture": "#0"},
				"up": {"uv": [6.8125, 1.75, 6.75, 1.625], "texture": "#0"},
				"down": {"uv": [6.875, 1.625, 6.8125, 1.75], "texture": "#0"}
			}
		},
		{
			"from": [-9.17064, 12.86995, -5.36713],
			"to": [-8.17064, 13.86995, -3.36713],
			"rotation": {"angle": -45, "axis": "y", "origin": [-8.16449, 10.87897, -2.14858]},
			"faces": {
				"north": {"uv": [4.125, 6.75, 4.1875, 6.8125], "texture": "#0"},
				"east": {"uv": [4, 6.75, 4.125, 6.8125], "texture": "#0"},
				"south": {"uv": [4.3125, 6.75, 4.375, 6.8125], "texture": "#0"},
				"west": {"uv": [4.1875, 6.75, 4.3125, 6.8125], "texture": "#0"},
				"up": {"uv": [4.1875, 6.75, 4.125, 6.625], "texture": "#0"},
				"down": {"uv": [4.25, 6.625, 4.1875, 6.75], "texture": "#0"}
			}
		},
		{
			"from": [-8.04585, 8.86995, -5.17333],
			"to": [-6.04585, 9.86995, -4.17333],
			"rotation": {"angle": 22.5, "axis": "y", "origin": [-10.01091, 10.88086, -2.91718]},
			"faces": {
				"north": {"uv": [2.375, 6.375, 2.5, 6.4375], "texture": "#0"},
				"east": {"uv": [2.3125, 6.375, 2.375, 6.4375], "texture": "#0"},
				"south": {"uv": [2.5625, 6.375, 2.6875, 6.4375], "texture": "#0"},
				"west": {"uv": [2.5, 6.375, 2.5625, 6.4375], "texture": "#0"},
				"up": {"uv": [2.5, 6.375, 2.375, 6.3125], "texture": "#0"},
				"down": {"uv": [2.625, 6.3125, 2.5, 6.375], "texture": "#0"}
			}
		},
		{
			"from": [-10.17064, 13.86995, -4.36713],
			"to": [-6.17064, 14.86995, -3.36713],
			"rotation": {"angle": -45, "axis": "y", "origin": [-8.16449, 10.87897, -2.14858]},
			"faces": {
				"north": {"uv": [6, 1.75, 6.25, 1.8125], "texture": "#0"},
				"east": {"uv": [5.9375, 1.75, 6, 1.8125], "texture": "#0"},
				"south": {"uv": [6.3125, 1.75, 6.5625, 1.8125], "texture": "#0"},
				"west": {"uv": [6.25, 1.75, 6.3125, 1.8125], "texture": "#0"},
				"up": {"uv": [6.25, 1.75, 6, 1.6875], "texture": "#0"},
				"down": {"uv": [6.5, 1.6875, 6.25, 1.75], "texture": "#0"}
			}
		},
		{
			"from": [-8.89177, 14.86995, 3],
			"to": [-2.89177, 15.86995, 4],
			"rotation": {"angle": -22.5, "axis": "y", "origin": [7.10823, 10.86995, 8]},
			"faces": {
				"north": {"uv": [2.75, 2.8125, 3.125, 2.875], "texture": "#0"},
				"east": {"uv": [2.6875, 2.8125, 2.75, 2.875], "texture": "#0"},
				"south": {"uv": [3.1875, 2.8125, 3.5625, 2.875], "texture": "#0"},
				"west": {"uv": [3.125, 2.8125, 3.1875, 2.875], "texture": "#0"},
				"up": {"uv": [3.125, 2.8125, 2.75, 2.75], "texture": "#0"},
				"down": {"uv": [3.5, 2.75, 3.125, 2.8125], "texture": "#0"}
			}
		},
		{
			"from": [-8.04585, 11.86995, -5.17333],
			"to": [-6.04585, 12.86995, -4.17333],
			"rotation": {"angle": 22.5, "axis": "y", "origin": [-10.01091, 10.88086, -2.91718]},
			"faces": {
				"north": {"uv": [6.1875, 2.9375, 6.3125, 3], "texture": "#0"},
				"east": {"uv": [6.125, 2.9375, 6.1875, 3], "texture": "#0"},
				"south": {"uv": [6.375, 2.9375, 6.5, 3], "texture": "#0"},
				"west": {"uv": [6.3125, 2.9375, 6.375, 3], "texture": "#0"},
				"up": {"uv": [6.3125, 2.9375, 6.1875, 2.875], "texture": "#0"},
				"down": {"uv": [6.4375, 2.875, 6.3125, 2.9375], "texture": "#0"}
			}
		},
		{
			"from": [-9.17064, 7.86995, -5.36713],
			"to": [-8.17064, 8.86995, -3.36713],
			"rotation": {"angle": -45, "axis": "y", "origin": [-8.16449, 10.87897, -2.14858]},
			"faces": {
				"north": {"uv": [3.75, 6.75, 3.8125, 6.8125], "texture": "#0"},
				"east": {"uv": [3.625, 6.75, 3.75, 6.8125], "texture": "#0"},
				"south": {"uv": [3.9375, 6.75, 4, 6.8125], "texture": "#0"},
				"west": {"uv": [3.8125, 6.75, 3.9375, 6.8125], "texture": "#0"},
				"up": {"uv": [3.8125, 6.75, 3.75, 6.625], "texture": "#0"},
				"down": {"uv": [3.875, 6.625, 3.8125, 6.75], "texture": "#0"}
			}
		},
		{
			"from": [-7.17064, 7.86995, -5.36713],
			"to": [-6.17064, 8.86995, -3.36713],
			"rotation": {"angle": -45, "axis": "y", "origin": [-8.16449, 10.87897, -2.14858]},
			"faces": {
				"north": {"uv": [3.375, 6.75, 3.4375, 6.8125], "texture": "#0"},
				"east": {"uv": [3.25, 6.75, 3.375, 6.8125], "texture": "#0"},
				"south": {"uv": [3.5625, 6.75, 3.625, 6.8125], "texture": "#0"},
				"west": {"uv": [3.4375, 6.75, 3.5625, 6.8125], "texture": "#0"},
				"up": {"uv": [3.4375, 6.75, 3.375, 6.625], "texture": "#0"},
				"down": {"uv": [3.5, 6.625, 3.4375, 6.75], "texture": "#0"}
			}
		},
		{
			"from": [-8.04585, 12.86995, -6.17333],
			"to": [-7.04585, 13.86995, -3.17333],
			"rotation": {"angle": 22.5, "axis": "y", "origin": [-10.01091, 10.88086, -2.91718]},
			"faces": {
				"north": {"uv": [1.4375, 6.25, 1.5, 6.3125], "texture": "#0"},
				"east": {"uv": [1.25, 6.25, 1.4375, 6.3125], "texture": "#0"},
				"south": {"uv": [1.6875, 6.25, 1.75, 6.3125], "texture": "#0"},
				"west": {"uv": [1.5, 6.25, 1.6875, 6.3125], "texture": "#0"},
				"up": {"uv": [1.5, 6.25, 1.4375, 6.0625], "texture": "#0"},
				"down": {"uv": [1.5625, 6.0625, 1.5, 6.25], "texture": "#0"}
			}
		},
		{
			"from": [-8.04585, 7.86995, -6.17333],
			"to": [-7.04585, 8.86995, -3.17333],
			"rotation": {"angle": 22.5, "axis": "y", "origin": [-10.01091, 10.88086, -2.91718]},
			"faces": {
				"north": {"uv": [0.6875, 6.25, 0.75, 6.3125], "texture": "#0"},
				"east": {"uv": [0.5, 6.25, 0.6875, 6.3125], "texture": "#0"},
				"south": {"uv": [0.9375, 6.25, 1, 6.3125], "texture": "#0"},
				"west": {"uv": [0.75, 6.25, 0.9375, 6.3125], "texture": "#0"},
				"up": {"uv": [0.75, 6.25, 0.6875, 6.0625], "texture": "#0"},
				"down": {"uv": [0.8125, 6.0625, 0.75, 6.25], "texture": "#0"}
			}
		},
		{
			"from": [24.04585, 7.86995, -6.17333],
			"to": [25.04585, 13.86995, -3.17333],
			"rotation": {"angle": -22.5, "axis": "y", "origin": [26.01091, 10.88086, -2.91718]},
			"faces": {
				"north": {"uv": [0.1875, 3.9375, 0.25, 4.3125], "texture": "#0"},
				"east": {"uv": [0, 3.9375, 0.1875, 4.3125], "texture": "#0"},
				"south": {"uv": [0.4375, 3.9375, 0.5, 4.3125], "texture": "#0"},
				"west": {"uv": [0.25, 3.9375, 0.4375, 4.3125], "texture": "#0"},
				"up": {"uv": [0.25, 3.9375, 0.1875, 3.75], "texture": "#0"},
				"down": {"uv": [0.3125, 3.75, 0.25, 3.9375], "texture": "#0"}
			}
		},
		{
			"from": [23.52182, 8.9158, -8.17333],
			"to": [25.02182, 12.9158, -6.17333],
			"rotation": {"angle": -22.5, "axis": "y", "origin": [26.01091, 10.88086, -2.91718]},
			"faces": {
				"north": {"uv": [5.25, 5.625, 5.3125, 5.875], "texture": "#0"},
				"east": {"uv": [5.125, 5.625, 5.25, 5.875], "texture": "#0"},
				"south": {"uv": [5.4375, 5.625, 5.5, 5.875], "texture": "#0"},
				"west": {"uv": [5.3125, 5.625, 5.4375, 5.875], "texture": "#0"},
				"up": {"uv": [5.3125, 5.625, 5.25, 5.5], "texture": "#0"},
				"down": {"uv": [5.375, 5.5, 5.3125, 5.625], "texture": "#0"}
			}
		},
		{
			"from": [23.52182, 9.9158, -9.17333],
			"to": [25.02182, 11.9158, -8.17333],
			"rotation": {"angle": -22.5, "axis": "y", "origin": [26.01091, 10.88086, -2.91718]},
			"faces": {
				"north": {"uv": [3.8125, 6.875, 3.875, 7], "texture": "#0"},
				"east": {"uv": [3.75, 6.875, 3.8125, 7], "texture": "#0"},
				"south": {"uv": [3.9375, 6.875, 4, 7], "texture": "#0"},
				"west": {"uv": [3.875, 6.875, 3.9375, 7], "texture": "#0"},
				"up": {"uv": [3.875, 6.875, 3.8125, 6.8125], "texture": "#0"},
				"down": {"uv": [3.9375, 6.8125, 3.875, 6.875], "texture": "#0"}
			}
		},
		{
			"from": [-9.02182, 9.9158, -9.17333],
			"to": [-7.52182, 11.9158, -8.17333],
			"rotation": {"angle": 22.5, "axis": "y", "origin": [-10.01091, 10.88086, -2.91718]},
			"faces": {
				"north": {"uv": [6.6875, 5.8125, 6.75, 5.9375], "texture": "#0"},
				"east": {"uv": [6.625, 5.8125, 6.6875, 5.9375], "texture": "#0"},
				"south": {"uv": [6.8125, 5.8125, 6.875, 5.9375], "texture": "#0"},
				"west": {"uv": [6.75, 5.8125, 6.8125, 5.9375], "texture": "#0"},
				"up": {"uv": [6.75, 5.8125, 6.6875, 5.75], "texture": "#0"},
				"down": {"uv": [6.8125, 5.75, 6.75, 5.8125], "texture": "#0"}
			}
		},
		{
			"from": [-9.02182, 8.9158, -8.17333],
			"to": [-7.52182, 12.9158, -6.17333],
			"rotation": {"angle": 22.5, "axis": "y", "origin": [-10.01091, 10.88086, -2.91718]},
			"faces": {
				"north": {"uv": [3.5, 4.5, 3.5625, 4.75], "texture": "#0"},
				"east": {"uv": [3.375, 4.5, 3.5, 4.75], "texture": "#0"},
				"south": {"uv": [3.6875, 4.5, 3.75, 4.75], "texture": "#0"},
				"west": {"uv": [3.5625, 4.5, 3.6875, 4.75], "texture": "#0"},
				"up": {"uv": [3.5625, 4.5, 3.5, 4.375], "texture": "#0"},
				"down": {"uv": [3.625, 4.375, 3.5625, 4.5], "texture": "#0"}
			}
		},
		{
			"from": [22.17064, 6.86995, -3.36713],
			"to": [26.17064, 14.86995, -2.36713],
			"rotation": {"angle": 45, "axis": "y", "origin": [24.16449, 10.87897, -2.14858]},
			"faces": {
				"north": {"uv": [0.0625, 2, 0.3125, 2.5], "texture": "#0"},
				"east": {"uv": [0, 2, 0.0625, 2.5], "texture": "#0"},
				"south": {"uv": [0.375, 2, 0.625, 2.5], "texture": "#0"},
				"west": {"uv": [0.3125, 2, 0.375, 2.5], "texture": "#0"},
				"up": {"uv": [0.3125, 2, 0.0625, 1.9375], "texture": "#0"},
				"down": {"uv": [0.5625, 1.9375, 0.3125, 2], "texture": "#0"}
			}
		},
		{
			"from": [17.89177, 5.86995, 4],
			"to": [24.89177, 15.86995, 5],
			"rotation": {"angle": 22.5, "axis": "y", "origin": [8.89177, 10.86995, 8]},
			"faces": {
				"north": {"uv": [0.0625, 0.0625, 0.5, 0.6875], "texture": "#0"},
				"east": {"uv": [0, 0.0625, 0.0625, 0.6875], "texture": "#0"},
				"south": {"uv": [0.5625, 0.0625, 1, 0.6875], "texture": "#0"},
				"west": {"uv": [0.5, 0.0625, 0.5625, 0.6875], "texture": "#0"},
				"up": {"uv": [0.5, 0.0625, 0.0625, 0], "texture": "#0"},
				"down": {"uv": [0.9375, 0, 0.5, 0.0625], "texture": "#0"}
			}
		},
		{
			"from": [18.89177, 5.86995, 3],
			"to": [24.89177, 6.86995, 4],
			"rotation": {"angle": 22.5, "axis": "y", "origin": [8.89177, 10.86995, 8]},
			"faces": {
				"north": {"uv": [0.0625, 2.8125, 0.4375, 2.875], "texture": "#0"},
				"east": {"uv": [0, 2.8125, 0.0625, 2.875], "texture": "#0"},
				"south": {"uv": [0.5, 2.8125, 0.875, 2.875], "texture": "#0"},
				"west": {"uv": [0.4375, 2.8125, 0.5, 2.875], "texture": "#0"},
				"up": {"uv": [0.4375, 2.8125, 0.0625, 2.75], "texture": "#0"},
				"down": {"uv": [0.8125, 2.75, 0.4375, 2.8125], "texture": "#0"}
			}
		},
		{
			"from": [22.17064, 6.86995, -4.36713],
			"to": [26.17064, 7.86995, -3.36713],
			"rotation": {"angle": 45, "axis": "y", "origin": [24.16449, 10.87897, -2.14858]},
			"faces": {
				"north": {"uv": [5.875, 5.5625, 6.125, 5.625], "texture": "#0"},
				"east": {"uv": [5.8125, 5.5625, 5.875, 5.625], "texture": "#0"},
				"south": {"uv": [6.1875, 5.5625, 6.4375, 5.625], "texture": "#0"},
				"west": {"uv": [6.125, 5.5625, 6.1875, 5.625], "texture": "#0"},
				"up": {"uv": [6.125, 5.5625, 5.875, 5.5], "texture": "#0"},
				"down": {"uv": [6.375, 5.5, 6.125, 5.5625], "texture": "#0"}
			}
		},
		{
			"from": [23.04585, 8.86995, -6.17333],
			"to": [24.04585, 12.86995, -5.17333],
			"rotation": {"angle": -22.5, "axis": "y", "origin": [26.01091, 10.88086, -2.91718]},
			"faces": {
				"north": {"uv": [3.0625, 6.6875, 3.125, 6.9375], "texture": "#0"},
				"east": {"uv": [3, 6.6875, 3.0625, 6.9375], "texture": "#0"},
				"south": {"uv": [3.1875, 6.6875, 3.25, 6.9375], "texture": "#0"},
				"west": {"uv": [3.125, 6.6875, 3.1875, 6.9375], "texture": "#0"},
				"up": {"uv": [3.125, 6.6875, 3.0625, 6.625], "texture": "#0"},
				"down": {"uv": [3.1875, 6.625, 3.125, 6.6875], "texture": "#0"}
			}
		},
		{
			"from": [22.89177, 6.86995, 2],
			"to": [23.89177, 7.86995, 4.8],
			"rotation": {"angle": 22.5, "axis": "y", "origin": [8.89177, 10.86995, 8]},
			"faces": {
				"north": {"uv": [0.1875, 6.25, 0.25, 6.3125], "texture": "#0"},
				"east": {"uv": [0, 6.25, 0.1875, 6.3125], "texture": "#0"},
				"south": {"uv": [0.4375, 6.25, 0.5, 6.3125], "texture": "#0"},
				"west": {"uv": [0.25, 6.25, 0.4375, 6.3125], "texture": "#0"},
				"up": {"uv": [0.25, 6.25, 0.1875, 6.0625], "texture": "#0"},
				"down": {"uv": [0.3125, 6.0625, 0.25, 6.25], "texture": "#0"}
			}
		},
		{
			"from": [20.89177, 6.86995, 2],
			"to": [21.89177, 7.86995, 4.8],
			"rotation": {"angle": 22.5, "axis": "y", "origin": [8.89177, 10.86995, 8]},
			"faces": {
				"north": {"uv": [5.3125, 6.1875, 5.375, 6.25], "texture": "#0"},
				"east": {"uv": [5.125, 6.1875, 5.3125, 6.25], "texture": "#0"},
				"south": {"uv": [5.5625, 6.1875, 5.625, 6.25], "texture": "#0"},
				"west": {"uv": [5.375, 6.1875, 5.5625, 6.25], "texture": "#0"},
				"up": {"uv": [5.375, 6.1875, 5.3125, 6], "texture": "#0"},
				"down": {"uv": [5.4375, 6, 5.375, 6.1875], "texture": "#0"}
			}
		},
		{
			"from": [18.89177, 6.86995, 2],
			"to": [19.89177, 7.86995, 4.8],
			"rotation": {"angle": 22.5, "axis": "y", "origin": [8.89177, 10.86995, 8]},
			"faces": {
				"north": {"uv": [6.125, 4.375, 6.1875, 4.4375], "texture": "#0"},
				"east": {"uv": [5.9375, 4.375, 6.125, 4.4375], "texture": "#0"},
				"south": {"uv": [6.375, 4.375, 6.4375, 4.4375], "texture": "#0"},
				"west": {"uv": [6.1875, 4.375, 6.375, 4.4375], "texture": "#0"},
				"up": {"uv": [6.1875, 4.375, 6.125, 4.1875], "texture": "#0"},
				"down": {"uv": [6.25, 4.1875, 6.1875, 4.375], "texture": "#0"}
			}
		},
		{
			"from": [18.89177, 13.86995, 2],
			"to": [19.89177, 14.86995, 4.8],
			"rotation": {"angle": 22.5, "axis": "y", "origin": [8.89177, 10.86995, 8]},
			"faces": {
				"north": {"uv": [6.125, 4.125, 6.1875, 4.1875], "texture": "#0"},
				"east": {"uv": [5.9375, 4.125, 6.125, 4.1875], "texture": "#0"},
				"south": {"uv": [6.375, 4.125, 6.4375, 4.1875], "texture": "#0"},
				"west": {"uv": [6.1875, 4.125, 6.375, 4.1875], "texture": "#0"},
				"up": {"uv": [6.1875, 4.125, 6.125, 3.9375], "texture": "#0"},
				"down": {"uv": [6.25, 3.9375, 6.1875, 4.125], "texture": "#0"}
			}
		},
		{
			"from": [20.89177, 13.86995, 2],
			"to": [21.89177, 14.86995, 4.8],
			"rotation": {"angle": 22.5, "axis": "y", "origin": [8.89177, 10.86995, 8]},
			"faces": {
				"north": {"uv": [6, 0.8125, 6.0625, 0.875], "texture": "#0"},
				"east": {"uv": [5.8125, 0.8125, 6, 0.875], "texture": "#0"},
				"south": {"uv": [6.25, 0.8125, 6.3125, 0.875], "texture": "#0"},
				"west": {"uv": [6.0625, 0.8125, 6.25, 0.875], "texture": "#0"},
				"up": {"uv": [6.0625, 0.8125, 6, 0.625], "texture": "#0"},
				"down": {"uv": [6.125, 0.625, 6.0625, 0.8125], "texture": "#0"}
			}
		},
		{
			"from": [22.89177, 13.86995, 2],
			"to": [23.89177, 14.86995, 4.8],
			"rotation": {"angle": 22.5, "axis": "y", "origin": [8.89177, 10.86995, 8]},
			"faces": {
				"north": {"uv": [2.8125, 6, 2.875, 6.0625], "texture": "#0"},
				"east": {"uv": [2.625, 6, 2.8125, 6.0625], "texture": "#0"},
				"south": {"uv": [3.0625, 6, 3.125, 6.0625], "texture": "#0"},
				"west": {"uv": [2.875, 6, 3.0625, 6.0625], "texture": "#0"},
				"up": {"uv": [2.875, 6, 2.8125, 5.8125], "texture": "#0"},
				"down": {"uv": [2.9375, 5.8125, 2.875, 6], "texture": "#0"}
			}
		},
		{
			"from": [22.17064, 12.86995, -5.36713],
			"to": [23.17064, 13.86995, -3.36713],
			"rotation": {"angle": 45, "axis": "y", "origin": [24.16449, 10.87897, -2.14858]},
			"faces": {
				"north": {"uv": [6.6875, 1.5625, 6.75, 1.625], "texture": "#0"},
				"east": {"uv": [6.5625, 1.5625, 6.6875, 1.625], "texture": "#0"},
				"south": {"uv": [6.875, 1.5625, 6.9375, 1.625], "texture": "#0"},
				"west": {"uv": [6.75, 1.5625, 6.875, 1.625], "texture": "#0"},
				"up": {"uv": [6.75, 1.5625, 6.6875, 1.4375], "texture": "#0"},
				"down": {"uv": [6.8125, 1.4375, 6.75, 1.5625], "texture": "#0"}
			}
		},
		{
			"from": [24.17064, 12.86995, -5.36713],
			"to": [25.17064, 13.86995, -3.36713],
			"rotation": {"angle": 45, "axis": "y", "origin": [24.16449, 10.87897, -2.14858]},
			"faces": {
				"north": {"uv": [6.625, 5.5, 6.6875, 5.5625], "texture": "#0"},
				"east": {"uv": [6.5, 5.5, 6.625, 5.5625], "texture": "#0"},
				"south": {"uv": [6.8125, 5.5, 6.875, 5.5625], "texture": "#0"},
				"west": {"uv": [6.6875, 5.5, 6.8125, 5.5625], "texture": "#0"},
				"up": {"uv": [6.6875, 5.5, 6.625, 5.375], "texture": "#0"},
				"down": {"uv": [6.75, 5.375, 6.6875, 5.5], "texture": "#0"}
			}
		},
		{
			"from": [22.04585, 8.86995, -5.17333],
			"to": [24.04585, 9.86995, -4.17333],
			"rotation": {"angle": -22.5, "axis": "y", "origin": [26.01091, 10.88086, -2.91718]},
			"faces": {
				"north": {"uv": [5.6875, 4.4375, 5.8125, 4.5], "texture": "#0"},
				"east": {"uv": [5.625, 4.4375, 5.6875, 4.5], "texture": "#0"},
				"south": {"uv": [5.875, 4.4375, 6, 4.5], "texture": "#0"},
				"west": {"uv": [5.8125, 4.4375, 5.875, 4.5], "texture": "#0"},
				"up": {"uv": [5.8125, 4.4375, 5.6875, 4.375], "texture": "#0"},
				"down": {"uv": [5.9375, 4.375, 5.8125, 4.4375], "texture": "#0"}
			}
		},
		{
			"from": [22.17064, 13.86995, -4.36713],
			"to": [26.17064, 14.86995, -3.36713],
			"rotation": {"angle": 45, "axis": "y", "origin": [24.16449, 10.87897, -2.14858]},
			"faces": {
				"north": {"uv": [1.625, 3.8125, 1.875, 3.875], "texture": "#0"},
				"east": {"uv": [1.5625, 3.8125, 1.625, 3.875], "texture": "#0"},
				"south": {"uv": [1.9375, 3.8125, 2.1875, 3.875], "texture": "#0"},
				"west": {"uv": [1.875, 3.8125, 1.9375, 3.875], "texture": "#0"},
				"up": {"uv": [1.875, 3.8125, 1.625, 3.75], "texture": "#0"},
				"down": {"uv": [2.125, 3.75, 1.875, 3.8125], "texture": "#0"}
			}
		},
		{
			"from": [18.89177, 14.86995, 3],
			"to": [24.89177, 15.86995, 4],
			"rotation": {"angle": 22.5, "axis": "y", "origin": [8.89177, 10.86995, 8]},
			"faces": {
				"north": {"uv": [0.0625, 1, 0.4375, 1.0625], "texture": "#0"},
				"east": {"uv": [0, 1, 0.0625, 1.0625], "texture": "#0"},
				"south": {"uv": [0.5, 1, 0.875, 1.0625], "texture": "#0"},
				"west": {"uv": [0.4375, 1, 0.5, 1.0625], "texture": "#0"},
				"up": {"uv": [0.4375, 1, 0.0625, 0.9375], "texture": "#0"},
				"down": {"uv": [0.8125, 0.9375, 0.4375, 1], "texture": "#0"}
			}
		},
		{
			"from": [22.04585, 11.86995, -5.17333],
			"to": [24.04585, 12.86995, -4.17333],
			"rotation": {"angle": -22.5, "axis": "y", "origin": [26.01091, 10.88086, -2.91718]},
			"faces": {
				"north": {"uv": [5, 2.6875, 5.125, 2.75], "texture": "#0"},
				"east": {"uv": [4.9375, 2.6875, 5, 2.75], "texture": "#0"},
				"south": {"uv": [5.1875, 2.6875, 5.3125, 2.75], "texture": "#0"},
				"west": {"uv": [5.125, 2.6875, 5.1875, 2.75], "texture": "#0"},
				"up": {"uv": [5.125, 2.6875, 5, 2.625], "texture": "#0"},
				"down": {"uv": [5.25, 2.625, 5.125, 2.6875], "texture": "#0"}
			}
		},
		{
			"from": [24.17064, 7.86995, -5.36713],
			"to": [25.17064, 8.86995, -3.36713],
			"rotation": {"angle": 45, "axis": "y", "origin": [24.16449, 10.87897, -2.14858]},
			"faces": {
				"north": {"uv": [6.5625, 4.75, 6.625, 4.8125], "texture": "#0"},
				"east": {"uv": [6.4375, 4.75, 6.5625, 4.8125], "texture": "#0"},
				"south": {"uv": [6.75, 4.75, 6.8125, 4.8125], "texture": "#0"},
				"west": {"uv": [6.625, 4.75, 6.75, 4.8125], "texture": "#0"},
				"up": {"uv": [6.625, 4.75, 6.5625, 4.625], "texture": "#0"},
				"down": {"uv": [6.6875, 4.625, 6.625, 4.75], "texture": "#0"}
			}
		},
		{
			"from": [22.17064, 7.86995, -5.36713],
			"to": [23.17064, 8.86995, -3.36713],
			"rotation": {"angle": 45, "axis": "y", "origin": [24.16449, 10.87897, -2.14858]},
			"faces": {
				"north": {"uv": [2.1875, 6.4375, 2.25, 6.5], "texture": "#0"},
				"east": {"uv": [2.0625, 6.4375, 2.1875, 6.5], "texture": "#0"},
				"south": {"uv": [2.375, 6.4375, 2.4375, 6.5], "texture": "#0"},
				"west": {"uv": [2.25, 6.4375, 2.375, 6.5], "texture": "#0"},
				"up": {"uv": [2.25, 6.4375, 2.1875, 6.3125], "texture": "#0"},
				"down": {"uv": [2.3125, 6.3125, 2.25, 6.4375], "texture": "#0"}
			}
		},
		{
			"from": [23.04585, 12.86995, -6.17333],
			"to": [24.04585, 13.86995, -3.17333],
			"rotation": {"angle": -22.5, "axis": "y", "origin": [26.01091, 10.88086, -2.91718]},
			"faces": {
				"north": {"uv": [0.6875, 6, 0.75, 6.0625], "texture": "#0"},
				"east": {"uv": [0.5, 6, 0.6875, 6.0625], "texture": "#0"},
				"south": {"uv": [0.9375, 6, 1, 6.0625], "texture": "#0"},
				"west": {"uv": [0.75, 6, 0.9375, 6.0625], "texture": "#0"},
				"up": {"uv": [0.75, 6, 0.6875, 5.8125], "texture": "#0"},
				"down": {"uv": [0.8125, 5.8125, 0.75, 6], "texture": "#0"}
			}
		},
		{
			"from": [23.04585, 7.86995, -6.17333],
			"to": [24.04585, 8.86995, -3.17333],
			"rotation": {"angle": -22.5, "axis": "y", "origin": [26.01091, 10.88086, -2.91718]},
			"faces": {
				"north": {"uv": [0.1875, 6, 0.25, 6.0625], "texture": "#0"},
				"east": {"uv": [0, 6, 0.1875, 6.0625], "texture": "#0"},
				"south": {"uv": [0.4375, 6, 0.5, 6.0625], "texture": "#0"},
				"west": {"uv": [0.25, 6, 0.4375, 6.0625], "texture": "#0"},
				"up": {"uv": [0.25, 6, 0.1875, 5.8125], "texture": "#0"},
				"down": {"uv": [0.3125, 5.8125, 0.25, 6], "texture": "#0"}
			}
		},
		{
			"from": [15.90547, -2.12718, 0.38287],
			"to": [23.90547, 1.87282, 1.38287],
			"rotation": {"angle": 45, "axis": "z", "origin": [24.16449, -3.12103, -2.14858]},
			"faces": {
				"north": {"uv": [3.875, 2.5, 4.375, 2.75], "texture": "#0"},
				"east": {"uv": [3.8125, 2.5, 3.875, 2.75], "texture": "#0"},
				"south": {"uv": [4.4375, 2.5, 4.9375, 2.75], "texture": "#0"},
				"west": {"uv": [4.375, 2.5, 4.4375, 2.75], "texture": "#0"},
				"up": {"uv": [4.375, 2.5, 3.875, 2.4375], "texture": "#0"},
				"down": {"uv": [4.875, 2.4375, 4.375, 2.5], "texture": "#0"}
			}
		},
		{
			"from": [16.90547, -5.12718, -0.61713],
			"to": [22.90547, -2.12718, 0.38287],
			"rotation": {"angle": 45, "axis": "z", "origin": [24.16449, -3.12103, -2.14858]},
			"faces": {
				"north": {"uv": [0.0625, 2.5625, 0.4375, 2.75], "texture": "#0"},
				"east": {"uv": [0, 2.5625, 0.0625, 2.75], "texture": "#0"},
				"south": {"uv": [0.5, 2.5625, 0.875, 2.75], "texture": "#0"},
				"west": {"uv": [0.4375, 2.5625, 0.5, 2.75], "texture": "#0"},
				"up": {"uv": [0.4375, 2.5625, 0.0625, 2.5], "texture": "#0"},
				"down": {"uv": [0.8125, 2.5, 0.4375, 2.5625], "texture": "#0"}
			}
		},
		{
			"from": [17.90547, -7.12718, -1.11713],
			"to": [21.90547, -5.12718, 0.38287],
			"rotation": {"angle": 45, "axis": "z", "origin": [24.16449, -3.12103, -2.14858]},
			"faces": {
				"north": {"uv": [2.75, 4.4375, 3, 4.5625], "texture": "#0"},
				"east": {"uv": [2.6875, 4.4375, 2.75, 4.5625], "texture": "#0"},
				"south": {"uv": [3.0625, 4.4375, 3.3125, 4.5625], "texture": "#0"},
				"west": {"uv": [3, 4.4375, 3.0625, 4.5625], "texture": "#0"},
				"up": {"uv": [3, 4.4375, 2.75, 4.375], "texture": "#0"},
				"down": {"uv": [3.25, 4.375, 3, 4.4375], "texture": "#0"}
			}
		},
		{
			"from": [18.90547, -8.12718, -1.11713],
			"to": [20.90547, -7.12718, 0.38287],
			"rotation": {"angle": 45, "axis": "z", "origin": [24.16449, -3.12103, -2.14858]},
			"faces": {
				"north": {"uv": [2.25, 3.8125, 2.375, 3.875], "texture": "#0"},
				"east": {"uv": [2.1875, 3.8125, 2.25, 3.875], "texture": "#0"},
				"south": {"uv": [2.4375, 3.8125, 2.5625, 3.875], "texture": "#0"},
				"west": {"uv": [2.375, 3.8125, 2.4375, 3.875], "texture": "#0"},
				"up": {"uv": [2.375, 3.8125, 2.25, 3.75], "texture": "#0"},
				"down": {"uv": [2.5, 3.75, 2.375, 3.8125], "texture": "#0"}
			}
		},
		{
			"from": [-4.90547, -8.12718, -1.11713],
			"to": [-2.90547, -7.12718, 0.38287],
			"rotation": {"angle": -45, "axis": "z", "origin": [-8.16449, -3.12103, -2.14858]},
			"faces": {
				"north": {"uv": [2.75, 6.375, 2.875, 6.4375], "texture": "#0"},
				"east": {"uv": [2.6875, 6.375, 2.75, 6.4375], "texture": "#0"},
				"south": {"uv": [2.9375, 6.375, 3.0625, 6.4375], "texture": "#0"},
				"west": {"uv": [2.875, 6.375, 2.9375, 6.4375], "texture": "#0"},
				"up": {"uv": [2.875, 6.375, 2.75, 6.3125], "texture": "#0"},
				"down": {"uv": [3, 6.3125, 2.875, 6.375], "texture": "#0"}
			}
		},
		{
			"from": [-5.90547, -7.12718, -1.11713],
			"to": [-1.90547, -5.12718, 0.38287],
			"rotation": {"angle": -45, "axis": "z", "origin": [-8.16449, -3.12103, -2.14858]},
			"faces": {
				"north": {"uv": [0.0625, 4.375, 0.3125, 4.5], "texture": "#0"},
				"east": {"uv": [0, 4.375, 0.0625, 4.5], "texture": "#0"},
				"south": {"uv": [0.375, 4.375, 0.625, 4.5], "texture": "#0"},
				"west": {"uv": [0.3125, 4.375, 0.375, 4.5], "texture": "#0"},
				"up": {"uv": [0.3125, 4.375, 0.0625, 4.3125], "texture": "#0"},
				"down": {"uv": [0.5625, 4.3125, 0.3125, 4.375], "texture": "#0"}
			}
		},
		{
			"from": [21.90547, -5.12718, -1.61713],
			"to": [22.90547, -2.12718, -0.61713],
			"rotation": {"angle": 45, "axis": "z", "origin": [24.16449, -3.12103, -2.14858]},
			"faces": {
				"north": {"uv": [3.5625, 6.875, 3.625, 7.0625], "texture": "#0"},
				"east": {"uv": [3.5, 6.875, 3.5625, 7.0625], "texture": "#0"},
				"south": {"uv": [3.6875, 6.875, 3.75, 7.0625], "texture": "#0"},
				"west": {"uv": [3.625, 6.875, 3.6875, 7.0625], "texture": "#0"},
				"up": {"uv": [3.625, 6.875, 3.5625, 6.8125], "texture": "#0"},
				"down": {"uv": [3.6875, 6.8125, 3.625, 6.875], "texture": "#0"}
			}
		},
		{
			"from": [16.90547, -5.12718, -1.61713],
			"to": [17.90547, -2.12718, -0.61713],
			"rotation": {"angle": 45, "axis": "z", "origin": [24.16449, -3.12103, -2.14858]},
			"faces": {
				"north": {"uv": [6.8125, 6, 6.875, 6.1875], "texture": "#0"},
				"east": {"uv": [6.75, 6, 6.8125, 6.1875], "texture": "#0"},
				"south": {"uv": [6.9375, 6, 7, 6.1875], "texture": "#0"},
				"west": {"uv": [6.875, 6, 6.9375, 6.1875], "texture": "#0"},
				"up": {"uv": [6.875, 6, 6.8125, 5.9375], "texture": "#0"},
				"down": {"uv": [6.9375, 5.9375, 6.875, 6], "texture": "#0"}
			}
		},
		{
			"from": [17.90547, -5.12718, -1.61713],
			"to": [21.90547, -4.12718, -0.61713],
			"rotation": {"angle": 45, "axis": "z", "origin": [24.16449, -3.12103, -2.14858]},
			"faces": {
				"north": {"uv": [1, 3.8125, 1.25, 3.875], "texture": "#0"},
				"east": {"uv": [0.9375, 3.8125, 1, 3.875], "texture": "#0"},
				"south": {"uv": [1.3125, 3.8125, 1.5625, 3.875], "texture": "#0"},
				"west": {"uv": [1.25, 3.8125, 1.3125, 3.875], "texture": "#0"},
				"up": {"uv": [1.25, 3.8125, 1, 3.75], "texture": "#0"},
				"down": {"uv": [1.5, 3.75, 1.25, 3.8125], "texture": "#0"}
			}
		},
		{
			"from": [10.64177, -9.13005, 0.75],
			"to": [20.64177, -2.13005, 1.75],
			"rotation": {"angle": 45, "axis": "z", "origin": [8.89177, -3.13005, 8]},
			"faces": {
				"north": {"uv": [4.9375, 0.0625, 5.5625, 0.5], "texture": "#0"},
				"east": {"uv": [4.875, 0.0625, 4.9375, 0.5], "texture": "#0"},
				"south": {"uv": [5.625, 0.0625, 6.25, 0.5], "texture": "#0"},
				"west": {"uv": [5.5625, 0.0625, 5.625, 0.5], "texture": "#0"},
				"up": {"uv": [5.5625, 0.0625, 4.9375, 0], "texture": "#0"},
				"down": {"uv": [6.1875, 0, 5.5625, 0.0625], "texture": "#0"}
			}
		},
		{
			"from": [10.64177, -9.13005, -0.25],
			"to": [11.64177, -3.13005, 0.75],
			"rotation": {"angle": 45, "axis": "z", "origin": [8.89177, -3.13005, 8]},
			"faces": {
				"north": {"uv": [6.375, 2.125, 6.4375, 2.5], "texture": "#0"},
				"east": {"uv": [6.3125, 2.125, 6.375, 2.5], "texture": "#0"},
				"south": {"uv": [6.5, 2.125, 6.5625, 2.5], "texture": "#0"},
				"west": {"uv": [6.4375, 2.125, 6.5, 2.5], "texture": "#0"},
				"up": {"uv": [6.4375, 2.125, 6.375, 2.0625], "texture": "#0"},
				"down": {"uv": [6.5, 2.0625, 6.4375, 2.125], "texture": "#0"}
			}
		},
		{
			"from": [15.90547, -2.12718, -0.61713],
			"to": [16.90547, 1.87282, 0.38287],
			"rotation": {"angle": 45, "axis": "z", "origin": [24.16449, -3.12103, -2.14858]},
			"faces": {
				"north": {"uv": [6.3125, 0.0625, 6.375, 0.3125], "texture": "#0"},
				"east": {"uv": [6.25, 0.0625, 6.3125, 0.3125], "texture": "#0"},
				"south": {"uv": [6.4375, 0.0625, 6.5, 0.3125], "texture": "#0"},
				"west": {"uv": [6.375, 0.0625, 6.4375, 0.3125], "texture": "#0"},
				"up": {"uv": [6.375, 0.0625, 6.3125, 0], "texture": "#0"},
				"down": {"uv": [6.4375, 0, 6.375, 0.0625], "texture": "#0"}
			}
		},
		{
			"from": [11.64177, -8.13005, -1.25],
			"to": [12.64177, -7.13005, 1.55],
			"rotation": {"angle": 45, "axis": "z", "origin": [8.89177, -3.13005, 8]},
			"faces": {
				"north": {"uv": [5.5, 5.9375, 5.5625, 6], "texture": "#0"},
				"east": {"uv": [5.3125, 5.9375, 5.5, 6], "texture": "#0"},
				"south": {"uv": [5.75, 5.9375, 5.8125, 6], "texture": "#0"},
				"west": {"uv": [5.5625, 5.9375, 5.75, 6], "texture": "#0"},
				"up": {"uv": [5.5625, 5.9375, 5.5, 5.75], "texture": "#0"},
				"down": {"uv": [5.625, 5.75, 5.5625, 5.9375], "texture": "#0"}
			}
		},
		{
			"from": [11.64177, -6.13005, -1.25],
			"to": [12.64177, -5.13005, 1.55],
			"rotation": {"angle": 45, "axis": "z", "origin": [8.89177, -3.13005, 8]},
			"faces": {
				"north": {"uv": [5.8125, 4.8125, 5.875, 4.875], "texture": "#0"},
				"east": {"uv": [5.625, 4.8125, 5.8125, 4.875], "texture": "#0"},
				"south": {"uv": [6.0625, 4.8125, 6.125, 4.875], "texture": "#0"},
				"west": {"uv": [5.875, 4.8125, 6.0625, 4.875], "texture": "#0"},
				"up": {"uv": [5.875, 4.8125, 5.8125, 4.625], "texture": "#0"},
				"down": {"uv": [5.9375, 4.625, 5.875, 4.8125], "texture": "#0"}
			}
		},
		{
			"from": [11.64177, -4.13005, -1.25],
			"to": [12.64177, -3.13005, 1.55],
			"rotation": {"angle": 45, "axis": "z", "origin": [8.89177, -3.13005, 8]},
			"faces": {
				"north": {"uv": [5.8125, 4.3125, 5.875, 4.375], "texture": "#0"},
				"east": {"uv": [5.625, 4.3125, 5.8125, 4.375], "texture": "#0"},
				"south": {"uv": [6.0625, 4.3125, 6.125, 4.375], "texture": "#0"},
				"west": {"uv": [5.875, 4.3125, 6.0625, 4.375], "texture": "#0"},
				"up": {"uv": [5.875, 4.3125, 5.8125, 4.125], "texture": "#0"},
				"down": {"uv": [5.9375, 4.125, 5.875, 4.3125], "texture": "#0"}
			}
		},
		{
			"from": [18.64177, -4.13005, -1.25],
			"to": [19.64177, -3.13005, 1.55],
			"rotation": {"angle": 45, "axis": "z", "origin": [8.89177, -3.13005, 8]},
			"faces": {
				"north": {"uv": [5.8125, 4.0625, 5.875, 4.125], "texture": "#0"},
				"east": {"uv": [5.625, 4.0625, 5.8125, 4.125], "texture": "#0"},
				"south": {"uv": [6.0625, 4.0625, 6.125, 4.125], "texture": "#0"},
				"west": {"uv": [5.875, 4.0625, 6.0625, 4.125], "texture": "#0"},
				"up": {"uv": [5.875, 4.0625, 5.8125, 3.875], "texture": "#0"},
				"down": {"uv": [5.9375, 3.875, 5.875, 4.0625], "texture": "#0"}
			}
		},
		{
			"from": [18.64177, -6.13005, -1.25],
			"to": [19.64177, -5.13005, 1.55],
			"rotation": {"angle": 45, "axis": "z", "origin": [8.89177, -3.13005, 8]},
			"faces": {
				"north": {"uv": [5.8125, 3.6875, 5.875, 3.75], "texture": "#0"},
				"east": {"uv": [5.625, 3.6875, 5.8125, 3.75], "texture": "#0"},
				"south": {"uv": [6.0625, 3.6875, 6.125, 3.75], "texture": "#0"},
				"west": {"uv": [5.875, 3.6875, 6.0625, 3.75], "texture": "#0"},
				"up": {"uv": [5.875, 3.6875, 5.8125, 3.5], "texture": "#0"},
				"down": {"uv": [5.9375, 3.5, 5.875, 3.6875], "texture": "#0"}
			}
		},
		{
			"from": [18.64177, -8.13005, -1.25],
			"to": [19.64177, -7.13005, 1.55],
			"rotation": {"angle": 45, "axis": "z", "origin": [8.89177, -3.13005, 8]},
			"faces": {
				"north": {"uv": [5.8125, 2.9375, 5.875, 3], "texture": "#0"},
				"east": {"uv": [5.625, 2.9375, 5.8125, 3], "texture": "#0"},
				"south": {"uv": [6.0625, 2.9375, 6.125, 3], "texture": "#0"},
				"west": {"uv": [5.875, 2.9375, 6.0625, 3], "texture": "#0"},
				"up": {"uv": [5.875, 2.9375, 5.8125, 2.75], "texture": "#0"},
				"down": {"uv": [5.9375, 2.75, 5.875, 2.9375], "texture": "#0"}
			}
		},
		{
			"from": [21.90547, -1.12718, -1.61713],
			"to": [22.90547, -0.12718, 0.38287],
			"rotation": {"angle": 45, "axis": "z", "origin": [24.16449, -3.12103, -2.14858]},
			"faces": {
				"north": {"uv": [1.6875, 6.4375, 1.75, 6.5], "texture": "#0"},
				"east": {"uv": [1.5625, 6.4375, 1.6875, 6.5], "texture": "#0"},
				"south": {"uv": [1.875, 6.4375, 1.9375, 6.5], "texture": "#0"},
				"west": {"uv": [1.75, 6.4375, 1.875, 6.5], "texture": "#0"},
				"up": {"uv": [1.75, 6.4375, 1.6875, 6.3125], "texture": "#0"},
				"down": {"uv": [1.8125, 6.3125, 1.75, 6.4375], "texture": "#0"}
			}
		},
		{
			"from": [21.90547, 0.87282, -1.61713],
			"to": [22.90547, 1.87282, 0.38287],
			"rotation": {"angle": 45, "axis": "z", "origin": [24.16449, -3.12103, -2.14858]},
			"faces": {
				"north": {"uv": [6.3125, 0.875, 6.375, 0.9375], "texture": "#0"},
				"east": {"uv": [6.1875, 0.875, 6.3125, 0.9375], "texture": "#0"},
				"south": {"uv": [6.5, 0.875, 6.5625, 0.9375], "texture": "#0"},
				"west": {"uv": [6.375, 0.875, 6.5, 0.9375], "texture": "#0"},
				"up": {"uv": [6.375, 0.875, 6.3125, 0.75], "texture": "#0"},
				"down": {"uv": [6.4375, 0.75, 6.375, 0.875], "texture": "#0"}
			}
		},
		{
			"from": [20.90547, -4.12718, -2.61713],
			"to": [21.90547, -3.12718, -0.61713],
			"rotation": {"angle": 45, "axis": "z", "origin": [24.16449, -3.12103, -2.14858]},
			"faces": {
				"north": {"uv": [6.375, 4, 6.4375, 4.0625], "texture": "#0"},
				"east": {"uv": [6.25, 4, 6.375, 4.0625], "texture": "#0"},
				"south": {"uv": [6.5625, 4, 6.625, 4.0625], "texture": "#0"},
				"west": {"uv": [6.4375, 4, 6.5625, 4.0625], "texture": "#0"},
				"up": {"uv": [6.4375, 4, 6.375, 3.875], "texture": "#0"},
				"down": {"uv": [6.5, 3.875, 6.4375, 4], "texture": "#0"}
			}
		},
		{
			"from": [17.90547, -4.12718, -2.61713],
			"to": [18.90547, -3.12718, -0.61713],
			"rotation": {"angle": 45, "axis": "z", "origin": [24.16449, -3.12103, -2.14858]},
			"faces": {
				"north": {"uv": [5.25, 6.375, 5.3125, 6.4375], "texture": "#0"},
				"east": {"uv": [5.125, 6.375, 5.25, 6.4375], "texture": "#0"},
				"south": {"uv": [5.4375, 6.375, 5.5, 6.4375], "texture": "#0"},
				"west": {"uv": [5.3125, 6.375, 5.4375, 6.4375], "texture": "#0"},
				"up": {"uv": [5.3125, 6.375, 5.25, 6.25], "texture": "#0"},
				"down": {"uv": [5.375, 6.25, 5.3125, 6.375], "texture": "#0"}
			}
		},
		{
			"from": [22.90547, -2.12718, -0.61713],
			"to": [23.90547, 1.87282, 0.38287],
			"rotation": {"angle": 45, "axis": "z", "origin": [24.16449, -3.12103, -2.14858]},
			"faces": {
				"north": {"uv": [5.0625, 2.125, 5.125, 2.375], "texture": "#0"},
				"east": {"uv": [5, 2.125, 5.0625, 2.375], "texture": "#0"},
				"south": {"uv": [5.1875, 2.125, 5.25, 2.375], "texture": "#0"},
				"west": {"uv": [5.125, 2.125, 5.1875, 2.375], "texture": "#0"},
				"up": {"uv": [5.125, 2.125, 5.0625, 2.0625], "texture": "#0"},
				"down": {"uv": [5.1875, 2.0625, 5.125, 2.125], "texture": "#0"}
			}
		},
		{
			"from": [19.64177, -9.13005, -0.25],
			"to": [20.64177, -3.13005, 0.75],
			"rotation": {"angle": 45, "axis": "z", "origin": [8.89177, -3.13005, 8]},
			"faces": {
				"north": {"uv": [5.875, 5.875, 5.9375, 6.25], "texture": "#0"},
				"east": {"uv": [5.8125, 5.875, 5.875, 6.25], "texture": "#0"},
				"south": {"uv": [6, 5.875, 6.0625, 6.25], "texture": "#0"},
				"west": {"uv": [5.9375, 5.875, 6, 6.25], "texture": "#0"},
				"up": {"uv": [5.9375, 5.875, 5.875, 5.8125], "texture": "#0"},
				"down": {"uv": [6, 5.8125, 5.9375, 5.875], "texture": "#0"}
			}
		},
		{
			"from": [16.90547, -1.12718, -1.61713],
			"to": [17.90547, -0.12718, 0.38287],
			"rotation": {"angle": 45, "axis": "z", "origin": [24.16449, -3.12103, -2.14858]},
			"faces": {
				"north": {"uv": [0.4375, 6.4375, 0.5, 6.5], "texture": "#0"},
				"east": {"uv": [0.3125, 6.4375, 0.4375, 6.5], "texture": "#0"},
				"south": {"uv": [0.625, 6.4375, 0.6875, 6.5], "texture": "#0"},
				"west": {"uv": [0.5, 6.4375, 0.625, 6.5], "texture": "#0"},
				"up": {"uv": [0.5, 6.4375, 0.4375, 6.3125], "texture": "#0"},
				"down": {"uv": [0.5625, 6.3125, 0.5, 6.4375], "texture": "#0"}
			}
		},
		{
			"from": [16.90547, 0.87282, -1.61713],
			"to": [17.90547, 1.87282, 0.38287],
			"rotation": {"angle": 45, "axis": "z", "origin": [24.16449, -3.12103, -2.14858]},
			"faces": {
				"north": {"uv": [6.375, 4.3125, 6.4375, 4.375], "texture": "#0"},
				"east": {"uv": [6.25, 4.3125, 6.375, 4.375], "texture": "#0"},
				"south": {"uv": [6.5625, 4.3125, 6.625, 4.375], "texture": "#0"},
				"west": {"uv": [6.4375, 4.3125, 6.5625, 4.375], "texture": "#0"},
				"up": {"uv": [6.4375, 4.3125, 6.375, 4.1875], "texture": "#0"},
				"down": {"uv": [6.5, 4.1875, 6.4375, 4.3125], "texture": "#0"}
			}
		},
		{
			"from": [-7.90547, -2.12718, 0.38287],
			"to": [0.09453, 1.87282, 1.38287],
			"rotation": {"angle": -45, "axis": "z", "origin": [-8.16449, -3.12103, -2.14858]},
			"faces": {
				"north": {"uv": [2.75, 2.5, 3.25, 2.75], "texture": "#0"},
				"east": {"uv": [2.6875, 2.5, 2.75, 2.75], "texture": "#0"},
				"south": {"uv": [3.3125, 2.5, 3.8125, 2.75], "texture": "#0"},
				"west": {"uv": [3.25, 2.5, 3.3125, 2.75], "texture": "#0"},
				"up": {"uv": [3.25, 2.5, 2.75, 2.4375], "texture": "#0"},
				"down": {"uv": [3.75, 2.4375, 3.25, 2.5], "texture": "#0"}
			}
		},
		{
			"from": [-6.90547, -5.12718, -0.61713],
			"to": [-0.90547, -2.12718, 0.38287],
			"rotation": {"angle": -45, "axis": "z", "origin": [-8.16449, -3.12103, -2.14858]},
			"faces": {
				"north": {"uv": [0.0625, 0.75, 0.4375, 0.9375], "texture": "#0"},
				"east": {"uv": [0, 0.75, 0.0625, 0.9375], "texture": "#0"},
				"south": {"uv": [0.5, 0.75, 0.875, 0.9375], "texture": "#0"},
				"west": {"uv": [0.4375, 0.75, 0.5, 0.9375], "texture": "#0"},
				"up": {"uv": [0.4375, 0.75, 0.0625, 0.6875], "texture": "#0"},
				"down": {"uv": [0.8125, 0.6875, 0.4375, 0.75], "texture": "#0"}
			}
		},
		{
			"from": [-6.90547, -5.12718, -1.61713],
			"to": [-5.90547, -2.12718, -0.61713],
			"rotation": {"angle": -45, "axis": "z", "origin": [-8.16449, -3.12103, -2.14858]},
			"faces": {
				"north": {"uv": [6.375, 2.5625, 6.4375, 2.75], "texture": "#0"},
				"east": {"uv": [6.3125, 2.5625, 6.375, 2.75], "texture": "#0"},
				"south": {"uv": [6.5, 2.5625, 6.5625, 2.75], "texture": "#0"},
				"west": {"uv": [6.4375, 2.5625, 6.5, 2.75], "texture": "#0"},
				"up": {"uv": [6.4375, 2.5625, 6.375, 2.5], "texture": "#0"},
				"down": {"uv": [6.5, 2.5, 6.4375, 2.5625], "texture": "#0"}
			}
		},
		{
			"from": [-1.90547, -5.12718, -1.61713],
			"to": [-0.90547, -2.12718, -0.61713],
			"rotation": {"angle": -45, "axis": "z", "origin": [-8.16449, -3.12103, -2.14858]},
			"faces": {
				"north": {"uv": [3.125, 6.0625, 3.1875, 6.25], "texture": "#0"},
				"east": {"uv": [3.0625, 6.0625, 3.125, 6.25], "texture": "#0"},
				"south": {"uv": [3.25, 6.0625, 3.3125, 6.25], "texture": "#0"},
				"west": {"uv": [3.1875, 6.0625, 3.25, 6.25], "texture": "#0"},
				"up": {"uv": [3.1875, 6.0625, 3.125, 6], "texture": "#0"},
				"down": {"uv": [3.25, 6, 3.1875, 6.0625], "texture": "#0"}
			}
		},
		{
			"from": [-5.90547, -5.12718, -1.61713],
			"to": [-1.90547, -4.12718, -0.61713],
			"rotation": {"angle": -45, "axis": "z", "origin": [-8.16449, -3.12103, -2.14858]},
			"faces": {
				"north": {"uv": [0.375, 3.8125, 0.625, 3.875], "texture": "#0"},
				"east": {"uv": [0.3125, 3.8125, 0.375, 3.875], "texture": "#0"},
				"south": {"uv": [0.6875, 3.8125, 0.9375, 3.875], "texture": "#0"},
				"west": {"uv": [0.625, 3.8125, 0.6875, 3.875], "texture": "#0"},
				"up": {"uv": [0.625, 3.8125, 0.375, 3.75], "texture": "#0"},
				"down": {"uv": [0.875, 3.75, 0.625, 3.8125], "texture": "#0"}
			}
		},
		{
			"from": [-4.64177, -9.13005, 0.75],
			"to": [5.35823, -2.13005, 1.75],
			"rotation": {"angle": -45, "axis": "z", "origin": [7.10823, -3.13005, 8]},
			"faces": {
				"north": {"uv": [2.75, 3.9375, 3.375, 4.375], "texture": "#0"},
				"east": {"uv": [2.6875, 3.9375, 2.75, 4.375], "texture": "#0"},
				"south": {"uv": [3.4375, 3.9375, 4.0625, 4.375], "texture": "#0"},
				"west": {"uv": [3.375, 3.9375, 3.4375, 4.375], "texture": "#0"},
				"up": {"uv": [3.375, 3.9375, 2.75, 3.875], "texture": "#0"},
				"down": {"uv": [4, 3.875, 3.375, 3.9375], "texture": "#0"}
			}
		},
		{
			"from": [4.35823, -9.13005, -0.25],
			"to": [5.35823, -3.13005, 0.75],
			"rotation": {"angle": -45, "axis": "z", "origin": [7.10823, -3.13005, 8]},
			"faces": {
				"north": {"uv": [3.1875, 5.625, 3.25, 6], "texture": "#0"},
				"east": {"uv": [3.125, 5.625, 3.1875, 6], "texture": "#0"},
				"south": {"uv": [3.3125, 5.625, 3.375, 6], "texture": "#0"},
				"west": {"uv": [3.25, 5.625, 3.3125, 6], "texture": "#0"},
				"up": {"uv": [3.25, 5.625, 3.1875, 5.5625], "texture": "#0"},
				"down": {"uv": [3.3125, 5.5625, 3.25, 5.625], "texture": "#0"}
			}
		},
		{
			"from": [-0.90547, -2.12718, -0.61713],
			"to": [0.09453, 1.87282, 0.38287],
			"rotation": {"angle": -45, "axis": "z", "origin": [-8.16449, -3.12103, -2.14858]},
			"faces": {
				"north": {"uv": [4.125, 3.9375, 4.1875, 4.1875], "texture": "#0"},
				"east": {"uv": [4.0625, 3.9375, 4.125, 4.1875], "texture": "#0"},
				"south": {"uv": [4.25, 3.9375, 4.3125, 4.1875], "texture": "#0"},
				"west": {"uv": [4.1875, 3.9375, 4.25, 4.1875], "texture": "#0"},
				"up": {"uv": [4.1875, 3.9375, 4.125, 3.875], "texture": "#0"},
				"down": {"uv": [4.25, 3.875, 4.1875, 3.9375], "texture": "#0"}
			}
		},
		{
			"from": [3.35823, -8.13005, -1.25],
			"to": [4.35823, -7.13005, 1.55],
			"rotation": {"angle": -45, "axis": "z", "origin": [7.10823, -3.13005, 8]},
			"faces": {
				"north": {"uv": [5.8125, 1.875, 5.875, 1.9375], "texture": "#0"},
				"east": {"uv": [5.625, 1.875, 5.8125, 1.9375], "texture": "#0"},
				"south": {"uv": [6.0625, 1.875, 6.125, 1.9375], "texture": "#0"},
				"west": {"uv": [5.875, 1.875, 6.0625, 1.9375], "texture": "#0"},
				"up": {"uv": [5.875, 1.875, 5.8125, 1.6875], "texture": "#0"},
				"down": {"uv": [5.9375, 1.6875, 5.875, 1.875], "texture": "#0"}
			}
		},
		{
			"from": [3.35823, -6.13005, -1.25],
			"to": [4.35823, -5.13005, 1.55],
			"rotation": {"angle": -45, "axis": "z", "origin": [7.10823, -3.13005, 8]},
			"faces": {
				"north": {"uv": [2.8125, 5.75, 2.875, 5.8125], "texture": "#0"},
				"east": {"uv": [2.625, 5.75, 2.8125, 5.8125], "texture": "#0"},
				"south": {"uv": [3.0625, 5.75, 3.125, 5.8125], "texture": "#0"},
				"west": {"uv": [2.875, 5.75, 3.0625, 5.8125], "texture": "#0"},
				"up": {"uv": [2.875, 5.75, 2.8125, 5.5625], "texture": "#0"},
				"down": {"uv": [2.9375, 5.5625, 2.875, 5.75], "texture": "#0"}
			}
		},
		{
			"from": [3.35823, -4.13005, -1.25],
			"to": [4.35823, -3.13005, 1.55],
			"rotation": {"angle": -45, "axis": "z", "origin": [7.10823, -3.13005, 8]},
			"faces": {
				"north": {"uv": [0.6875, 5.75, 0.75, 5.8125], "texture": "#0"},
				"east": {"uv": [0.5, 5.75, 0.6875, 5.8125], "texture": "#0"},
				"south": {"uv": [0.9375, 5.75, 1, 5.8125], "texture": "#0"},
				"west": {"uv": [0.75, 5.75, 0.9375, 5.8125], "texture": "#0"},
				"up": {"uv": [0.75, 5.75, 0.6875, 5.5625], "texture": "#0"},
				"down": {"uv": [0.8125, 5.5625, 0.75, 5.75], "texture": "#0"}
			}
		},
		{
			"from": [-3.64177, -4.13005, -1.25],
			"to": [-2.64177, -3.13005, 1.55],
			"rotation": {"angle": -45, "axis": "z", "origin": [7.10823, -3.13005, 8]},
			"faces": {
				"north": {"uv": [0.1875, 5.75, 0.25, 5.8125], "texture": "#0"},
				"east": {"uv": [0, 5.75, 0.1875, 5.8125], "texture": "#0"},
				"south": {"uv": [0.4375, 5.75, 0.5, 5.8125], "texture": "#0"},
				"west": {"uv": [0.25, 5.75, 0.4375, 5.8125], "texture": "#0"},
				"up": {"uv": [0.25, 5.75, 0.1875, 5.5625], "texture": "#0"},
				"down": {"uv": [0.3125, 5.5625, 0.25, 5.75], "texture": "#0"}
			}
		},
		{
			"from": [-3.64177, -6.13005, -1.25],
			"to": [-2.64177, -5.13005, 1.55],
			"rotation": {"angle": -45, "axis": "z", "origin": [7.10823, -3.13005, 8]},
			"faces": {
				"north": {"uv": [5.6875, 5.6875, 5.75, 5.75], "texture": "#0"},
				"east": {"uv": [5.5, 5.6875, 5.6875, 5.75], "texture": "#0"},
				"south": {"uv": [5.9375, 5.6875, 6, 5.75], "texture": "#0"},
				"west": {"uv": [5.75, 5.6875, 5.9375, 5.75], "texture": "#0"},
				"up": {"uv": [5.75, 5.6875, 5.6875, 5.5], "texture": "#0"},
				"down": {"uv": [5.8125, 5.5, 5.75, 5.6875], "texture": "#0"}
			}
		},
		{
			"from": [-3.64177, -8.13005, -1.25],
			"to": [-2.64177, -7.13005, 1.55],
			"rotation": {"angle": -45, "axis": "z", "origin": [7.10823, -3.13005, 8]},
			"faces": {
				"north": {"uv": [3.75, 4.75, 3.8125, 4.8125], "texture": "#0"},
				"east": {"uv": [3.5625, 4.75, 3.75, 4.8125], "texture": "#0"},
				"south": {"uv": [4, 4.75, 4.0625, 4.8125], "texture": "#0"},
				"west": {"uv": [3.8125, 4.75, 4, 4.8125], "texture": "#0"},
				"up": {"uv": [3.8125, 4.75, 3.75, 4.5625], "texture": "#0"},
				"down": {"uv": [3.875, 4.5625, 3.8125, 4.75], "texture": "#0"}
			}
		},
		{
			"from": [-6.90547, -1.12718, -1.61713],
			"to": [-5.90547, -0.12718, 0.38287],
			"rotation": {"angle": -45, "axis": "z", "origin": [-8.16449, -3.12103, -2.14858]},
			"faces": {
				"north": {"uv": [6.25, 0.6875, 6.3125, 0.75], "texture": "#0"},
				"east": {"uv": [6.125, 0.6875, 6.25, 0.75], "texture": "#0"},
				"south": {"uv": [6.4375, 0.6875, 6.5, 0.75], "texture": "#0"},
				"west": {"uv": [6.3125, 0.6875, 6.4375, 0.75], "texture": "#0"},
				"up": {"uv": [6.3125, 0.6875, 6.25, 0.5625], "texture": "#0"},
				"down": {"uv": [6.375, 0.5625, 6.3125, 0.6875], "texture": "#0"}
			}
		},
		{
			"from": [-6.90547, 0.87282, -1.61713],
			"to": [-5.90547, 1.87282, 0.38287],
			"rotation": {"angle": -45, "axis": "z", "origin": [-8.16449, -3.12103, -2.14858]},
			"faces": {
				"north": {"uv": [2.6875, 6.1875, 2.75, 6.25], "texture": "#0"},
				"east": {"uv": [2.5625, 6.1875, 2.6875, 6.25], "texture": "#0"},
				"south": {"uv": [2.875, 6.1875, 2.9375, 6.25], "texture": "#0"},
				"west": {"uv": [2.75, 6.1875, 2.875, 6.25], "texture": "#0"},
				"up": {"uv": [2.75, 6.1875, 2.6875, 6.0625], "texture": "#0"},
				"down": {"uv": [2.8125, 6.0625, 2.75, 6.1875], "texture": "#0"}
			}
		},
		{
			"from": [-5.90547, -4.12718, -2.61713],
			"to": [-4.90547, -3.12718, -0.61713],
			"rotation": {"angle": -45, "axis": "z", "origin": [-8.16449, -3.12103, -2.14858]},
			"faces": {
				"north": {"uv": [2.1875, 6.1875, 2.25, 6.25], "texture": "#0"},
				"east": {"uv": [2.0625, 6.1875, 2.1875, 6.25], "texture": "#0"},
				"south": {"uv": [2.375, 6.1875, 2.4375, 6.25], "texture": "#0"},
				"west": {"uv": [2.25, 6.1875, 2.375, 6.25], "texture": "#0"},
				"up": {"uv": [2.25, 6.1875, 2.1875, 6.0625], "texture": "#0"},
				"down": {"uv": [2.3125, 6.0625, 2.25, 6.1875], "texture": "#0"}
			}
		},
		{
			"from": [-2.90547, -4.12718, -2.61713],
			"to": [-1.90547, -3.12718, -0.61713],
			"rotation": {"angle": -45, "axis": "z", "origin": [-8.16449, -3.12103, -2.14858]},
			"faces": {
				"north": {"uv": [1.6875, 6.1875, 1.75, 6.25], "texture": "#0"},
				"east": {"uv": [1.5625, 6.1875, 1.6875, 6.25], "texture": "#0"},
				"south": {"uv": [1.875, 6.1875, 1.9375, 6.25], "texture": "#0"},
				"west": {"uv": [1.75, 6.1875, 1.875, 6.25], "texture": "#0"},
				"up": {"uv": [1.75, 6.1875, 1.6875, 6.0625], "texture": "#0"},
				"down": {"uv": [1.8125, 6.0625, 1.75, 6.1875], "texture": "#0"}
			}
		},
		{
			"from": [-7.90547, -2.12718, -0.61713],
			"to": [-6.90547, 1.87282, 0.38287],
			"rotation": {"angle": -45, "axis": "z", "origin": [-8.16449, -3.12103, -2.14858]},
			"faces": {
				"north": {"uv": [2.75, 2.0625, 2.8125, 2.3125], "texture": "#0"},
				"east": {"uv": [2.6875, 2.0625, 2.75, 2.3125], "texture": "#0"},
				"south": {"uv": [2.875, 2.0625, 2.9375, 2.3125], "texture": "#0"},
				"west": {"uv": [2.8125, 2.0625, 2.875, 2.3125], "texture": "#0"},
				"up": {"uv": [2.8125, 2.0625, 2.75, 2], "texture": "#0"},
				"down": {"uv": [2.875, 2, 2.8125, 2.0625], "texture": "#0"}
			}
		},
		{
			"from": [-4.64177, -9.13005, -0.25],
			"to": [-3.64177, -3.13005, 0.75],
			"rotation": {"angle": -45, "axis": "z", "origin": [7.10823, -3.13005, 8]},
			"faces": {
				"north": {"uv": [0.6875, 2, 0.75, 2.375], "texture": "#0"},
				"east": {"uv": [0.625, 2, 0.6875, 2.375], "texture": "#0"},
				"south": {"uv": [0.8125, 2, 0.875, 2.375], "texture": "#0"},
				"west": {"uv": [0.75, 2, 0.8125, 2.375], "texture": "#0"},
				"up": {"uv": [0.75, 2, 0.6875, 1.9375], "texture": "#0"},
				"down": {"uv": [0.8125, 1.9375, 0.75, 2], "texture": "#0"}
			}
		},
		{
			"from": [-1.90547, -1.12718, -1.61713],
			"to": [-0.90547, -0.12718, 0.38287],
			"rotation": {"angle": -45, "axis": "z", "origin": [-8.16449, -3.12103, -2.14858]},
			"faces": {
				"north": {"uv": [0.4375, 6.1875, 0.5, 6.25], "texture": "#0"},
				"east": {"uv": [0.3125, 6.1875, 0.4375, 6.25], "texture": "#0"},
				"south": {"uv": [0.625, 6.1875, 0.6875, 6.25], "texture": "#0"},
				"west": {"uv": [0.5, 6.1875, 0.625, 6.25], "texture": "#0"},
				"up": {"uv": [0.5, 6.1875, 0.4375, 6.0625], "texture": "#0"},
				"down": {"uv": [0.5625, 6.0625, 0.5, 6.1875], "texture": "#0"}
			}
		},
		{
			"from": [-1.90547, 0.87282, -1.61713],
			"to": [-0.90547, 1.87282, 0.38287],
			"rotation": {"angle": -45, "axis": "z", "origin": [-8.16449, -3.12103, -2.14858]},
			"faces": {
				"north": {"uv": [6.0625, 4.75, 6.125, 4.8125], "texture": "#0"},
				"east": {"uv": [5.9375, 4.75, 6.0625, 4.8125], "texture": "#0"},
				"south": {"uv": [6.25, 4.75, 6.3125, 4.8125], "texture": "#0"},
				"west": {"uv": [6.125, 4.75, 6.25, 4.8125], "texture": "#0"},
				"up": {"uv": [6.125, 4.75, 6.0625, 4.625], "texture": "#0"},
				"down": {"uv": [6.1875, 4.625, 6.125, 4.75], "texture": "#0"}
			}
		}
	],
	"display": {
		"thirdperson_righthand": {
			"translation": [0, 3, 1],
			"scale": [0.55, 0.55, 0.55]
		},
		"firstperson_righthand": {
			"rotation": [0, -90, 25],
			"translation": [1.13, 3.2, 1.13],
			"scale": [0.68, 0.68, 0.68]
		},
		"ground": {
			"translation": [0, 2, 0],
			"scale": [0.5, 0.5, 0.5]
		},
		"gui": {
			"rotation": [0, -146, -28],
			"translation": [-1.75, 1.75, 0],
			"scale": [0.4, 0.4, 0.4]
		},
		"head": {
			"translation": [0, 0, -1.5],
			"scale": [0.91, 0.91, 0.91]
		}
	},
	"groups": [0, 1, 2, 3, 4, 5, 6, 7, 8, 9, 10, 11, 12, 13, 14, 15, 16, 17, 18, 19, 20, 21, 22, 23, 24, 25,
		{
			"name": "mouth-thing",
			"origin": [7.98909, 25.11914, 18.91718],
			"children": [26, 27, 28, 29, 30, 31, 32, 33, 34, 35, 36, 37, 38, 39, 40, 41, 42, 43, 44, 45, 46, 47, 48, 49]
		},
		{
			"name": "mouth-thing",
			"origin": [7.98909, 25.11914, 18.91718],
			"children": [50, 51, 52, 53, 54, 55, 56, 57, 58, 59, 60, 61, 62, 63, 64, 65, 66, 67, 68, 69, 70, 71]
		},
		{
			"name": "mouth-thing",
			"origin": [7.98909, 25.11914, 18.91718],
			"children": [72, 73, 74, 75, 76, 77, 78, 79, 80, 81, 82, 83, 84, 85, 86, 87, 88, 89, 90, 91, 92, 93, 94, 95, 96, 97]
		},
		{
			"name": "mouth-thing",
			"origin": [7.98909, 25.11914, 18.91718],
			"children": [98, 99, 100, 101, 102, 103, 104, 105, 106, 107, 108, 109, 110, 111, 112, 113, 114, 115, 116, 117, 118, 119, 120, 121, 122, 123]
		},
		{
			"name": "mouth-thing",
			"origin": [7.98909, 25.11914, 18.91718],
			"children": [124, 125, 126, 127, 128, 129, 130, 131, 132, 133, 134, 135, 136, 137, 138, 139, 140, 141, 142, 143, 144, 145]
		}
	]
}