{
	"credit": "Made with Blockbench",
	"textures": {
		"0": "item/wearables/black",
		"particle": "item/wearables/black"
	},
	"elements": [
		{
			"from": [-0.25, -0.75, -0.25],
			"to": [16.25, 10.5, 16.25],
			"faces": {
				"north": {"uv": [1.0625, 1.0625, 2.125, 1.75], "texture": "#0"},
				"east": {"uv": [0, 1.0625, 1.0625, 1.75], "texture": "#0"},
				"south": {"uv": [3.1875, 1.0625, 4.25, 1.75], "texture": "#0"},
				"west": {"uv": [2.125, 1.0625, 3.1875, 1.75], "texture": "#0"},
				"up": {"uv": [2.125, 1.0625, 1.0625, 0], "texture": "#0"},
				"down": {"uv": [3.1875, 0, 2.125, 1.0625], "texture": "#0"}
			}
		},
		{
			"from": [-0.5, -1, -0.5],
			"to": [16.5, 10.75, 16.5],
			"faces": {
				"north": {"uv": [0, 15.313, 1.062, 16], "texture": "#0"},
				"east": {"uv": [0, 15.313, 1.062, 16], "texture": "#0"},
				"south": {"uv": [0, 15.313, 1.063, 16], "texture": "#0"},
				"west": {"uv": [0, 15.313, 1.062, 15.999], "texture": "#0"},
				"up": {"uv": [1.375, 12.25, 0.313, 11.188], "texture": "#0"},
				"down": {"uv": [2.375, 10.25, 1.313, 11.313], "texture": "#0"}
			}
		},
		{
			"from": [-1, -1, 16],
			"to": [17, 15, 17],
			"faces": {
				"north": {"uv": [0.0625, 6.0625, 1.1875, 7.0625], "texture": "#0"},
				"east": {"uv": [0, 6.0625, 0.0625, 7.0625], "texture": "#0"},
				"south": {"uv": [1.25, 6.0625, 2.375, 7.0625], "texture": "#0"},
				"west": {"uv": [1.1875, 6.0625, 1.25, 7.0625], "texture": "#0"},
				"up": {"uv": [1.1875, 6.0625, 0.0625, 6], "texture": "#0"},
				"down": {"uv": [2.3125, 6, 1.1875, 6.0625], "texture": "#0"}
			}
		},
		{
			"from": [-1, -1, -1],
			"to": [17, 15, 0],
			"faces": {
				"north": {"uv": [5.4375, 4.1875, 6.5625, 5.1875], "texture": "#0"},
				"east": {"uv": [5.375, 4.1875, 5.4375, 5.1875], "texture": "#0"},
				"south": {"uv": [6.625, 4.1875, 7.75, 5.1875], "texture": "#0"},
				"west": {"uv": [6.5625, 4.1875, 6.625, 5.1875], "texture": "#0"},
				"up": {"uv": [6.5625, 4.1875, 5.4375, 4.125], "texture": "#0"},
				"down": {"uv": [7.6875, 4.125, 6.5625, 4.1875], "texture": "#0"}
			}
		},
		{
			"from": [0, 15, 0],
			"to": [16, 17, 16],
			"faces": {
				"north": {"uv": [1, 2.75, 2, 2.875], "texture": "#0"},
				"east": {"uv": [0, 2.75, 1, 2.875], "texture": "#0"},
				"south": {"uv": [3, 2.75, 4, 2.875], "texture": "#0"},
				"west": {"uv": [2, 2.75, 3, 2.875], "texture": "#0"},
				"up": {"uv": [2, 2.75, 1, 1.75], "texture": "#0"},
				"down": {"uv": [3, 1.75, 2, 2.75], "texture": "#0"}
			}
		},
		{
			"from": [0, 10, 0],
			"to": [16, 12, 16],
			"faces": {
				"north": {"uv": [1, 3.875, 2, 4], "texture": "#0"},
				"east": {"uv": [0, 3.875, 1, 4], "texture": "#0"},
				"south": {"uv": [3, 3.875, 4, 4], "texture": "#0"},
				"west": {"uv": [2, 3.875, 3, 4], "texture": "#0"},
				"up": {"uv": [2, 3.875, 1, 2.875], "texture": "#0"},
				"down": {"uv": [3, 2.875, 2, 3.875], "texture": "#0"}
			}
		},
		{
			"from": [0, 16, -1],
			"to": [16, 17, 0],
			"faces": {
				"north": {"uv": [3.3125, 4.1875, 4.3125, 4.25], "texture": "#0"},
				"east": {"uv": [3.25, 4.1875, 3.3125, 4.25], "texture": "#0"},
				"south": {"uv": [4.375, 4.1875, 5.375, 4.25], "texture": "#0"},
				"west": {"uv": [4.3125, 4.1875, 4.375, 4.25], "texture": "#0"},
				"up": {"uv": [4.3125, 4.1875, 3.3125, 4.125], "texture": "#0"},
				"down": {"uv": [5.3125, 4.125, 4.3125, 4.1875], "texture": "#0"}
			}
		},
		{
			"from": [0, 16, 16],
			"to": [16, 17, 17],
			"faces": {
				"north": {"uv": [3.0625, 2.9375, 4.0625, 3], "texture": "#0"},
				"east": {"uv": [3, 2.9375, 3.0625, 3], "texture": "#0"},
				"south": {"uv": [4.125, 2.9375, 5.125, 3], "texture": "#0"},
				"west": {"uv": [4.0625, 2.9375, 4.125, 3], "texture": "#0"},
				"up": {"uv": [4.0625, 2.9375, 3.0625, 2.875], "texture": "#0"},
				"down": {"uv": [5.0625, 2.875, 4.0625, 2.9375], "texture": "#0"}
			}
		},
		{
			"from": [16, 16, 0],
			"to": [17, 17, 16],
			"faces": {
				"north": {"uv": [3.375, 7, 3.4375, 7.0625], "texture": "#0"},
				"east": {"uv": [2.375, 7, 3.375, 7.0625], "texture": "#0"},
				"south": {"uv": [4.4375, 7, 4.5, 7.0625], "texture": "#0"},
				"west": {"uv": [3.4375, 7, 4.4375, 7.0625], "texture": "#0"},
				"up": {"uv": [3.4375, 7, 3.375, 6], "texture": "#0"},
				"down": {"uv": [3.5, 6, 3.4375, 7], "texture": "#0"}
			}
		},
		{
			"from": [-1, 16, 0],
			"to": [0, 17, 16],
			"faces": {
				"north": {"uv": [6.375, 6.375, 6.4375, 6.4375], "texture": "#0"},
				"east": {"uv": [5.375, 6.375, 6.375, 6.4375], "texture": "#0"},
				"south": {"uv": [7.4375, 6.375, 7.5, 6.4375], "texture": "#0"},
				"west": {"uv": [6.4375, 6.375, 7.4375, 6.4375], "texture": "#0"},
				"up": {"uv": [6.4375, 6.375, 6.375, 5.375], "texture": "#0"},
				"down": {"uv": [6.5, 5.375, 6.4375, 6.375], "texture": "#0"}
			}
		},
		{
			"from": [-1, -1, 0],
			"to": [0, 15, 16],
			"faces": {
				"north": {"uv": [1, 5, 1.0625, 6], "texture": "#0"},
				"east": {"uv": [0, 5, 1, 6], "texture": "#0"},
				"south": {"uv": [2.0625, 5, 2.125, 6], "texture": "#0"},
				"west": {"uv": [1.0625, 5, 2.0625, 6], "texture": "#0"},
				"up": {"uv": [1.0625, 5, 1, 4], "texture": "#0"},
				"down": {"uv": [1.125, 4, 1.0625, 5], "texture": "#0"}
			}
		},
		{
			"from": [0, -2, 0],
			"to": [16, 0, 16],
			"faces": {
				"north": {"uv": [4, 4, 5, 4.125], "texture": "#0"},
				"east": {"uv": [3, 4, 4, 4.125], "texture": "#0"},
				"south": {"uv": [6, 4, 7, 4.125], "texture": "#0"},
				"west": {"uv": [5, 4, 6, 4.125], "texture": "#0"},
				"up": {"uv": [5, 4, 4, 3], "texture": "#0"},
				"down": {"uv": [6, 3, 5, 4], "texture": "#0"}
			}
		},
		{
			"from": [16, -1, 0],
			"to": [17, 15, 16],
			"faces": {
				"north": {"uv": [4.25, 1.75, 4.3125, 2.75], "texture": "#0"},
				"east": {"uv": [3.25, 1.75, 4.25, 2.75], "texture": "#0"},
				"south": {"uv": [5.3125, 1.75, 5.375, 2.75], "texture": "#0"},
				"west": {"uv": [4.3125, 1.75, 5.3125, 2.75], "texture": "#0"},
				"up": {"uv": [4.3125, 1.75, 4.25, 0.75], "texture": "#0"},
				"down": {"uv": [4.375, 0.75, 4.3125, 1.75], "texture": "#0"}
			}
		},
		{
			"from": [17, 0, 0],
			"to": [18, 13, 16],
			"faces": {
				"north": {"uv": [5.25, 5.25, 5.3125, 6.125], "texture": "#0"},
				"east": {"uv": [4.25, 5.25, 5.25, 6.125], "texture": "#0"},
				"south": {"uv": [6.3125, 5.25, 6.375, 6.125], "texture": "#0"},
				"west": {"uv": [5.3125, 5.25, 6.3125, 6.125], "texture": "#0"},
				"up": {"uv": [5.3125, 5.25, 5.25, 4.25], "texture": "#0"},
				"down": {"uv": [5.375, 4.25, 5.3125, 5.25], "texture": "#0"}
			}
		},
		{
			"from": [0, 0, -2],
			"to": [16, 13, -1],
			"faces": {
				"north": {"uv": [6.4375, 0.0625, 7.4375, 0.9375], "texture": "#0"},
				"east": {"uv": [6.375, 0.0625, 6.4375, 0.9375], "texture": "#0"},
				"south": {"uv": [7.5, 0.0625, 8.5, 0.9375], "texture": "#0"},
				"west": {"uv": [7.4375, 0.0625, 7.5, 0.9375], "texture": "#0"},
				"up": {"uv": [7.4375, 0.0625, 6.4375, 0], "texture": "#0"},
				"down": {"uv": [8.4375, 0, 7.4375, 0.0625], "texture": "#0"}
			}
		},
		{
			"from": [-2, 0, 0],
			"to": [-1, 13, 16],
			"faces": {
				"north": {"uv": [3.125, 5.125, 3.1875, 6], "texture": "#0"},
				"east": {"uv": [2.125, 5.125, 3.125, 6], "texture": "#0"},
				"south": {"uv": [4.1875, 5.125, 4.25, 6], "texture": "#0"},
				"west": {"uv": [3.1875, 5.125, 4.1875, 6], "texture": "#0"},
				"up": {"uv": [3.1875, 5.125, 3.125, 4.125], "texture": "#0"},
				"down": {"uv": [3.25, 4.125, 3.1875, 5.125], "texture": "#0"}
			}
		},
		{
			"from": [0, 0, 17],
			"to": [16, 13, 18],
			"faces": {
				"north": {"uv": [6.0625, 2.3125, 7.0625, 3.1875], "texture": "#0"},
				"east": {"uv": [6, 2.3125, 6.0625, 3.1875], "texture": "#0"},
				"south": {"uv": [7.125, 2.3125, 8.125, 3.1875], "texture": "#0"},
				"west": {"uv": [7.0625, 2.3125, 7.125, 3.1875], "texture": "#0"},
				"up": {"uv": [7.0625, 2.3125, 6.0625, 2.25], "texture": "#0"},
				"down": {"uv": [8.0625, 2.25, 7.0625, 2.3125], "texture": "#0"}
			}
		}
	],
	"display": {
		"thirdperson_righthand": {
			"translation": [0, 3, 1],
			"scale": [0.55, 0.55, 0.55]
		},
		"firstperson_righthand": {
			"rotation": [0, -90, 25],
			"translation": [1.13, 3.2, 1.13],
			"scale": [0.68, 0.68, 0.68]
		},
		"ground": {
			"translation": [0, 2, 0],
			"scale": [0.5, 0.5, 0.5]
		},
		"gui": {
			"rotation": [0, -41, 0],
			"scale": [0.6, 0.6, 0.6]
		},
		"head": {
			"translation": [0, 1, -0.25],
			"scale": [0.91, 0.91, 0.91]
		}
	}
}