{
	"credit": "Made with Blockbench",
	"textures": {
		"0": "item/wearables/black",
		"particle": "item/wearables/black"
	},
	"elements": [
		{
			"from": [0, 0, 0],
			"to": [16, 16, 16],
			"faces": {
				"north": {"uv": [2, 5.5, 4, 7.5], "texture": "#0"},
				"east": {"uv": [0, 5.5, 2, 7.5], "texture": "#0"},
				"south": {"uv": [6, 5.5, 8, 7.5], "texture": "#0"},
				"west": {"uv": [4, 5.5, 6, 7.5], "texture": "#0"},
				"up": {"uv": [4, 5.5, 2, 3.5], "texture": "#0"},
				"down": {"uv": [6, 3.5, 4, 5.5], "texture": "#0"}
			}
		},
		{
			"from": [9, -1, 1],
			"to": [18, 3, 15],
			"faces": {
				"north": {"uv": [9.25, 10.875, 10.375, 11.375], "texture": "#0"},
				"east": {"uv": [7.5, 10.875, 9.25, 11.375], "texture": "#0"},
				"south": {"uv": [12.125, 10.875, 13.25, 11.375], "texture": "#0"},
				"west": {"uv": [10.375, 10.875, 12.125, 11.375], "texture": "#0"},
				"up": {"uv": [10.375, 10.875, 9.25, 9.125], "texture": "#0"},
				"down": {"uv": [11.5, 9.125, 10.375, 10.875], "texture": "#0"}
			}
		},
		{
			"from": [6, 5, -3],
			"to": [9, 10, 19],
			"faces": {
				"north": {"uv": [6.75, 11.875, 7.125, 12.5], "texture": "#0"},
				"east": {"uv": [4, 11.875, 6.75, 12.5], "texture": "#0"},
				"south": {"uv": [9.875, 11.875, 10.25, 12.5], "texture": "#0"},
				"west": {"uv": [7.125, 11.875, 9.875, 12.5], "texture": "#0"},
				"up": {"uv": [7.125, 11.875, 6.75, 9.125], "texture": "#0"},
				"down": {"uv": [7.5, 9.125, 7.125, 11.875], "texture": "#0"}
			}
		},
		{
			"from": [6, 14, -2.75],
			"to": [9, 17, 18.5],
			"rotation": {"angle": 0, "axis": "y", "origin": [8, 7, 8]},
			"faces": {
				"north": {"uv": [3, 10.5, 3.375, 10.875], "texture": "#0"},
				"east": {"uv": [0, 10.5, 3, 10.875], "texture": "#0"},
				"south": {"uv": [6.375, 10.5, 6.75, 10.875], "texture": "#0"},
				"west": {"uv": [3.375, 10.5, 6.375, 10.875], "texture": "#0"},
				"up": {"uv": [3.375, 10.5, 3, 7.5], "texture": "#0"},
				"down": {"uv": [3.75, 7.5, 3.375, 10.5], "texture": "#0"}
			}
		},
		{
			"from": [5.5, 13.5, -3],
			"to": [9.5, 17.5, -1.25],
			"rotation": {"angle": 0, "axis": "y", "origin": [8, 7, 8]},
			"faces": {
				"north": {"uv": [0.125, 0.75, 0.625, 1.25], "texture": "#0"},
				"east": {"uv": [0, 0.75, 0.125, 1.25], "texture": "#0"},
				"south": {"uv": [0.75, 0.75, 1.25, 1.25], "texture": "#0"},
				"west": {"uv": [0.625, 0.75, 0.75, 1.25], "texture": "#0"},
				"up": {"uv": [0.625, 0.75, 0.125, 0.625], "texture": "#0"},
				"down": {"uv": [1.125, 0.625, 0.625, 0.75], "texture": "#0"}
			}
		},
		{
			"from": [5.5, 13.5, 17.25],
			"to": [9.5, 17.5, 19],
			"rotation": {"angle": 0, "axis": "y", "origin": [8, 7, 8]},
			"faces": {
				"north": {"uv": [0.125, 0.125, 0.625, 0.625], "texture": "#0"},
				"east": {"uv": [0, 0.125, 0.125, 0.625], "texture": "#0"},
				"south": {"uv": [0.75, 0.125, 1.25, 0.625], "texture": "#0"},
				"west": {"uv": [0.625, 0.125, 0.75, 0.625], "texture": "#0"},
				"up": {"uv": [0.625, 0.125, 0.125, 0], "texture": "#0"},
				"down": {"uv": [1.125, 0, 0.625, 0.125], "texture": "#0"}
			}
		},
		{
			"from": [-0.5, 10, -0.5],
			"to": [16.5, 19.5, 16.5],
			"faces": {
				"north": {"uv": [2.125, 2.125, 4.25, 3.5], "texture": "#0"},
				"east": {"uv": [0, 2.125, 2.125, 3.5], "texture": "#0"},
				"south": {"uv": [6.375, 2.125, 8.5, 3.5], "texture": "#0"},
				"west": {"uv": [4.25, 2.125, 6.375, 3.5], "texture": "#0"},
				"up": {"uv": [4.25, 2.125, 2.125, 0], "texture": "#0"},
				"down": {"uv": [6.375, 0, 4.25, 2.125], "texture": "#0"}
			}
		},
		{
			"from": [-0.75, 11.25, -0.75],
			"to": [16.75, 20.25, 16.75],
			"faces": {
				"north": {"uv": [8, 8, 10.125, 9.125], "texture": "#0"},
				"east": {"uv": [5.875, 8, 8, 9.125], "texture": "#0"},
				"south": {"uv": [12.25, 8, 14.375, 9.125], "texture": "#0"},
				"west": {"uv": [10.125, 8, 12.25, 9.125], "texture": "#0"},
				"up": {"uv": [10.125, 8, 8, 5.875], "texture": "#0"},
				"down": {"uv": [12.25, 5.875, 10.125, 8], "texture": "#0"}
			}
		},
		{
			"from": [0.5, 9.25, 0.25],
			"to": [18.25, 12.5, 15.75],
			"faces": {
				"north": {"uv": [8.5, 3.5, 10.625, 3.875], "texture": "#0"},
				"east": {"uv": [6.625, 3.5, 8.5, 3.875], "texture": "#0"},
				"south": {"uv": [12.5, 3.5, 14.625, 3.875], "texture": "#0"},
				"west": {"uv": [10.625, 3.5, 12.5, 3.875], "texture": "#0"},
				"up": {"uv": [10.625, 3.5, 8.5, 1.625], "texture": "#0"},
				"down": {"uv": [12.75, 1.625, 10.625, 3.5], "texture": "#0"}
			}
		},
		{
			"from": [11.5, 1.75, 5.5],
			"to": [16.75, 7, 10.5],
			"rotation": {"angle": 22.5, "axis": "z", "origin": [8, 8, 8]},
			"faces": {
				"north": {"uv": [6.625, 4.5, 7.25, 5.125], "texture": "#0"},
				"east": {"uv": [6, 4.5, 6.625, 5.125], "texture": "#0"},
				"south": {"uv": [7.875, 4.5, 8.5, 5.125], "texture": "#0"},
				"west": {"uv": [7.25, 4.5, 7.875, 5.125], "texture": "#0"},
				"up": {"uv": [7.25, 4.5, 6.625, 3.875], "texture": "#0"},
				"down": {"uv": [7.875, 3.875, 7.25, 4.5], "texture": "#0"}
			}
		}
	],
	"display": {
		"gui": {
			"rotation": [0, -57, 0],
			"translation": [0, -1, 0],
			"scale": [0.6, 0.6, 0.6]
		},
		"head": {
			"rotation": [0, 90, 0],
			"scale": [0.91, 0.91, 0.91]
		}
	}
}