{
	"credit": "Made with Blockbench",
	"textures": {
		"0": "item/wearables/black",
		"particle": "item/wearables/black"
	},
	"elements": [
		{
			"from": [-0.25, 0, -0.25],
			"to": [16.25, 16, 2],
			"faces": {
				"north": {"uv": [0.25, 10, 2.25, 12], "texture": "#0"},
				"east": {"uv": [0, 10, 0.25, 12], "texture": "#0"},
				"south": {"uv": [2.5, 10, 4.5, 12], "texture": "#0"},
				"west": {"uv": [2.25, 10, 2.5, 12], "texture": "#0"},
				"up": {"uv": [2.25, 10, 0.25, 9.75], "texture": "#0"},
				"down": {"uv": [4.25, 9.75, 2.25, 10], "texture": "#0"}
			}
		},
		{
			"from": [6, 4.5, -1.75],
			"to": [10, 6.5, 1.75],
			"rotation": {"angle": 0, "axis": "y", "origin": [8, 7.25, 8]},
			"faces": {
				"north": {"uv": [0.375, 0.375, 0.875, 0.625], "texture": "#0"},
				"east": {"uv": [0, 0.375, 0.375, 0.625], "texture": "#0"},
				"south": {"uv": [1.25, 0.375, 1.75, 0.625], "texture": "#0"},
				"west": {"uv": [0.875, 0.375, 1.25, 0.625], "texture": "#0"},
				"up": {"uv": [0.875, 0.375, 0.375, 0], "texture": "#0"},
				"down": {"uv": [1.375, 0, 0.875, 0.375], "texture": "#0"}
			}
		},
		{
			"from": [6.25, 5.75, -0.75],
			"to": [9.75, 8.25, 2],
			"rotation": {"angle": 22.5, "axis": "x", "origin": [7.98647, 7.26353, 0.25002]},
			"faces": {
				"north": {"uv": [0.25, 0.875, 0.625, 1.125], "texture": "#0"},
				"east": {"uv": [0, 0.875, 0.25, 1.125], "texture": "#0"},
				"south": {"uv": [0.875, 0.875, 1.25, 1.125], "texture": "#0"},
				"west": {"uv": [0.625, 0.875, 0.875, 1.125], "texture": "#0"},
				"up": {"uv": [0.625, 0.875, 0.25, 0.625], "texture": "#0"},
				"down": {"uv": [1, 0.625, 0.625, 0.875], "texture": "#0"}
			}
		},
		{
			"from": [0, 6, 0],
			"to": [16, 9, 16],
			"faces": {
				"north": {"uv": [2, 2, 4, 2.375], "texture": "#0"},
				"east": {"uv": [0, 2, 2, 2.375], "texture": "#0"},
				"south": {"uv": [6, 2, 8, 2.375], "texture": "#0"},
				"west": {"uv": [4, 2, 6, 2.375], "texture": "#0"},
				"up": {"uv": [4, 2, 2, 0], "texture": "#0"},
				"down": {"uv": [6, 0, 4, 2], "texture": "#0"}
			}
		},
		{
			"from": [0, 14, 0],
			"to": [16, 17, 15],
			"faces": {
				"north": {"uv": [1.875, 4.25, 3.875, 4.625], "texture": "#0"},
				"east": {"uv": [0, 4.25, 1.875, 4.625], "texture": "#0"},
				"south": {"uv": [5.75, 4.25, 7.75, 4.625], "texture": "#0"},
				"west": {"uv": [3.875, 4.25, 5.75, 4.625], "texture": "#0"},
				"up": {"uv": [3.875, 4.25, 1.875, 2.375], "texture": "#0"},
				"down": {"uv": [5.875, 2.375, 3.875, 4.25], "texture": "#0"}
			}
		},
		{
			"from": [1, 14, 1],
			"to": [15, 18, 14],
			"faces": {
				"north": {"uv": [7.75, 4.625, 9.5, 5.125], "texture": "#0"},
				"east": {"uv": [6.125, 4.625, 7.75, 5.125], "texture": "#0"},
				"south": {"uv": [11.125, 4.625, 12.875, 5.125], "texture": "#0"},
				"west": {"uv": [9.5, 4.625, 11.125, 5.125], "texture": "#0"},
				"up": {"uv": [9.5, 4.625, 7.75, 3], "texture": "#0"},
				"down": {"uv": [11.25, 3, 9.5, 4.625], "texture": "#0"}
			}
		},
		{
			"from": [-1, 1, 9],
			"to": [17, 15, 16],
			"faces": {
				"north": {"uv": [6.75, 7.375, 9.125, 9.125], "texture": "#0"},
				"east": {"uv": [5.875, 7.375, 6.75, 9.125], "texture": "#0"},
				"south": {"uv": [10, 7.375, 12.375, 9.125], "texture": "#0"},
				"west": {"uv": [9.125, 7.375, 10, 9.125], "texture": "#0"},
				"up": {"uv": [9.125, 7.375, 6.75, 6.5], "texture": "#0"},
				"down": {"uv": [11.5, 6.5, 9.125, 7.375], "texture": "#0"}
			}
		},
		{
			"from": [-0.5, 14, 9],
			"to": [16.5, 16, 15.5],
			"faces": {
				"north": {"uv": [7.5, 5.875, 9.75, 6.125], "texture": "#0"},
				"east": {"uv": [6.75, 5.875, 7.5, 6.125], "texture": "#0"},
				"south": {"uv": [10.5, 5.875, 12.75, 6.125], "texture": "#0"},
				"west": {"uv": [9.75, 5.875, 10.5, 6.125], "texture": "#0"},
				"up": {"uv": [9.75, 5.875, 7.5, 5.125], "texture": "#0"},
				"down": {"uv": [12, 5.125, 9.75, 5.875], "texture": "#0"}
			}
		},
		{
			"from": [-1.25, 11, 3.75],
			"to": [17.25, 16.25, 11],
			"faces": {
				"north": {"uv": [0.875, 9.125, 3.25, 9.75], "texture": "#0"},
				"east": {"uv": [0, 9.125, 0.875, 9.75], "texture": "#0"},
				"south": {"uv": [4.125, 9.125, 6.5, 9.75], "texture": "#0"},
				"west": {"uv": [3.25, 9.125, 4.125, 9.75], "texture": "#0"},
				"up": {"uv": [3.25, 9.125, 0.875, 8.25], "texture": "#0"},
				"down": {"uv": [5.625, 8.25, 3.25, 9.125], "texture": "#0"}
			}
		},
		{
			"from": [-0.75, 11.5, 1.75],
			"to": [16.75, 15.75, 9],
			"faces": {
				"north": {"uv": [0.875, 9.125, 3.25, 9.75], "texture": "#0"},
				"east": {"uv": [0, 9.125, 0.875, 9.75], "texture": "#0"},
				"south": {"uv": [4.125, 9.125, 6.5, 9.75], "texture": "#0"},
				"west": {"uv": [3.375, 9.125, 4.25, 9.75], "texture": "#0"},
				"up": {"uv": [3.25, 9.125, 0.875, 8.25], "texture": "#0"},
				"down": {"uv": [5.625, 8.25, 3.25, 9.125], "texture": "#0"}
			}
		},
		{
			"from": [-1.5, -0.75, 13],
			"to": [17.5, 14.75, 17],
			"rotation": {"angle": -22.5, "axis": "x", "origin": [8.51047, 7.49128, 13.49824]},
			"faces": {
				"north": {"uv": [7, 9.625, 9.25, 11.5], "texture": "#0"},
				"east": {"uv": [5.875, 7.375, 6.375, 9.25], "texture": "#0"},
				"south": {"uv": [9.75, 9.625, 12, 11.5], "texture": "#0"},
				"west": {"uv": [9.375, 7.375, 9.875, 9.25], "texture": "#0"},
				"up": {"uv": [9.25, 9.625, 7, 9.125], "texture": "#0"},
				"down": {"uv": [11.5, 9.125, 9.25, 9.625], "texture": "#0"}
			}
		},
		{
			"from": [-1.5, -0.75, 6],
			"to": [17.5, 14.75, 13],
			"rotation": {"angle": -22.5, "axis": "x", "origin": [8.51047, 7.49128, 13.49824]},
			"faces": {
				"north": {"uv": [0.875, 5.5, 3.375, 7.375], "texture": "#0"},
				"east": {"uv": [0, 5.5, 0.875, 7.375], "texture": "#0"},
				"south": {"uv": [4.25, 5.5, 6.75, 7.375], "texture": "#0"},
				"west": {"uv": [3.375, 5.5, 4.25, 7.375], "texture": "#0"},
				"up": {"uv": [3.375, 5.5, 0.875, 4.625], "texture": "#0"},
				"down": {"uv": [5.875, 4.625, 3.375, 5.5], "texture": "#0"}
			}
		},
		{
			"from": [-2.5, -1, 7],
			"to": [18.5, 9.75, 12],
			"rotation": {"angle": -22.5, "axis": "x", "origin": [8.51047, 7.49128, 13.49824]},
			"faces": {
				"north": {"uv": [6.625, 0.625, 9.375, 1.875], "texture": "#0"},
				"east": {"uv": [6, 0.625, 6.625, 1.875], "texture": "#0"},
				"south": {"uv": [10, 0.625, 12.75, 1.875], "texture": "#0"},
				"west": {"uv": [9.375, 0.625, 10, 1.875], "texture": "#0"},
				"up": {"uv": [9.375, 0.625, 6.625, 0], "texture": "#0"},
				"down": {"uv": [12.125, 0, 9.375, 0.625], "texture": "#0"}
			}
		}
	],
	"display": {
		"gui": {
			"rotation": [0, -150, 0],
			"translation": [-0.5, 0, 0],
			"scale": [0.6, 0.6, 0.6]
		},
		"head": {
			"translation": [0, 0.25, 0.25],
			"scale": [0.91, 0.91, 0.93]
		}
	}
}