{
	"credit": "Made with Blockbench",
	"textures": {
		"0": "item/wearables/black",
		"particle": "item/wearables/black"
	},
	"elements": [
		{
			"from": [0, 0, 0],
			"to": [16, 16, 16],
			"faces": {
				"north": {"uv": [2, 2, 4, 4], "texture": "#0"},
				"east": {"uv": [1.75, 5.5, 3.75, 7.5], "texture": "#0"},
				"south": {"uv": [0.125, 2, 2, 4], "texture": "#0"},
				"west": {"uv": [3.75, 5.5, 1.75, 7.5], "texture": "#0"},
				"up": {"uv": [0.125, 2, 2, 4], "texture": "#0"},
				"down": {"uv": [8, 9, 10, 11], "texture": "#0"}
			}
		},
		{
			"from": [6, 12.25, -0.5],
			"to": [10, 16.5, 0.25],
			"faces": {
				"north": {"uv": [0.75, 2, 1.375, 2.625], "texture": "#0"},
				"east": {"uv": [0.875, 5, 1.125, 5.75], "texture": "#0"},
				"south": {"uv": [0.125, 2, 2, 4], "texture": "#0"},
				"west": {"uv": [0.875, 4.875, 1.625, 5.875], "texture": "#0"},
				"up": {"uv": [0.75, 2, 1.375, 2.5], "texture": "#0"},
				"down": {"uv": [4.75, 6.25, 6.75, 7.25], "texture": "#0"}
			}
		},
		{
			"from": [6, 5.25, 14],
			"to": [10, 16.5, 16.5],
			"faces": {
				"north": {"uv": [0.75, 2, 1.375, 2.625], "texture": "#0"},
				"east": {"uv": [0.875, 5, 1.125, 5.75], "texture": "#0"},
				"south": {"uv": [0.75, 2, 1.25, 4], "texture": "#0"},
				"west": {"uv": [0.875, 4.875, 1.625, 5.875], "texture": "#0"},
				"up": {"uv": [0.75, 2, 1.375, 2.5], "texture": "#0"},
				"down": {"uv": [4.375, 3.25, 5.5, 3.75], "texture": "#0"}
			}
		},
		{
			"from": [6, 13.25, 0.25],
			"to": [10, 17.5, 16],
			"faces": {
				"north": {"uv": [0.75, 2, 1.375, 2.625], "texture": "#0"},
				"east": {"uv": [0.875, 5, 1.125, 5.75], "texture": "#0"},
				"south": {"uv": [0.75, 2, 1.25, 4], "texture": "#0"},
				"west": {"uv": [0.875, 4.875, 1.625, 5.875], "texture": "#0"},
				"up": {"uv": [0.75, 2, 1.375, 2.5], "texture": "#0"},
				"down": {"uv": [4.75, 6.25, 6.75, 7.25], "texture": "#0"}
			}
		},
		{
			"from": [1, 1, 1],
			"to": [15, 17, 15],
			"faces": {
				"north": {"uv": [2, 2, 4, 4], "texture": "#0"},
				"east": {"uv": [1.75, 5.5, 3.75, 7.5], "texture": "#0"},
				"south": {"uv": [0, 2, 2, 2.375], "texture": "#0"},
				"west": {"uv": [1.75, 5.5, 3.75, 7.5], "texture": "#0"},
				"up": {"uv": [0.125, 2, 2, 4], "texture": "#0"},
				"down": {"uv": [4.75, 6.25, 6.75, 7.25], "texture": "#0"}
			}
		},
		{
			"from": [-1, 5.75, 5.25],
			"to": [17, 12, 11.75],
			"faces": {
				"north": {"uv": [10.625, 0.5, 12.625, 2.5], "texture": "#0"},
				"east": {"uv": [3.75, 5.5, 4.5, 6.25], "texture": "#0"},
				"south": {"uv": [10, 4.125, 14, 6.5], "texture": "#0"},
				"west": {"uv": [3.75, 5.5, 4.5, 6.25], "texture": "#0"},
				"up": {"uv": [9.875, 4, 11.75, 6], "texture": "#0"},
				"down": {"uv": [9.625, 4.75, 11.625, 5.75], "texture": "#0"}
			}
		},
		{
			"from": [-0.75, 0.75, 6.25],
			"to": [16.75, 6, 10.75],
			"faces": {
				"north": {"uv": [10.625, 0.5, 12.625, 2.5], "texture": "#0"},
				"east": {"uv": [2, 4.875, 2.5, 5.375], "texture": "#0"},
				"south": {"uv": [10, 4.125, 14, 6.5], "texture": "#0"},
				"west": {"uv": [2, 4.875, 2.5, 5.375], "texture": "#0"},
				"up": {"uv": [9.875, 4, 11.75, 6], "texture": "#0"},
				"down": {"uv": [9.625, 4.75, 11.625, 5.75], "texture": "#0"}
			}
		},
		{
			"from": [-0.25, 11, -1],
			"to": [16.25, 12.25, 12],
			"faces": {
				"north": {"uv": [10, 6.625, 12.125, 6.875], "texture": "#0"},
				"east": {"uv": [10.5, 10.375, 13.5, 10.625], "texture": "#0"},
				"south": {"uv": [0, 0, 16, 1.25], "texture": "#0"},
				"west": {"uv": [10.5, 10.375, 13.5, 10.625], "texture": "#0"},
				"up": {"uv": [0.125, 2, 2, 4], "texture": "#0"},
				"down": {"uv": [0, 0, 16, 13], "texture": "#0"}
			}
		},
		{
			"from": [9, 8, -1],
			"to": [16.25, 9.75, 6],
			"faces": {
				"north": {"uv": [4.5, 4, 5.25, 4.25], "texture": "#0"},
				"east": {"uv": [4.5, 4, 5.375, 4.25], "texture": "#0"},
				"south": {"uv": [0, 0, 7.25, 1.75], "texture": "#0"},
				"west": {"uv": [0, 0, 7, 1.75], "texture": "#0"},
				"up": {"uv": [0, 0, 1.5, 1.5], "texture": "#0"},
				"down": {"uv": [1.375, 2.5, 1.625, 3.375], "texture": "#0"}
			}
		},
		{
			"from": [-0.25, 8, -1],
			"to": [7, 9.75, 6],
			"faces": {
				"north": {"uv": [5.375, 4, 4.5, 4.25], "texture": "#0"},
				"east": {"uv": [2.25, 2.125, 2.5, 2.375], "texture": "#0"},
				"south": {"uv": [6.25, 0, 13.5, 1.75], "texture": "#0"},
				"west": {"uv": [4.625, 4, 5.375, 4.25], "texture": "#0"},
				"up": {"uv": [0.75, 0.25, 2.75, 1.125], "texture": "#0"},
				"down": {"uv": [1.375, 2.625, 1.625, 3.375], "texture": "#0"}
			}
		},
		{
			"from": [5, 0, -1],
			"to": [7, 8, 0],
			"faces": {
				"north": {"uv": [4.75, 6.25, 5, 7.25], "texture": "#0"},
				"east": {"uv": [6, 4.5, 6.25, 5.375], "texture": "#0"},
				"south": {"uv": [4.25, 1.125, 6.25, 9.125], "texture": "#0"},
				"west": {"uv": [1.25, 2.5, 1.5, 3.625], "texture": "#0"},
				"up": {"uv": [6.25, 0, 8.25, 7], "texture": "#0"},
				"down": {"uv": [2.25, 2, 2.5, 2.25], "texture": "#0"}
			}
		},
		{
			"from": [9, 0, -1],
			"to": [11, 8, 0],
			"faces": {
				"north": {"uv": [0.125, 7.25, 0.375, 8.25], "texture": "#0"},
				"east": {"uv": [1.375, 2.5, 1.75, 3.5], "texture": "#0"},
				"south": {"uv": [6.25, 0, 8.25, 8], "texture": "#0"},
				"west": {"uv": [1.375, 2.5, 1.625, 3.625], "texture": "#0"},
				"up": {"uv": [6.25, 0, 8.25, 7], "texture": "#0"},
				"down": {"uv": [2.25, 2, 2.5, 2.25], "texture": "#0"}
			}
		}
	],
	"display": {
		"thirdperson_righthand": {
			"rotation": [65, 0, 0],
			"translation": [0, 2.5, 1],
			"scale": [0.3, 0.3, 0.3]
		},
		"firstperson_righthand": {
			"rotation": [0, -90, 25],
			"translation": [1.13, 3.2, 1.13],
			"scale": [0.3, 0.3, 0.3]
		},
		"ground": {
			"translation": [0, 4.25, 0],
			"scale": [0.5, 0.5, 0.5]
		},
		"gui": {
			"rotation": [18, -147, 0],
			"translation": [0.25, 0, 0],
			"scale": [0.5, 0.5, 0.5]
		},
		"head": {
			"translation": [0, 1.5, 0.25],
			"scale": [0.91, 0.91, 0.91]
		}
	}
}