{
	"credit": "Made with Blockbench",
	"textures": {
		"0": "item/wearables/black",
		"particle": "item/wearables/black"
	},
	"elements": [
		{
			"from": [0, 0, 0],
			"to": [16, 16, 16],
			"faces": {
				"north": {"uv": [1, 5.25, 2, 6.25], "texture": "#0"},
				"east": {"uv": [0, 5.25, 1, 6.25], "texture": "#0"},
				"south": {"uv": [3, 5.25, 4, 6.25], "texture": "#0"},
				"west": {"uv": [2, 5.25, 3, 6.25], "texture": "#0"},
				"up": {"uv": [2, 5.25, 1, 4.25], "texture": "#0"},
				"down": {"uv": [3, 4.25, 2, 5.25], "texture": "#0"}
			}
		},
		{
			"from": [-4, -1, -1],
			"to": [20, 17, 17],
			"faces": {
				"north": {"uv": [1.125, 1.125, 2.625, 2.25], "texture": "#0"},
				"east": {"uv": [0, 1.125, 1.125, 2.25], "texture": "#0"},
				"south": {"uv": [3.75, 1.125, 5.25, 2.25], "texture": "#0"},
				"west": {"uv": [2.625, 1.125, 3.75, 2.25], "texture": "#0"},
				"up": {"uv": [2.625, 1.125, 1.125, 0], "texture": "#0"},
				"down": {"uv": [4.125, 0, 2.625, 1.125], "texture": "#0"}
			}
		},
		{
			"from": [6, 22, 6.5],
			"to": [10, 31, 9.5],
			"faces": {
				"north": {"uv": [0.1875, 0.1875, 0.4375, 0.75], "texture": "#0"},
				"east": {"uv": [0, 0.1875, 0.1875, 0.75], "texture": "#0"},
				"south": {"uv": [0.625, 0.1875, 0.875, 0.75], "texture": "#0"},
				"west": {"uv": [0.4375, 0.1875, 0.625, 0.75], "texture": "#0"},
				"up": {"uv": [0.4375, 0.1875, 0.1875, 0], "texture": "#0"},
				"down": {"uv": [0.6875, 0, 0.4375, 0.1875], "texture": "#0"}
			}
		},
		{
			"from": [7, 21, 7],
			"to": [9, 32, 9],
			"faces": {
				"north": {"uv": [0.125, 2.375, 0.25, 3.0625], "texture": "#0"},
				"east": {"uv": [0, 2.375, 0.125, 3.0625], "texture": "#0"},
				"south": {"uv": [0.375, 2.375, 0.5, 3.0625], "texture": "#0"},
				"west": {"uv": [0.25, 2.375, 0.375, 3.0625], "texture": "#0"},
				"up": {"uv": [0.25, 2.375, 0.125, 2.25], "texture": "#0"},
				"down": {"uv": [0.375, 2.25, 0.25, 2.375], "texture": "#0"}
			}
		},
		{
			"from": [5, 23, 6],
			"to": [11, 30, 10],
			"faces": {
				"north": {"uv": [3.25, 4.5, 3.625, 4.8125], "texture": "#0"},
				"east": {"uv": [3, 4.5, 3.25, 4.8125], "texture": "#0"},
				"south": {"uv": [3.875, 4.5, 4.25, 4.8125], "texture": "#0"},
				"west": {"uv": [3.625, 4.5, 3.875, 4.8125], "texture": "#0"},
				"up": {"uv": [3.625, 4.5, 3.25, 4.25], "texture": "#0"},
				"down": {"uv": [4, 4.25, 3.625, 4.5], "texture": "#0"}
			}
		},
		{
			"from": [2, 3, -5],
			"to": [14, 4, 15],
			"faces": {
				"north": {"uv": [5.5, 2.25, 6.25, 2.3125], "texture": "#0"},
				"east": {"uv": [4.25, 2.25, 5.5, 2.3125], "texture": "#0"},
				"south": {"uv": [7.5, 2.25, 8.25, 2.3125], "texture": "#0"},
				"west": {"uv": [6.25, 2.25, 7.5, 2.3125], "texture": "#0"},
				"up": {"uv": [6.25, 2.25, 5.5, 1], "texture": "#0"},
				"down": {"uv": [7, 1, 6.25, 2.25], "texture": "#0"}
			}
		},
		{
			"from": [1, 4, -5],
			"to": [15, 12, 13],
			"faces": {
				"north": {"uv": [5.25, 5.25, 6.125, 5.75], "texture": "#0"},
				"east": {"uv": [4.125, 5.25, 5.25, 5.75], "texture": "#0"},
				"south": {"uv": [7.25, 5.25, 8.125, 5.75], "texture": "#0"},
				"west": {"uv": [6.125, 5.25, 7.25, 5.75], "texture": "#0"},
				"up": {"uv": [6.125, 5.25, 5.25, 4.125], "texture": "#0"},
				"down": {"uv": [7, 4.125, 6.125, 5.25], "texture": "#0"}
			}
		},
		{
			"from": [-5, 0, 0],
			"to": [21, 16, 16],
			"faces": {
				"north": {"uv": [1, 3.25, 2.625, 4.25], "texture": "#0"},
				"east": {"uv": [0, 3.25, 1, 4.25], "texture": "#0"},
				"south": {"uv": [3.625, 3.25, 5.25, 4.25], "texture": "#0"},
				"west": {"uv": [2.625, 3.25, 3.625, 4.25], "texture": "#0"},
				"up": {"uv": [2.625, 3.25, 1, 2.25], "texture": "#0"},
				"down": {"uv": [4.25, 2.25, 2.625, 3.25], "texture": "#0"}
			}
		},
		{
			"from": [-3, 17, 0],
			"to": [20, 18, 16],
			"rotation": {"angle": 0, "axis": "y", "origin": [8, 10, 8]},
			"faces": {
				"north": {"uv": [1, 3.25, 2.625, 4.25], "texture": "#0"},
				"east": {"uv": [0, 3.25, 1, 4.25], "texture": "#0"},
				"south": {"uv": [3.625, 3.25, 5.25, 4.25], "texture": "#0"},
				"west": {"uv": [2.625, 3.25, 3.625, 4.25], "texture": "#0"},
				"up": {"uv": [2.625, 3.25, 1, 2.25], "texture": "#0"},
				"down": {"uv": [4.25, 2.25, 2.625, 3.25], "texture": "#0"}
			}
		},
		{
			"from": [0, 18, 2],
			"to": [17, 19, 14],
			"rotation": {"angle": 0, "axis": "y", "origin": [8, 11, 8]},
			"faces": {
				"north": {"uv": [1, 3.25, 2.625, 4.25], "texture": "#0"},
				"east": {"uv": [0, 3.25, 1, 4.25], "texture": "#0"},
				"south": {"uv": [3.625, 3.25, 5.25, 4.25], "texture": "#0"},
				"west": {"uv": [2.625, 3.25, 3.625, 4.25], "texture": "#0"},
				"up": {"uv": [2.625, 3.25, 1, 2.25], "texture": "#0"},
				"down": {"uv": [4.25, 2.25, 2.625, 3.25], "texture": "#0"}
			}
		},
		{
			"from": [-8, 5.75, 6],
			"to": [24, 12.75, 10],
			"faces": {
				"north": {"uv": [4.375, 0.25, 6.375, 0.6875], "texture": "#0"},
				"east": {"uv": [4.125, 0.25, 4.375, 0.6875], "texture": "#0"},
				"south": {"uv": [6.625, 0.25, 8.625, 0.6875], "texture": "#0"},
				"west": {"uv": [6.375, 0.25, 6.625, 0.6875], "texture": "#0"},
				"up": {"uv": [6.375, 0.25, 4.375, 0], "texture": "#0"},
				"down": {"uv": [8.375, 0, 6.375, 0.25], "texture": "#0"}
			}
		},
		{
			"from": [-8.75, 6.75, 6.25],
			"to": [24.75, 11.75, 9.75],
			"faces": {
				"north": {"uv": [4.4375, 2.5, 6.5, 2.8125], "texture": "#0"},
				"east": {"uv": [4.25, 2.5, 4.4375, 2.8125], "texture": "#0"},
				"south": {"uv": [6.6875, 2.5, 8.75, 2.8125], "texture": "#0"},
				"west": {"uv": [6.5, 2.5, 6.6875, 2.8125], "texture": "#0"},
				"up": {"uv": [6.5, 2.5, 4.4375, 2.3125], "texture": "#0"},
				"down": {"uv": [8.5625, 2.3125, 6.5, 2.5], "texture": "#0"}
			}
		}
	],
	"display": {
		"thirdperson_righthand": {
			"scale": [0.5, 0.5, 0.5]
		},
		"firstperson_righthand": {
			"scale": [0.5, 0.5, 0.5]
		},
		"gui": {
			"rotation": [0, -169, 0],
			"translation": [0, -2.75, 0],
			"scale": [0.5, 0.5, 0.5]
		},
		"head": {
			"translation": [0, 0.5, 0],
			"scale": [0.91, 0.91, 0.91]
		}
	}
}