{
	"credit": "Made with Blockbench",
	"textures": {
		"0": "item/wearables/black",
		"particle": "item/wearables/black"
	},
	"elements": [
		{
			"from": [-1, 10.5, -1],
			"to": [17, 16.5, 17],
			"rotation": {"angle": 0, "axis": "y", "origin": [7.98604, 15.99998, 8.01399]},
			"faces": {
				"north": {"uv": [2.25, 2.25, 4.5, 3], "texture": "#0"},
				"east": {"uv": [0, 2.25, 2.25, 3], "texture": "#0"},
				"south": {"uv": [6.75, 2.25, 9, 3], "texture": "#0"},
				"west": {"uv": [4.5, 2.25, 6.75, 3], "texture": "#0"},
				"up": {"uv": [4.5, 2.25, 2.25, 0], "texture": "#0"},
				"down": {"uv": [6.75, 0, 4.5, 2.25], "texture": "#0"}
			}
		},
		{
			"from": [0, 16.5, 0],
			"to": [16, 20.5, 16],
			"rotation": {"angle": 0, "axis": "y", "origin": [7.98604, 15.99998, 8.01399]},
			"faces": {
				"north": {"uv": [2, 5, 4, 5.5], "texture": "#0"},
				"east": {"uv": [0, 5, 2, 5.5], "texture": "#0"},
				"south": {"uv": [6, 5, 8, 5.5], "texture": "#0"},
				"west": {"uv": [4, 5, 6, 5.5], "texture": "#0"},
				"up": {"uv": [4, 5, 2, 3], "texture": "#0"},
				"down": {"uv": [6, 3, 4, 5], "texture": "#0"}
			}
		},
		{
			"from": [1, 20.5, 1],
			"to": [15, 22.5, 15],
			"rotation": {"angle": 0, "axis": "y", "origin": [7.98604, 15.99998, 8.01399]},
			"faces": {
				"north": {"uv": [1.75, 7.25, 3.5, 7.5], "texture": "#0"},
				"east": {"uv": [0, 7.25, 1.75, 7.5], "texture": "#0"},
				"south": {"uv": [5.25, 7.25, 7, 7.5], "texture": "#0"},
				"west": {"uv": [3.5, 7.25, 5.25, 7.5], "texture": "#0"},
				"up": {"uv": [3.5, 7.25, 1.75, 5.5], "texture": "#0"},
				"down": {"uv": [5.25, 5.5, 3.5, 7.25], "texture": "#0"}
			}
		},
		{
			"from": [3, 20.5, 4],
			"to": [13, 24.5, 18],
			"rotation": {"angle": 0, "axis": "y", "origin": [7.98604, 15.99998, 8.01399]},
			"faces": {
				"north": {"uv": [7, 7.5, 8.25, 8], "texture": "#0"},
				"east": {"uv": [5.25, 7.5, 7, 8], "texture": "#0"},
				"south": {"uv": [10, 7.5, 11.25, 8], "texture": "#0"},
				"west": {"uv": [8.25, 7.5, 10, 8], "texture": "#0"},
				"up": {"uv": [8.25, 7.5, 7, 5.75], "texture": "#0"},
				"down": {"uv": [9.5, 5.75, 8.25, 7.5], "texture": "#0"}
			}
		},
		{
			"from": [4.5, 16.5, 15],
			"to": [11.5, 22.5, 20],
			"rotation": {"angle": 0, "axis": "y", "origin": [7.98604, 14.99998, 8.01399]},
			"faces": {
				"north": {"uv": [7.375, 0.625, 8.25, 1.375], "texture": "#0"},
				"east": {"uv": [6.75, 0.625, 7.375, 1.375], "texture": "#0"},
				"south": {"uv": [8.875, 0.625, 9.75, 1.375], "texture": "#0"},
				"west": {"uv": [8.25, 0.625, 8.875, 1.375], "texture": "#0"},
				"up": {"uv": [8.25, 0.625, 7.375, 0], "texture": "#0"},
				"down": {"uv": [9.125, 0, 8.25, 0.625], "texture": "#0"}
			}
		},
		{
			"from": [5, 13.5, 19],
			"to": [11, 19.5, 25],
			"rotation": {"angle": 0, "axis": "y", "origin": [7.98604, 14.99998, 8.01399]},
			"faces": {
				"north": {"uv": [6.75, 3.75, 7.5, 4.5], "texture": "#0"},
				"east": {"uv": [6, 3.75, 6.75, 4.5], "texture": "#0"},
				"south": {"uv": [8.25, 3.75, 9, 4.5], "texture": "#0"},
				"west": {"uv": [7.5, 3.75, 8.25, 4.5], "texture": "#0"},
				"up": {"uv": [7.5, 3.75, 6.75, 3], "texture": "#0"},
				"down": {"uv": [8.25, 3, 7.5, 3.75], "texture": "#0"}
			}
		}
	],
	"display": {
		"thirdperson_righthand": {
			"scale": [0.5, 0.5, 0.5]
		},
		"firstperson_righthand": {
			"scale": [0.5, 0.5, 0.5]
		},
		"gui": {
			"rotation": [9, 120, 0],
			"translation": [-1.25, -6.25, 0],
			"scale": [0.6, 0.6, 0.6]
		},
		"head": {
			"scale": [0.85, 0.85, 0.85]
		}
	}
}