{
	"credit": "Made with Blockbench",
	"textures": {
		"0": "item/wearables/black",
		"particle": "item/wearables/black"
	},
	"elements": [
		{
			"from": [-1, -3, -8],
			"to": [17, 4, 10],
			"faces": {
				"north": {"uv": [1.125, 1.875, 2.25, 2.3125], "texture": "#0"},
				"east": {"uv": [0, 1.875, 1.125, 2.3125], "texture": "#0"},
				"south": {"uv": [3.375, 1.875, 4.5, 2.3125], "texture": "#0"},
				"west": {"uv": [2.25, 1.875, 3.375, 2.3125], "texture": "#0"},
				"up": {"uv": [2.25, 1.875, 1.125, 0.75], "texture": "#0"},
				"down": {"uv": [3.375, 0.75, 2.25, 1.875], "texture": "#0"}
			}
		},
		{
			"from": [-1, -5, -6],
			"to": [17, -3, 10],
			"faces": {
				"north": {"uv": [1.125, 3.4375, 2.25, 3.5625], "texture": "#0"},
				"east": {"uv": [0, 3.4375, 1.125, 3.5625], "texture": "#0"},
				"south": {"uv": [3.375, 3.4375, 4.5, 3.5625], "texture": "#0"},
				"west": {"uv": [2.25, 3.4375, 3.375, 3.5625], "texture": "#0"},
				"up": {"uv": [2.25, 3.4375, 1.125, 2.3125], "texture": "#0"},
				"down": {"uv": [3.375, 2.3125, 2.25, 3.4375], "texture": "#0"}
			}
		},
		{
			"from": [-0.75, -7, -6],
			"to": [16.75, -5, 9],
			"faces": {
				"north": {"uv": [0.9375, 5.0625, 2, 5.1875], "texture": "#0"},
				"east": {"uv": [0, 5.0625, 0.9375, 5.1875], "texture": "#0"},
				"south": {"uv": [2.9375, 5.0625, 4, 5.1875], "texture": "#0"},
				"west": {"uv": [2, 5.0625, 2.9375, 5.1875], "texture": "#0"},
				"up": {"uv": [2, 5.0625, 0.9375, 4.125], "texture": "#0"},
				"down": {"uv": [3.0625, 4.125, 2, 5.0625], "texture": "#0"}
			}
		},
		{
			"from": [-1, -15.75, 8],
			"to": [17, -7, 10],
			"faces": {
				"north": {"uv": [4.75, 6.875, 5.875, 7.375], "texture": "#0"},
				"east": {"uv": [4.625, 6.875, 4.75, 7.375], "texture": "#0"},
				"south": {"uv": [6, 6.875, 7.125, 7.375], "texture": "#0"},
				"west": {"uv": [5.875, 6.875, 6, 7.375], "texture": "#0"},
				"up": {"uv": [5.875, 6.875, 4.75, 6.75], "texture": "#0"},
				"down": {"uv": [7, 6.75, 5.875, 6.875], "texture": "#0"}
			}
		},
		{
			"from": [0.25, -4.5, 1],
			"to": [15.75, 5, 18],
			"rotation": {"angle": -22.5, "axis": "x", "origin": [8, -8, 1]},
			"faces": {
				"north": {"uv": [4.5, 4.5, 5.4375, 5.0625], "texture": "#0"},
				"east": {"uv": [3.4375, 4.5, 4.5, 5.0625], "texture": "#0"},
				"south": {"uv": [6.5, 4.5, 7.4375, 5.0625], "texture": "#0"},
				"west": {"uv": [5.4375, 4.5, 6.5, 5.0625], "texture": "#0"},
				"up": {"uv": [5.4375, 4.5, 4.5, 3.4375], "texture": "#0"},
				"down": {"uv": [6.375, 3.4375, 5.4375, 4.5], "texture": "#0"}
			}
		},
		{
			"from": [0.25, -9.25, 10],
			"to": [15.75, -4.5, 18],
			"rotation": {"angle": -22.5, "axis": "x", "origin": [8, -8, 1]},
			"faces": {
				"north": {"uv": [6.5, 1.625, 7.4375, 1.875], "texture": "#0"},
				"east": {"uv": [6, 1.625, 6.5, 1.875], "texture": "#0"},
				"south": {"uv": [7.9375, 1.625, 8.875, 1.875], "texture": "#0"},
				"west": {"uv": [7.4375, 1.625, 7.9375, 1.875], "texture": "#0"},
				"up": {"uv": [7.4375, 1.625, 6.5, 1.125], "texture": "#0"},
				"down": {"uv": [8.375, 1.125, 7.4375, 1.625], "texture": "#0"}
			}
		},
		{
			"from": [2, -14, 9],
			"to": [14, 0, 25],
			"rotation": {"angle": -45, "axis": "x", "origin": [8, -8, 1]},
			"faces": {
				"north": {"uv": [4.5, 2.3125, 5.25, 3.1875], "texture": "#0"},
				"east": {"uv": [3.5, 2.3125, 4.5, 3.1875], "texture": "#0"},
				"south": {"uv": [6.25, 2.3125, 7, 3.1875], "texture": "#0"},
				"west": {"uv": [5.25, 2.3125, 6.25, 3.1875], "texture": "#0"},
				"up": {"uv": [5.25, 2.3125, 4.5, 1.3125], "texture": "#0"},
				"down": {"uv": [6, 1.3125, 5.25, 2.3125], "texture": "#0"}
			}
		},
		{
			"from": [-8, -7, 14],
			"to": [24, -7, 25],
			"rotation": {"angle": -45, "axis": "x", "origin": [8, -8, 1]},
			"faces": {
				"north": {"uv": [0.6875, 0.6875, 2.6875, 0.75], "texture": "#0"},
				"east": {"uv": [0, 0.6875, 0.6875, 0.75], "texture": "#0"},
				"south": {"uv": [3.375, 0.6875, 5.375, 0.75], "texture": "#0"},
				"west": {"uv": [2.6875, 0.6875, 3.375, 0.75], "texture": "#0"},
				"up": {"uv": [2.6875, 0.6875, 0.6875, 0], "texture": "#0"},
				"down": {"uv": [4.6875, 0, 2.6875, 0.6875], "texture": "#0"}
			}
		},
		{
			"from": [8, -7, 14],
			"to": [8, 8, 23],
			"rotation": {"angle": -45, "axis": "x", "origin": [8, -8, 1]},
			"faces": {
				"north": {"uv": [7.3125, 5.625, 7.375, 6.5625], "texture": "#0"},
				"east": {"uv": [6.75, 5.625, 7.3125, 6.5625], "texture": "#0"},
				"south": {"uv": [7.9375, 5.625, 8, 6.5625], "texture": "#0"},
				"west": {"uv": [7.375, 5.625, 7.9375, 6.5625], "texture": "#0"},
				"up": {"uv": [7.375, 5.625, 7.3125, 5.0625], "texture": "#0"},
				"down": {"uv": [7.4375, 5.0625, 7.375, 5.625], "texture": "#0"}
			}
		},
		{
			"from": [3.25, 7.543, 10.71504],
			"to": [12.75, 19.543, 21.46504],
			"rotation": {"angle": 22.5, "axis": "x", "origin": [8.01252, 7.53412, 13.7376]},
			"faces": {
				"north": {"uv": [2.875, 6.75, 3.4375, 7.5], "texture": "#0"},
				"east": {"uv": [2.25, 6.75, 2.875, 7.5], "texture": "#0"},
				"south": {"uv": [4.0625, 6.75, 4.625, 7.5], "texture": "#0"},
				"west": {"uv": [3.4375, 6.75, 4.0625, 7.5], "texture": "#0"},
				"up": {"uv": [3.4375, 6.75, 2.875, 6.125], "texture": "#0"},
				"down": {"uv": [4, 6.125, 3.4375, 6.75], "texture": "#0"}
			}
		},
		{
			"from": [5.25, 14.543, 11.71504],
			"to": [10.75, 24.543, 20.46504],
			"rotation": {"angle": 22.5, "axis": "x", "origin": [8.01252, 7.53412, 13.7376]},
			"faces": {
				"north": {"uv": [0.5, 6.6875, 0.8125, 7.3125], "texture": "#0"},
				"east": {"uv": [0, 6.6875, 0.5, 7.3125], "texture": "#0"},
				"south": {"uv": [1.3125, 6.6875, 1.625, 7.3125], "texture": "#0"},
				"west": {"uv": [0.8125, 6.6875, 1.3125, 7.3125], "texture": "#0"},
				"up": {"uv": [0.8125, 6.6875, 0.5, 6.1875], "texture": "#0"},
				"down": {"uv": [1.125, 6.1875, 0.8125, 6.6875], "texture": "#0"}
			}
		},
		{
			"from": [5.5, 20.06688, 16.37685],
			"to": [10.5, 29, 21.12685],
			"rotation": {"angle": -22.5, "axis": "x", "origin": [8.003, 25.49804, 21.28419]},
			"faces": {
				"north": {"uv": [0.25, 1, 0.5625, 1.5], "texture": "#0"},
				"east": {"uv": [0, 1, 0.25, 1.5], "texture": "#0"},
				"south": {"uv": [0.8125, 1, 1.125, 1.5], "texture": "#0"},
				"west": {"uv": [0.5625, 1, 0.8125, 1.5], "texture": "#0"},
				"up": {"uv": [0.5625, 1, 0.25, 0.75], "texture": "#0"},
				"down": {"uv": [0.875, 0.75, 0.5625, 1], "texture": "#0"}
			}
		},
		{
			"from": [5.5, 29.06688, 17.37685],
			"to": [10.5, 31, 20.12685],
			"rotation": {"angle": -22.5, "axis": "x", "origin": [8.003, 25.49804, 21.28419]},
			"faces": {
				"north": {"uv": [0.125, 1.625, 0.4375, 1.6875], "texture": "#0"},
				"east": {"uv": [0, 1.625, 0.125, 1.6875], "texture": "#0"},
				"south": {"uv": [0.5625, 1.625, 0.875, 1.6875], "texture": "#0"},
				"west": {"uv": [0.4375, 1.625, 0.5625, 1.6875], "texture": "#0"},
				"up": {"uv": [0.4375, 1.625, 0.125, 1.5], "texture": "#0"},
				"down": {"uv": [0.75, 1.5, 0.4375, 1.625], "texture": "#0"}
			}
		},
		{
			"from": [5.75, 17.97728, 21.38513],
			"to": [10.25, 22.72728, 30],
			"rotation": {"angle": -22.5, "axis": "x", "origin": [8.01394, 21.80779, 22.8594]},
			"faces": {
				"north": {"uv": [7.125, 7.375, 7.375, 7.625], "texture": "#0"},
				"east": {"uv": [6.625, 7.375, 7.125, 7.625], "texture": "#0"},
				"south": {"uv": [7.875, 7.375, 8.125, 7.625], "texture": "#0"},
				"west": {"uv": [7.375, 7.375, 7.875, 7.625], "texture": "#0"},
				"up": {"uv": [7.375, 7.375, 7.125, 6.875], "texture": "#0"},
				"down": {"uv": [7.625, 6.875, 7.375, 7.375], "texture": "#0"}
			}
		},
		{
			"from": [5.75, 18.97728, 29.88513],
			"to": [10.25, 21.72728, 32],
			"rotation": {"angle": -22.5, "axis": "x", "origin": [8.01394, 21.80779, 22.8594]},
			"faces": {
				"north": {"uv": [0.125, 2.4375, 0.375, 2.5625], "texture": "#0"},
				"east": {"uv": [0, 2.4375, 0.125, 2.5625], "texture": "#0"},
				"south": {"uv": [0.5, 2.4375, 0.75, 2.5625], "texture": "#0"},
				"west": {"uv": [0.375, 2.4375, 0.5, 2.5625], "texture": "#0"},
				"up": {"uv": [0.375, 2.4375, 0.125, 2.3125], "texture": "#0"},
				"down": {"uv": [0.625, 2.3125, 0.375, 2.4375], "texture": "#0"}
			}
		},
		{
			"from": [-1.25, -3, 5],
			"to": [17.25, 3, 14],
			"rotation": {"angle": 22.5, "axis": "x", "origin": [8, -8, 1]},
			"faces": {
				"north": {"uv": [5.375, 0.75, 6.5, 1.125], "texture": "#0"},
				"east": {"uv": [4.8125, 0.75, 5.375, 1.125], "texture": "#0"},
				"south": {"uv": [7.0625, 0.75, 8.1875, 1.125], "texture": "#0"},
				"west": {"uv": [6.5, 0.75, 7.0625, 1.125], "texture": "#0"},
				"up": {"uv": [6.5, 0.75, 5.375, 0.1875], "texture": "#0"},
				"down": {"uv": [7.625, 0.1875, 6.5, 0.75], "texture": "#0"}
			}
		},
		{
			"from": [-0.75, -15.48343, 8.98449],
			"to": [16.75, -4.98343, 14.98449],
			"faces": {
				"north": {"uv": [0.375, 5.5625, 1.4375, 6.1875], "texture": "#0"},
				"east": {"uv": [0, 5.5625, 0.375, 6.1875], "texture": "#0"},
				"south": {"uv": [1.8125, 5.5625, 2.875, 6.1875], "texture": "#0"},
				"west": {"uv": [1.4375, 5.5625, 1.8125, 6.1875], "texture": "#0"},
				"up": {"uv": [1.4375, 5.5625, 0.375, 5.1875], "texture": "#0"},
				"down": {"uv": [2.5, 5.1875, 1.4375, 5.5625], "texture": "#0"}
			}
		},
		{
			"from": [-1.25, -7, -14],
			"to": [17.25, 2, -6],
			"rotation": {"angle": 22.5, "axis": "x", "origin": [8, -8, 1]},
			"faces": {
				"north": {"uv": [4, 5.5625, 5.125, 6.125], "texture": "#0"},
				"east": {"uv": [3.5, 5.5625, 4, 6.125], "texture": "#0"},
				"south": {"uv": [5.625, 5.5625, 6.75, 6.125], "texture": "#0"},
				"west": {"uv": [5.125, 5.5625, 5.625, 6.125], "texture": "#0"},
				"up": {"uv": [5.125, 5.5625, 4, 5.0625], "texture": "#0"},
				"down": {"uv": [6.25, 5.0625, 5.125, 5.5625], "texture": "#0"}
			}
		},
		{
			"from": [-0.75, -9.75, -13.5],
			"to": [16.75, -6, -5.75],
			"rotation": {"angle": 22.5, "axis": "x", "origin": [8, -8, 1]},
			"faces": {
				"north": {"uv": [4.4375, 6.5625, 5.5, 6.75], "texture": "#0"},
				"east": {"uv": [4, 6.5625, 4.4375, 6.75], "texture": "#0"},
				"south": {"uv": [5.9375, 6.5625, 7, 6.75], "texture": "#0"},
				"west": {"uv": [5.5, 6.5625, 5.9375, 6.75], "texture": "#0"},
				"up": {"uv": [5.5, 6.5625, 4.4375, 6.125], "texture": "#0"},
				"down": {"uv": [6.5625, 6.125, 5.5, 6.5625], "texture": "#0"}
			}
		},
		{
			"from": [1, -4.75, -16],
			"to": [15, 1.5, -9],
			"rotation": {"angle": 22.5, "axis": "x", "origin": [8, -8, 1]},
			"faces": {
				"north": {"uv": [6.8125, 3.625, 7.6875, 4], "texture": "#0"},
				"east": {"uv": [6.375, 3.625, 6.8125, 4], "texture": "#0"},
				"south": {"uv": [8.125, 3.625, 9, 4], "texture": "#0"},
				"west": {"uv": [7.6875, 3.625, 8.125, 4], "texture": "#0"},
				"up": {"uv": [7.6875, 3.625, 6.8125, 3.1875], "texture": "#0"},
				"down": {"uv": [8.5625, 3.1875, 7.6875, 3.625], "texture": "#0"}
			}
		}
	],
	"display": {
		"thirdperson_righthand": {
			"rotation": [38, 0, 0],
			"scale": [0.4, 0.4, 0.4]
		},
		"firstperson_righthand": {
			"scale": [0.4, 0.4, 0.4]
		},
		"ground": {
			"rotation": [30.25, 0, 0],
			"translation": [0, 9.5, 0],
			"scale": [0.5, 0.5, 0.5]
		},
		"gui": {
			"rotation": [5, -111, 0],
			"translation": [1, 1.5, 0],
			"scale": [0.4, 0.4, 0.4]
		},
		"head": {
			"rotation": [4, 0, 0],
			"translation": [0, 14.25, 6.5],
			"scale": [0.91, 0.91, 0.91]
		}
	}
}