{
	"credit": "Made with Blockbench",
	"textures": {
		"0": "item/wearables/black",
		"particle": "item/wearables/black"
	},
	"elements": [
		{
			"from": [0, 0, 0],
			"to": [16, 16, 16],
			"faces": {
				"north": {"uv": [4.875, 3.5, 5.875, 4.5], "texture": "#0"},
				"east": {"uv": [3.875, 3.5, 4.875, 4.5], "texture": "#0"},
				"south": {"uv": [6.875, 3.5, 7.875, 4.5], "texture": "#0"},
				"west": {"uv": [5.875, 3.5, 6.875, 4.5], "texture": "#0"},
				"up": {"uv": [5.875, 3.5, 4.875, 2.5], "texture": "#0"},
				"down": {"uv": [6.875, 2.5, 5.875, 3.5], "texture": "#0"}
			}
		},
		{
			"from": [-3, -2, -3.75],
			"to": [19, 3, 19],
			"faces": {
				"north": {"uv": [1.4375, 1.4375, 2.8125, 1.75], "texture": "#0"},
				"east": {"uv": [0, 1.4375, 1.4375, 1.75], "texture": "#0"},
				"south": {"uv": [4.25, 1.4375, 5.625, 1.75], "texture": "#0"},
				"west": {"uv": [2.8125, 1.4375, 4.25, 1.75], "texture": "#0"},
				"up": {"uv": [2.8125, 1.4375, 1.4375, 0], "texture": "#0"},
				"down": {"uv": [4.1875, 0, 2.8125, 1.4375], "texture": "#0"}
			}
		},
		{
			"from": [-3, 1, -4.5],
			"to": [19, 2, 1],
			"faces": {
				"north": {"uv": [1.4375, 1.4375, 2.8125, 1.75], "texture": "#0"},
				"east": {"uv": [0, 1.4375, 1.4375, 1.75], "texture": "#0"},
				"south": {"uv": [4.25, 1.4375, 5.625, 1.75], "texture": "#0"},
				"west": {"uv": [2.8125, 1.4375, 4.25, 1.75], "texture": "#0"},
				"up": {"uv": [2.8125, 1.4375, 1.4375, 0], "texture": "#0"},
				"down": {"uv": [4.1875, 0, 2.8125, 1.4375], "texture": "#0"}
			}
		},
		{
			"from": [19, -3.75, -4.5],
			"to": [19.5, 0.75, 1],
			"faces": {
				"north": {"uv": [1.4375, 1.4375, 2.8125, 1.75], "texture": "#0"},
				"east": {"uv": [0, 1.4375, 1.4375, 1.75], "texture": "#0"},
				"south": {"uv": [4.25, 1.4375, 5.625, 1.75], "texture": "#0"},
				"west": {"uv": [2.8125, 1.4375, 4.25, 1.75], "texture": "#0"},
				"up": {"uv": [2.8125, 1.4375, 1.4375, 0], "texture": "#0"},
				"down": {"uv": [4.1875, 0, 2.8125, 1.4375], "texture": "#0"}
			}
		},
		{
			"from": [-3.5, -3.75, -4.5],
			"to": [-3, 0.75, 1],
			"faces": {
				"north": {"uv": [2.8125, 1.4375, 1.4375, 1.75], "texture": "#0"},
				"east": {"uv": [4.25, 1.4375, 2.8125, 1.75], "texture": "#0"},
				"south": {"uv": [5.625, 1.4375, 4.25, 1.75], "texture": "#0"},
				"west": {"uv": [1.4375, 1.4375, 0, 1.75], "texture": "#0"},
				"up": {"uv": [1.4375, 1.4375, 2.8125, 0], "texture": "#0"},
				"down": {"uv": [2.8125, 0, 4.1875, 1.4375], "texture": "#0"}
			}
		},
		{
			"from": [-3.75, -6, -1.75],
			"to": [-0.25, -0.5, 8],
			"rotation": {"angle": -22.5, "axis": "z", "origin": [6.75895, 0.50198, 5.61407]},
			"faces": {
				"north": {"uv": [0.5625, 6.8125, 0.75, 7.125], "texture": "#0"},
				"east": {"uv": [0, 6.8125, 0.5625, 7.125], "texture": "#0"},
				"south": {"uv": [1.3125, 6.8125, 1.5, 7.125], "texture": "#0"},
				"west": {"uv": [0.75, 6.8125, 1.3125, 7.125], "texture": "#0"},
				"up": {"uv": [0.75, 6.8125, 0.5625, 6.25], "texture": "#0"},
				"down": {"uv": [0.9375, 6.25, 0.75, 6.8125], "texture": "#0"}
			}
		},
		{
			"from": [16.25, -6, -1.75],
			"to": [19.75, -0.5, 8],
			"rotation": {"angle": 22.5, "axis": "z", "origin": [9.24105, 0.50198, 5.61407]},
			"faces": {
				"north": {"uv": [5.875, 6.4375, 6.0625, 6.75], "texture": "#0"},
				"east": {"uv": [5.3125, 6.4375, 5.875, 6.75], "texture": "#0"},
				"south": {"uv": [6.625, 6.4375, 6.8125, 6.75], "texture": "#0"},
				"west": {"uv": [6.0625, 6.4375, 6.625, 6.75], "texture": "#0"},
				"up": {"uv": [6.0625, 6.4375, 5.875, 5.875], "texture": "#0"},
				"down": {"uv": [6.25, 5.875, 6.0625, 6.4375], "texture": "#0"}
			}
		},
		{
			"from": [15.75, -6.5, -1.25],
			"to": [19.25, -1, 7.5],
			"rotation": {"angle": 22.5, "axis": "z", "origin": [9.24105, 0.50198, 5.61407]},
			"faces": {
				"north": {"uv": [5.875, 6.4375, 6.0625, 6.75], "texture": "#0"},
				"east": {"uv": [5.3125, 6.4375, 5.875, 6.75], "texture": "#0"},
				"south": {"uv": [6.625, 6.4375, 6.8125, 6.75], "texture": "#0"},
				"west": {"uv": [6.0625, 6.4375, 6.625, 6.75], "texture": "#0"},
				"up": {"uv": [6.0625, 6.4375, 5.875, 5.875], "texture": "#0"},
				"down": {"uv": [6.25, 5.875, 6.0625, 6.4375], "texture": "#0"}
			}
		},
		{
			"from": [15.75, -5.5, -1.25],
			"to": [19.25, 0, 7.5],
			"rotation": {"angle": 22.5, "axis": "z", "origin": [9.24105, 0.50198, 5.61407]},
			"faces": {
				"north": {"uv": [5.875, 6.4375, 6.0625, 6.75], "texture": "#0"},
				"east": {"uv": [5.3125, 6.4375, 5.875, 6.75], "texture": "#0"},
				"south": {"uv": [6.625, 6.4375, 6.8125, 6.75], "texture": "#0"},
				"west": {"uv": [6.0625, 6.4375, 6.625, 6.75], "texture": "#0"},
				"up": {"uv": [6.0625, 6.4375, 5.875, 5.875], "texture": "#0"},
				"down": {"uv": [6.25, 5.875, 6.0625, 6.4375], "texture": "#0"}
			}
		},
		{
			"from": [-3.25, -5.5, -1.25],
			"to": [0.25, 0, 7.5],
			"rotation": {"angle": -22.5, "axis": "z", "origin": [6.75895, 0.50198, 5.61407]},
			"faces": {
				"north": {"uv": [6.0625, 6.4375, 5.875, 6.75], "texture": "#0"},
				"east": {"uv": [6.625, 6.4375, 6.0625, 6.75], "texture": "#0"},
				"south": {"uv": [6.8125, 6.4375, 6.625, 6.75], "texture": "#0"},
				"west": {"uv": [5.875, 6.4375, 5.3125, 6.75], "texture": "#0"},
				"up": {"uv": [5.875, 6.4375, 6.0625, 5.875], "texture": "#0"},
				"down": {"uv": [6.0625, 5.875, 6.25, 6.4375], "texture": "#0"}
			}
		},
		{
			"from": [-3.25, -6.5, -1.25],
			"to": [0.25, -1, 7.5],
			"rotation": {"angle": -22.5, "axis": "z", "origin": [6.75895, 0.50198, 5.61407]},
			"faces": {
				"north": {"uv": [6.0625, 6.4375, 5.875, 6.75], "texture": "#0"},
				"east": {"uv": [6.625, 6.4375, 6.0625, 6.75], "texture": "#0"},
				"south": {"uv": [6.8125, 6.4375, 6.625, 6.75], "texture": "#0"},
				"west": {"uv": [5.875, 6.4375, 5.3125, 6.75], "texture": "#0"},
				"up": {"uv": [5.875, 6.4375, 6.0625, 5.875], "texture": "#0"},
				"down": {"uv": [6.0625, 5.875, 6.25, 6.4375], "texture": "#0"}
			}
		},
		{
			"from": [-3, -4, -5],
			"to": [5, 1, 1],
			"faces": {
				"north": {"uv": [4.375, 6.125, 4.9375, 6.4375], "texture": "#0"},
				"east": {"uv": [4, 6.125, 4.375, 6.4375], "texture": "#0"},
				"south": {"uv": [5.3125, 6.125, 5.875, 6.4375], "texture": "#0"},
				"west": {"uv": [4.9375, 6.125, 5.3125, 6.4375], "texture": "#0"},
				"up": {"uv": [4.9375, 6.125, 4.375, 5.75], "texture": "#0"},
				"down": {"uv": [5.5, 5.75, 4.9375, 6.125], "texture": "#0"}
			}
		},
		{
			"from": [6, 6.25, -2.5],
			"to": [10, 11.5, 2.25],
			"rotation": {"angle": 22.5, "axis": "x", "origin": [7.98298, 9.39136, -1.37432]},
			"faces": {
				"north": {"uv": [0.25, 2, 0.5, 2.3125], "texture": "#0"},
				"east": {"uv": [0, 2, 0.25, 2.3125], "texture": "#0"},
				"south": {"uv": [0.75, 2, 1, 2.3125], "texture": "#0"},
				"west": {"uv": [0.5, 2, 0.75, 2.3125], "texture": "#0"},
				"up": {"uv": [0.5, 2, 0.25, 1.75], "texture": "#0"},
				"down": {"uv": [0.75, 1.75, 0.5, 2], "texture": "#0"}
			}
		},
		{
			"from": [5, 5.5, -2],
			"to": [11, 9.5, 2.5],
			"rotation": {"angle": 22.5, "axis": "x", "origin": [7.98298, 9.39136, -1.37432]},
			"faces": {
				"north": {"uv": [0.25, 2, 0.5, 2.3125], "texture": "#0"},
				"east": {"uv": [0, 2, 0.25, 2.3125], "texture": "#0"},
				"south": {"uv": [0.75, 2, 1, 2.3125], "texture": "#0"},
				"west": {"uv": [0.5, 2, 0.75, 2.3125], "texture": "#0"},
				"up": {"uv": [0.5, 2, 0.25, 1.75], "texture": "#0"},
				"down": {"uv": [0.75, 1.75, 0.5, 2], "texture": "#0"}
			}
		},
		{
			"from": [10.25, 6.5, -3.75],
			"to": [19.5, 7.75, 1],
			"rotation": {"angle": -22.5, "axis": "z", "origin": [8, 8, 8]},
			"faces": {
				"north": {"uv": [6.5, 6.0625, 7, 6.125], "texture": "#0"},
				"east": {"uv": [6.25, 6.0625, 6.5, 6.125], "texture": "#0"},
				"south": {"uv": [7.25, 6.0625, 7.75, 6.125], "texture": "#0"},
				"west": {"uv": [7, 6.0625, 7.25, 6.125], "texture": "#0"},
				"up": {"uv": [7, 6.0625, 6.5, 5.8125], "texture": "#0"},
				"down": {"uv": [7.5, 5.8125, 7, 6.0625], "texture": "#0"}
			}
		},
		{
			"from": [10.25, 6.5, -3.75],
			"to": [19.5, 7.75, 1],
			"rotation": {"angle": -22.5, "axis": "z", "origin": [8, 8, 8]},
			"faces": {
				"north": {"uv": [6.5, 6.0625, 7, 6.125], "texture": "#0"},
				"east": {"uv": [6.25, 6.0625, 6.5, 6.125], "texture": "#0"},
				"south": {"uv": [7.25, 6.0625, 7.75, 6.125], "texture": "#0"},
				"west": {"uv": [7, 6.0625, 7.25, 6.125], "texture": "#0"},
				"up": {"uv": [7, 6.0625, 6.5, 5.8125], "texture": "#0"},
				"down": {"uv": [7.5, 5.8125, 7, 6.0625], "texture": "#0"}
			}
		},
		{
			"from": [-3.5, 6.5, -3.75],
			"to": [5.75, 7.75, 1],
			"rotation": {"angle": 22.5, "axis": "z", "origin": [8, 8, 8]},
			"faces": {
				"north": {"uv": [6.5, 5.75, 7, 5.8125], "texture": "#0"},
				"east": {"uv": [6.25, 5.75, 6.5, 5.8125], "texture": "#0"},
				"south": {"uv": [7.25, 5.75, 7.75, 5.8125], "texture": "#0"},
				"west": {"uv": [7, 5.75, 7.25, 5.8125], "texture": "#0"},
				"up": {"uv": [7, 5.75, 6.5, 5.5], "texture": "#0"},
				"down": {"uv": [7.5, 5.5, 7, 5.75], "texture": "#0"}
			}
		},
		{
			"from": [-3.5, 6.5, -3.75],
			"to": [5.75, 7.75, 1],
			"rotation": {"angle": 22.5, "axis": "z", "origin": [8, 8, 8]},
			"faces": {
				"north": {"uv": [6.5, 5.75, 7, 5.8125], "texture": "#0"},
				"east": {"uv": [6.25, 5.75, 6.5, 5.8125], "texture": "#0"},
				"south": {"uv": [7.25, 5.75, 7.75, 5.8125], "texture": "#0"},
				"west": {"uv": [7, 5.75, 7.25, 5.8125], "texture": "#0"},
				"up": {"uv": [7, 5.75, 6.5, 5.5], "texture": "#0"},
				"down": {"uv": [7.5, 5.5, 7, 5.75], "texture": "#0"}
			}
		},
		{
			"from": [5, -2.5, -4.75],
			"to": [11, 1, 1],
			"faces": {
				"north": {"uv": [0.3125, 0.3125, 0.6875, 0.5], "texture": "#0"},
				"east": {"uv": [0, 0.3125, 0.3125, 0.5], "texture": "#0"},
				"south": {"uv": [1, 0.3125, 1.375, 0.5], "texture": "#0"},
				"west": {"uv": [0.6875, 0.3125, 1, 0.5], "texture": "#0"},
				"up": {"uv": [0.6875, 0.3125, 0.3125, 0], "texture": "#0"},
				"down": {"uv": [1.0625, 0, 0.6875, 0.3125], "texture": "#0"}
			}
		},
		{
			"from": [5, -3.25, -4.25],
			"to": [11, 0.25, 1.5],
			"faces": {
				"north": {"uv": [0.3125, 0.3125, 0.6875, 0.5], "texture": "#0"},
				"east": {"uv": [0, 0.3125, 0.3125, 0.5], "texture": "#0"},
				"south": {"uv": [1, 0.3125, 1.375, 0.5], "texture": "#0"},
				"west": {"uv": [0.6875, 0.3125, 1, 0.5], "texture": "#0"},
				"up": {"uv": [0.6875, 0.3125, 0.3125, 0], "texture": "#0"},
				"down": {"uv": [1.0625, 0, 0.6875, 0.3125], "texture": "#0"}
			}
		},
		{
			"from": [5, -3.75, -3],
			"to": [11, -0.25, 0.75],
			"faces": {
				"north": {"uv": [0.3125, 0.3125, 0.6875, 0.5], "texture": "#0"},
				"east": {"uv": [0, 0.3125, 0.3125, 0.5], "texture": "#0"},
				"south": {"uv": [1, 0.3125, 1.375, 0.5], "texture": "#0"},
				"west": {"uv": [0.6875, 0.3125, 1, 0.5], "texture": "#0"},
				"up": {"uv": [0.6875, 0.3125, 0.3125, 0], "texture": "#0"},
				"down": {"uv": [1.0625, 0, 0.6875, 0.3125], "texture": "#0"}
			}
		},
		{
			"from": [3, 1, -5],
			"to": [13, 3, 1],
			"faces": {
				"north": {"uv": [0.4375, 6.125, 1.0625, 6.25], "texture": "#0"},
				"east": {"uv": [0, 6.125, 0.4375, 6.25], "texture": "#0"},
				"south": {"uv": [1.5, 6.125, 2.125, 6.25], "texture": "#0"},
				"west": {"uv": [1.0625, 6.125, 1.5, 6.25], "texture": "#0"},
				"up": {"uv": [1.0625, 6.125, 0.4375, 5.6875], "texture": "#0"},
				"down": {"uv": [1.6875, 5.6875, 1.0625, 6.125], "texture": "#0"}
			}
		},
		{
			"from": [6, 3, -5],
			"to": [10, 4, 1],
			"faces": {
				"north": {"uv": [0.375, 0.875, 0.625, 0.9375], "texture": "#0"},
				"east": {"uv": [0, 0.875, 0.375, 0.9375], "texture": "#0"},
				"south": {"uv": [1, 0.875, 1.25, 0.9375], "texture": "#0"},
				"west": {"uv": [0.625, 0.875, 1, 0.9375], "texture": "#0"},
				"up": {"uv": [0.625, 0.875, 0.375, 0.5], "texture": "#0"},
				"down": {"uv": [0.875, 0.5, 0.625, 0.875], "texture": "#0"}
			}
		},
		{
			"from": [6, 5.75, -3.75],
			"to": [10, 7, 2],
			"faces": {
				"north": {"uv": [0.375, 0.875, 0.625, 0.9375], "texture": "#0"},
				"east": {"uv": [0, 0.875, 0.375, 0.9375], "texture": "#0"},
				"south": {"uv": [1, 0.875, 1.25, 0.9375], "texture": "#0"},
				"west": {"uv": [0.625, 0.875, 1, 0.9375], "texture": "#0"},
				"up": {"uv": [0.625, 0.875, 0.375, 0.5], "texture": "#0"},
				"down": {"uv": [0.875, 0.5, 0.625, 0.875], "texture": "#0"}
			}
		},
		{
			"from": [1.5, 4, -4.75],
			"to": [4.75, 5, 1],
			"rotation": {"angle": 22.5, "axis": "z", "origin": [8, 8, 8]},
			"faces": {
				"north": {"uv": [0.3125, 2.625, 0.5, 2.6875], "texture": "#0"},
				"east": {"uv": [0, 2.625, 0.3125, 2.6875], "texture": "#0"},
				"south": {"uv": [0.8125, 2.625, 1, 2.6875], "texture": "#0"},
				"west": {"uv": [0.5, 2.625, 0.8125, 2.6875], "texture": "#0"},
				"up": {"uv": [0.5, 2.625, 0.3125, 2.3125], "texture": "#0"},
				"down": {"uv": [0.6875, 2.3125, 0.5, 2.625], "texture": "#0"}
			}
		},
		{
			"from": [11.25, 4, -4.75],
			"to": [14.5, 5, 1],
			"rotation": {"angle": -22.5, "axis": "z", "origin": [8, 8, 8]},
			"faces": {
				"north": {"uv": [0.3125, 1.25, 0.5, 1.3125], "texture": "#0"},
				"east": {"uv": [0, 1.25, 0.3125, 1.3125], "texture": "#0"},
				"south": {"uv": [0.8125, 1.25, 1, 1.3125], "texture": "#0"},
				"west": {"uv": [0.5, 1.25, 0.8125, 1.3125], "texture": "#0"},
				"up": {"uv": [0.5, 1.25, 0.3125, 0.9375], "texture": "#0"},
				"down": {"uv": [0.6875, 0.9375, 0.5, 1.25], "texture": "#0"}
			}
		},
		{
			"from": [11, -4, -5],
			"to": [19, 1, 1],
			"faces": {
				"north": {"uv": [2.5, 6.125, 3.0625, 6.4375], "texture": "#0"},
				"east": {"uv": [2.125, 6.125, 2.5, 6.4375], "texture": "#0"},
				"south": {"uv": [3.4375, 6.125, 4, 6.4375], "texture": "#0"},
				"west": {"uv": [3.0625, 6.125, 3.4375, 6.4375], "texture": "#0"},
				"up": {"uv": [3.0625, 6.125, 2.5, 5.75], "texture": "#0"},
				"down": {"uv": [3.625, 5.75, 3.0625, 6.125], "texture": "#0"}
			}
		},
		{
			"from": [11, -4.5, -4.5],
			"to": [19, 0.5, 0.5],
			"faces": {
				"north": {"uv": [2.5, 6.125, 3.0625, 6.4375], "texture": "#0"},
				"east": {"uv": [2.125, 6.125, 2.5, 6.4375], "texture": "#0"},
				"south": {"uv": [3.4375, 6.125, 4, 6.4375], "texture": "#0"},
				"west": {"uv": [3.0625, 6.125, 3.4375, 6.4375], "texture": "#0"},
				"up": {"uv": [3.0625, 6.125, 2.5, 5.75], "texture": "#0"},
				"down": {"uv": [3.625, 5.75, 3.0625, 6.125], "texture": "#0"}
			}
		},
		{
			"from": [-3, -4.5, -4.5],
			"to": [5, 0.5, 0.5],
			"faces": {
				"north": {"uv": [3.0625, 6.125, 2.5, 6.4375], "texture": "#0"},
				"east": {"uv": [3.4375, 6.125, 3.0625, 6.4375], "texture": "#0"},
				"south": {"uv": [4, 6.125, 3.4375, 6.4375], "texture": "#0"},
				"west": {"uv": [2.5, 6.125, 2.125, 6.4375], "texture": "#0"},
				"up": {"uv": [2.5, 6.125, 3.0625, 5.75], "texture": "#0"},
				"down": {"uv": [3.0625, 5.75, 3.625, 6.125], "texture": "#0"}
			}
		},
		{
			"from": [-2, 3, -1],
			"to": [18, 12, 18],
			"faces": {
				"north": {"uv": [1.1875, 2.9375, 2.4375, 3.5], "texture": "#0"},
				"east": {"uv": [0, 2.9375, 1.1875, 3.5], "texture": "#0"},
				"south": {"uv": [3.625, 2.9375, 4.875, 3.5], "texture": "#0"},
				"west": {"uv": [2.4375, 2.9375, 3.625, 3.5], "texture": "#0"},
				"up": {"uv": [2.4375, 2.9375, 1.1875, 1.75], "texture": "#0"},
				"down": {"uv": [3.6875, 1.75, 2.4375, 2.9375], "texture": "#0"}
			}
		},
		{
			"from": [-2, 3, -1],
			"to": [18, 12, 18],
			"faces": {
				"north": {"uv": [1.1875, 2.9375, 2.4375, 3.5], "texture": "#0"},
				"east": {"uv": [0, 2.9375, 1.1875, 3.5], "texture": "#0"},
				"south": {"uv": [3.625, 2.9375, 4.875, 3.5], "texture": "#0"},
				"west": {"uv": [2.4375, 2.9375, 3.625, 3.5], "texture": "#0"},
				"up": {"uv": [2.4375, 2.9375, 1.1875, 1.75], "texture": "#0"},
				"down": {"uv": [3.6875, 1.75, 2.4375, 2.9375], "texture": "#0"}
			}
		},
		{
			"from": [-3, 7, 5.75],
			"to": [19, 12, 10.75],
			"faces": {
				"north": {"uv": [4, 2.0625, 5.375, 2.375], "texture": "#0"},
				"east": {"uv": [3.6875, 2.0625, 4, 2.375], "texture": "#0"},
				"south": {"uv": [5.6875, 2.0625, 7.0625, 2.375], "texture": "#0"},
				"west": {"uv": [5.375, 2.0625, 5.6875, 2.375], "texture": "#0"},
				"up": {"uv": [5.375, 2.0625, 4, 1.75], "texture": "#0"},
				"down": {"uv": [6.75, 1.75, 5.375, 2.0625], "texture": "#0"}
			}
		},
		{
			"from": [-3, 3, 6.75],
			"to": [19, 7, 9.75],
			"faces": {
				"north": {"uv": [3.5625, 5.5, 4.9375, 5.75], "texture": "#0"},
				"east": {"uv": [3.375, 5.5, 3.5625, 5.75], "texture": "#0"},
				"south": {"uv": [5.125, 5.5, 6.5, 5.75], "texture": "#0"},
				"west": {"uv": [4.9375, 5.5, 5.125, 5.75], "texture": "#0"},
				"up": {"uv": [4.9375, 5.5, 3.5625, 5.3125], "texture": "#0"},
				"down": {"uv": [6.3125, 5.3125, 4.9375, 5.5], "texture": "#0"}
			}
		},
		{
			"from": [-4, -1.75, 6.75],
			"to": [20, 4, 9.75],
			"faces": {
				"north": {"uv": [4.9375, 4.9375, 6.4375, 5.3125], "texture": "#0"},
				"east": {"uv": [4.75, 4.9375, 4.9375, 5.3125], "texture": "#0"},
				"south": {"uv": [6.625, 4.9375, 8.125, 5.3125], "texture": "#0"},
				"west": {"uv": [6.4375, 4.9375, 6.625, 5.3125], "texture": "#0"},
				"up": {"uv": [6.4375, 4.9375, 4.9375, 4.75], "texture": "#0"},
				"down": {"uv": [7.9375, 4.75, 6.4375, 4.9375], "texture": "#0"}
			}
		},
		{
			"from": [-2, 3, -3],
			"to": [18, 7, -1],
			"faces": {
				"north": {"uv": [5.75, 1.375, 7, 1.625], "texture": "#0"},
				"east": {"uv": [5.625, 1.375, 5.75, 1.625], "texture": "#0"},
				"south": {"uv": [7.125, 1.375, 8.375, 1.625], "texture": "#0"},
				"west": {"uv": [7, 1.375, 7.125, 1.625], "texture": "#0"},
				"up": {"uv": [7, 1.375, 5.75, 1.25], "texture": "#0"},
				"down": {"uv": [8.25, 1.25, 7, 1.375], "texture": "#0"}
			}
		},
		{
			"from": [17, 7, -2],
			"to": [18, 11, -1],
			"faces": {
				"north": {"uv": [0.0625, 0.5625, 0.125, 0.8125], "texture": "#0"},
				"east": {"uv": [0, 0.5625, 0.0625, 0.8125], "texture": "#0"},
				"south": {"uv": [0.1875, 0.5625, 0.25, 0.8125], "texture": "#0"},
				"west": {"uv": [0.125, 0.5625, 0.1875, 0.8125], "texture": "#0"},
				"up": {"uv": [0.125, 0.5625, 0.0625, 0.5], "texture": "#0"},
				"down": {"uv": [0.1875, 0.5, 0.125, 0.5625], "texture": "#0"}
			}
		},
		{
			"from": [6, 7, -2],
			"to": [10, 10, -1],
			"faces": {
				"north": {"uv": [0.75, 1, 1, 1.1875], "texture": "#0"},
				"east": {"uv": [0.6875, 1, 0.75, 1.1875], "texture": "#0"},
				"south": {"uv": [1.0625, 1, 1.3125, 1.1875], "texture": "#0"},
				"west": {"uv": [1, 1, 1.0625, 1.1875], "texture": "#0"},
				"up": {"uv": [1, 1, 0.75, 0.9375], "texture": "#0"},
				"down": {"uv": [1.25, 0.9375, 1, 1], "texture": "#0"}
			}
		},
		{
			"from": [-1.25, 7, -1.75],
			"to": [8, 11, -1],
			"rotation": {"angle": 22.5, "axis": "z", "origin": [8, 9, 8]},
			"faces": {
				"north": {"uv": [1, 6.4375, 1.5625, 6.6875], "texture": "#0"},
				"east": {"uv": [0.9375, 6.4375, 1, 6.6875], "texture": "#0"},
				"south": {"uv": [1.625, 6.4375, 2.1875, 6.6875], "texture": "#0"},
				"west": {"uv": [1.5625, 6.4375, 1.625, 6.6875], "texture": "#0"},
				"up": {"uv": [1.5625, 6.4375, 1, 6.375], "texture": "#0"},
				"down": {"uv": [2.125, 6.375, 1.5625, 6.4375], "texture": "#0"}
			}
		},
		{
			"from": [-0.25, 13.75, -1.75],
			"to": [3, 15, -1],
			"rotation": {"angle": 22.5, "axis": "z", "origin": [8, 9, 8]},
			"faces": {
				"north": {"uv": [1, 6.4375, 1.5625, 6.6875], "texture": "#0"},
				"east": {"uv": [0.9375, 6.4375, 1, 6.6875], "texture": "#0"},
				"south": {"uv": [1.625, 6.4375, 2.1875, 6.6875], "texture": "#0"},
				"west": {"uv": [1.5625, 6.4375, 1.625, 6.6875], "texture": "#0"},
				"up": {"uv": [1.5625, 6.4375, 1, 6.375], "texture": "#0"},
				"down": {"uv": [2.125, 6.375, 1.5625, 6.4375], "texture": "#0"}
			}
		},
		{
			"from": [13, 13.75, -1.75],
			"to": [16.25, 15, -1],
			"rotation": {"angle": -22.5, "axis": "z", "origin": [8, 9, 8]},
			"faces": {
				"north": {"uv": [1.5625, 6.4375, 1, 6.6875], "texture": "#0"},
				"east": {"uv": [1.625, 6.4375, 1.5625, 6.6875], "texture": "#0"},
				"south": {"uv": [2.1875, 6.4375, 1.625, 6.6875], "texture": "#0"},
				"west": {"uv": [1, 6.4375, 0.9375, 6.6875], "texture": "#0"},
				"up": {"uv": [1, 6.4375, 1.5625, 6.375], "texture": "#0"},
				"down": {"uv": [1.5625, 6.375, 2.125, 6.4375], "texture": "#0"}
			}
		},
		{
			"from": [14, 4.25, -1.75],
			"to": [16.25, 5.5, -1],
			"rotation": {"angle": 22.5, "axis": "z", "origin": [8, 9, 8]},
			"faces": {
				"north": {"uv": [1.5625, 6.4375, 1, 6.6875], "texture": "#0"},
				"east": {"uv": [1.625, 6.4375, 1.5625, 6.6875], "texture": "#0"},
				"south": {"uv": [2.1875, 6.4375, 1.625, 6.6875], "texture": "#0"},
				"west": {"uv": [1, 6.4375, 0.9375, 6.6875], "texture": "#0"},
				"up": {"uv": [1, 6.4375, 1.5625, 6.375], "texture": "#0"},
				"down": {"uv": [1.5625, 6.375, 2.125, 6.4375], "texture": "#0"}
			}
		},
		{
			"from": [-0.25, 4.25, -1.75],
			"to": [2, 5.5, -1],
			"rotation": {"angle": -22.5, "axis": "z", "origin": [8, 9, 8]},
			"faces": {
				"north": {"uv": [1, 6.4375, 1.5625, 6.6875], "texture": "#0"},
				"east": {"uv": [0.9375, 6.4375, 1, 6.6875], "texture": "#0"},
				"south": {"uv": [1.625, 6.4375, 2.1875, 6.6875], "texture": "#0"},
				"west": {"uv": [1.5625, 6.4375, 1.625, 6.6875], "texture": "#0"},
				"up": {"uv": [1.5625, 6.4375, 1, 6.375], "texture": "#0"},
				"down": {"uv": [2.125, 6.375, 1.5625, 6.4375], "texture": "#0"}
			}
		},
		{
			"from": [2.75, 4.25, -1.75],
			"to": [5, 5.5, -1],
			"rotation": {"angle": -22.5, "axis": "z", "origin": [8, 9, 8]},
			"faces": {
				"north": {"uv": [1, 6.4375, 1.5625, 6.6875], "texture": "#0"},
				"east": {"uv": [0.9375, 6.4375, 1, 6.6875], "texture": "#0"},
				"south": {"uv": [1.625, 6.4375, 2.1875, 6.6875], "texture": "#0"},
				"west": {"uv": [1.5625, 6.4375, 1.625, 6.6875], "texture": "#0"},
				"up": {"uv": [1.5625, 6.4375, 1, 6.375], "texture": "#0"},
				"down": {"uv": [2.125, 6.375, 1.5625, 6.4375], "texture": "#0"}
			}
		},
		{
			"from": [8, 7, -1.75],
			"to": [17.25, 11, -1],
			"rotation": {"angle": -22.5, "axis": "z", "origin": [8, 9, 8]},
			"faces": {
				"north": {"uv": [6.3125, 6.1875, 6.875, 6.4375], "texture": "#0"},
				"east": {"uv": [6.25, 6.1875, 6.3125, 6.4375], "texture": "#0"},
				"south": {"uv": [6.9375, 6.1875, 7.5, 6.4375], "texture": "#0"},
				"west": {"uv": [6.875, 6.1875, 6.9375, 6.4375], "texture": "#0"},
				"up": {"uv": [6.875, 6.1875, 6.3125, 6.125], "texture": "#0"},
				"down": {"uv": [7.4375, 6.125, 6.875, 6.1875], "texture": "#0"}
			}
		},
		{
			"from": [-2, 7, -2],
			"to": [-1, 11, -1],
			"faces": {
				"north": {"uv": [0.0625, 0.0625, 0.125, 0.3125], "texture": "#0"},
				"east": {"uv": [0, 0.0625, 0.0625, 0.3125], "texture": "#0"},
				"south": {"uv": [0.1875, 0.0625, 0.25, 0.3125], "texture": "#0"},
				"west": {"uv": [0.125, 0.0625, 0.1875, 0.3125], "texture": "#0"},
				"up": {"uv": [0.125, 0.0625, 0.0625, 0], "texture": "#0"},
				"down": {"uv": [0.1875, 0, 0.125, 0.0625], "texture": "#0"}
			}
		},
		{
			"from": [-2, 11, -2.25],
			"to": [18, 12, -1],
			"faces": {
				"north": {"uv": [3.75, 2.4375, 5, 2.5], "texture": "#0"},
				"east": {"uv": [3.6875, 2.4375, 3.75, 2.5], "texture": "#0"},
				"south": {"uv": [5.0625, 2.4375, 6.3125, 2.5], "texture": "#0"},
				"west": {"uv": [5, 2.4375, 5.0625, 2.5], "texture": "#0"},
				"up": {"uv": [5, 2.4375, 3.75, 2.375], "texture": "#0"},
				"down": {"uv": [6.25, 2.375, 5, 2.4375], "texture": "#0"}
			}
		},
		{
			"from": [-1, 7, -2],
			"to": [17, 8.5, -1],
			"faces": {
				"north": {"uv": [3.625, 4.5625, 4.75, 4.625], "texture": "#0"},
				"east": {"uv": [3.5625, 4.5625, 3.625, 4.625], "texture": "#0"},
				"south": {"uv": [4.8125, 4.5625, 5.9375, 4.625], "texture": "#0"},
				"west": {"uv": [4.75, 4.5625, 4.8125, 4.625], "texture": "#0"},
				"up": {"uv": [4.75, 4.5625, 3.625, 4.5], "texture": "#0"},
				"down": {"uv": [5.875, 4.5, 4.75, 4.5625], "texture": "#0"}
			}
		},
		{
			"from": [-1.5, 11, -2],
			"to": [17.5, 18, 17.5],
			"faces": {
				"north": {"uv": [1.1875, 4.6875, 2.375, 5.125], "texture": "#0"},
				"east": {"uv": [0, 4.6875, 1.1875, 5.125], "texture": "#0"},
				"south": {"uv": [3.5625, 4.6875, 4.75, 5.125], "texture": "#0"},
				"west": {"uv": [2.375, 4.6875, 3.5625, 5.125], "texture": "#0"},
				"up": {"uv": [2.375, 4.6875, 1.1875, 3.5], "texture": "#0"},
				"down": {"uv": [3.5625, 3.5, 2.375, 4.6875], "texture": "#0"}
			}
		},
		{
			"from": [-2.25, 11.5, -3.25],
			"to": [18.25, 13, 8],
			"faces": {
				"north": {"uv": [0.5, 5.625, 1.6875, 5.6875], "texture": "#0"},
				"east": {"uv": [0, 5.625, 0.5, 5.6875], "texture": "#0"},
				"south": {"uv": [2.1875, 5.625, 3.375, 5.6875], "texture": "#0"},
				"west": {"uv": [1.6875, 5.625, 2.1875, 5.6875], "texture": "#0"},
				"up": {"uv": [1.6875, 5.625, 0.5, 5.125], "texture": "#0"},
				"down": {"uv": [2.875, 5.125, 1.6875, 5.625], "texture": "#0"}
			}
		},
		{
			"from": [-0.75, 16, -1.25],
			"to": [16.75, 19, 16.75],
			"faces": {
				"north": {"uv": [5.25, 1.0625, 6.3125, 1.25], "texture": "#0"},
				"east": {"uv": [4.1875, 1.0625, 5.25, 1.25], "texture": "#0"},
				"south": {"uv": [7.375, 1.0625, 8.4375, 1.25], "texture": "#0"},
				"west": {"uv": [6.3125, 1.0625, 7.375, 1.25], "texture": "#0"},
				"up": {"uv": [6.3125, 1.0625, 5.25, 0], "texture": "#0"},
				"down": {"uv": [7.375, 0, 6.3125, 1.0625], "texture": "#0"}
			}
		},
		{
			"from": [0, 18, -0.25],
			"to": [16.25, 19.5, 16],
			"faces": {
				"north": {"uv": [5.25, 1.0625, 6.3125, 1.25], "texture": "#0"},
				"east": {"uv": [4.1875, 1.0625, 5.25, 1.25], "texture": "#0"},
				"south": {"uv": [7.375, 1.0625, 8.4375, 1.25], "texture": "#0"},
				"west": {"uv": [6.3125, 1.0625, 7.375, 1.25], "texture": "#0"},
				"up": {"uv": [6.3125, 1.0625, 5.25, 0], "texture": "#0"},
				"down": {"uv": [7.375, 0, 6.3125, 1.0625], "texture": "#0"}
			}
		}
	],
	"display": {
		"thirdperson_righthand": {
			"translation": [0, 3, 1],
			"scale": [0.55, 0.55, 0.55]
		},
		"firstperson_righthand": {
			"rotation": [0, -90, 25],
			"translation": [1.13, 3.2, 1.13],
			"scale": [0.68, 0.68, 0.68]
		},
		"ground": {
			"translation": [0, 2, 0],
			"scale": [0.5, 0.5, 0.5]
		},
		"gui": {
			"rotation": [0, -148, -11],
			"translation": [0, 0.5, 0],
			"scale": [0.5, 0.5, 0.5]
		},
		"head": {
			"translation": [0, 1, 0.25],
			"scale": [0.85, 0.85, 0.85]
		}
	}
}