{
	"credit": "Made with Blockbench",
	"textures": {
		"0": "item/wearables/black",
		"particle": "item/wearables/black"
	},
	"elements": [
		{
			"from": [0, 0, 0],
			"to": [16, 16, 16],
			"faces": {
				"north": {"uv": [0, 2.75, 2, 4.75], "texture": "#0"},
				"east": {"uv": [2, 2.75, 4, 4.75], "texture": "#0"},
				"south": {"uv": [3, 0, 5, 2], "texture": "#0"},
				"west": {"uv": [4, 4, 6, 6], "texture": "#0"},
				"up": {"uv": [4, 2, 6, 4], "texture": "#0"},
				"down": {"uv": [0, 4.75, 2, 6.75], "texture": "#0"}
			}
		},
		{
			"from": [-4, 11, 9],
			"to": [20, 11, 20],
			"faces": {
				"north": {"uv": [0, 0, 3, 0], "texture": "#0"},
				"east": {"uv": [0, 0, 1.375, 0], "texture": "#0"},
				"south": {"uv": [0, 0, 3, 0], "texture": "#0"},
				"west": {"uv": [0, 0, 1.375, 0], "texture": "#0"},
				"up": {"uv": [0, 0, 3, 1.375], "texture": "#0"},
				"down": {"uv": [0, 1.375, 3, 2.75], "texture": "#0"}
			}
		},
		{
			"from": [-4, 13, 9.5],
			"to": [20, 13, 20.5],
			"rotation": {"angle": -22.5, "axis": "x", "origin": [8.00611, 10.98865, 14.50523]},
			"faces": {
				"north": {"uv": [0, 0, 3, 0], "texture": "#0"},
				"east": {"uv": [0, 0, 1.375, 0], "texture": "#0"},
				"south": {"uv": [0, 0, 3, 0], "texture": "#0"},
				"west": {"uv": [0, 0, 1.375, 0], "texture": "#0"},
				"up": {"uv": [0, 0, 3, 1.375], "texture": "#0"},
				"down": {"uv": [0, 1.375, 3, 2.75], "texture": "#0"}
			}
		},
		{
			"from": [4, 1.75, -1],
			"to": [12, 5.75, 0],
			"rotation": {"angle": 0, "axis": "y", "origin": [8, 6.75, 8]},
			"faces": {
				"north": {"uv": [3, 2, 4, 2.5], "texture": "#0"},
				"east": {"uv": [3.75, 5, 3.875, 5.5], "texture": "#0"},
				"south": {"uv": [5, 0, 6, 0.5], "texture": "#0"},
				"west": {"uv": [3.875, 5, 4, 5.5], "texture": "#0"},
				"up": {"uv": [5, 1.25, 6, 1.375], "texture": "#0"},
				"down": {"uv": [5, 1.375, 6, 1.5], "texture": "#0"}
			}
		},
		{
			"from": [5, 5.75, -1],
			"to": [11, 6.75, 0],
			"rotation": {"angle": 0, "axis": "y", "origin": [8, 6.75, 8]},
			"faces": {
				"north": {"uv": [0.875, 7.625, 1.625, 7.75], "texture": "#0"},
				"east": {"uv": [1.625, 7.625, 1.75, 7.75], "texture": "#0"},
				"south": {"uv": [7.25, 7.625, 8, 7.75], "texture": "#0"},
				"west": {"uv": [3.5, 7.625, 3.625, 7.75], "texture": "#0"},
				"up": {"uv": [0, 7.75, 0.75, 7.875], "texture": "#0"},
				"down": {"uv": [0.75, 7.75, 1.5, 7.875], "texture": "#0"}
			}
		},
		{
			"from": [5, 0.75, -1],
			"to": [11, 1.75, 0],
			"rotation": {"angle": 0, "axis": "y", "origin": [8, 6.75, 8]},
			"faces": {
				"north": {"uv": [7.25, 7.75, 8, 7.875], "texture": "#0"},
				"east": {"uv": [7.75, 2, 7.875, 2.125], "texture": "#0"},
				"south": {"uv": [7.75, 0, 8.5, 0.125], "texture": "#0"},
				"west": {"uv": [7.75, 2.125, 7.875, 2.25], "texture": "#0"},
				"up": {"uv": [7.75, 0.125, 8.5, 0.25], "texture": "#0"},
				"down": {"uv": [7.75, 0.25, 8.5, 0.375], "texture": "#0"}
			}
		},
		{
			"from": [7, 7.75, -1],
			"to": [9, 8.75, 0],
			"rotation": {"angle": 0, "axis": "y", "origin": [8, 6.75, 8]},
			"faces": {
				"north": {"uv": [3.75, 5.75, 4, 5.875], "texture": "#0"},
				"east": {"uv": [3.625, 7.75, 3.75, 7.875], "texture": "#0"},
				"south": {"uv": [3.75, 5.875, 4, 6], "texture": "#0"},
				"west": {"uv": [7.75, 1.875, 7.875, 2], "texture": "#0"},
				"up": {"uv": [1.75, 6.75, 2, 6.875], "texture": "#0"},
				"down": {"uv": [1.75, 6.875, 2, 7], "texture": "#0"}
			}
		},
		{
			"from": [6, 5.75, -2],
			"to": [10, 7.75, 0],
			"rotation": {"angle": 0, "axis": "y", "origin": [8, 6.75, 8]},
			"faces": {
				"north": {"uv": [5, 1.5, 5.5, 1.75], "texture": "#0"},
				"east": {"uv": [3.75, 5.5, 4, 5.75], "texture": "#0"},
				"south": {"uv": [5, 1.75, 5.5, 2], "texture": "#0"},
				"west": {"uv": [5.625, 0.5, 5.875, 0.75], "texture": "#0"},
				"up": {"uv": [5.5, 1.5, 6, 1.75], "texture": "#0"},
				"down": {"uv": [5.5, 1.75, 6, 2], "texture": "#0"}
			}
		},
		{
			"from": [11, 6.75, -1],
			"to": [15, 7.75, 0],
			"rotation": {"angle": 0, "axis": "y", "origin": [8, 1.75, 8]},
			"faces": {
				"north": {"uv": [7.75, 0.875, 8.25, 1], "texture": "#0"},
				"east": {"uv": [3.625, 7.625, 3.75, 7.75], "texture": "#0"},
				"south": {"uv": [7.75, 1, 8.25, 1.125], "texture": "#0"},
				"west": {"uv": [1.5, 7.75, 1.625, 7.875], "texture": "#0"},
				"up": {"uv": [7.75, 1.125, 8.25, 1.25], "texture": "#0"},
				"down": {"uv": [7.75, 1.25, 8.25, 1.375], "texture": "#0"}
			}
		},
		{
			"from": [10, 9.75, -1],
			"to": [15, 11.75, 0],
			"rotation": {"angle": 0, "axis": "y", "origin": [8, 6.75, 8]},
			"faces": {
				"north": {"uv": [5, 0.75, 5.625, 1], "texture": "#0"},
				"east": {"uv": [3.5, 7, 3.625, 7.25], "texture": "#0"},
				"south": {"uv": [5, 1, 5.625, 1.25], "texture": "#0"},
				"west": {"uv": [3.625, 7, 3.75, 7.25], "texture": "#0"},
				"up": {"uv": [7.75, 0.625, 8.375, 0.75], "texture": "#0"},
				"down": {"uv": [7.75, 0.75, 8.375, 0.875], "texture": "#0"}
			}
		},
		{
			"from": [1, 6.75, -1],
			"to": [5, 7.75, 0],
			"rotation": {"angle": 0, "axis": "y", "origin": [8, 1.75, 8]},
			"faces": {
				"north": {"uv": [7.75, 1.375, 8.25, 1.5], "texture": "#0"},
				"east": {"uv": [1.625, 7.75, 1.75, 7.875], "texture": "#0"},
				"south": {"uv": [7.75, 1.5, 8.25, 1.625], "texture": "#0"},
				"west": {"uv": [3.5, 7.75, 3.625, 7.875], "texture": "#0"},
				"up": {"uv": [7.75, 1.625, 8.25, 1.75], "texture": "#0"},
				"down": {"uv": [7.75, 1.75, 8.25, 1.875], "texture": "#0"}
			}
		},
		{
			"from": [1, 9.75, -1],
			"to": [6, 11.75, 0],
			"rotation": {"angle": 0, "axis": "y", "origin": [8, 6.75, 8]},
			"faces": {
				"north": {"uv": [3, 2.5, 3.625, 2.75], "texture": "#0"},
				"east": {"uv": [3.875, 2.5, 4, 2.75], "texture": "#0"},
				"south": {"uv": [5, 0.5, 5.625, 0.75], "texture": "#0"},
				"west": {"uv": [5.875, 0.5, 6, 0.75], "texture": "#0"},
				"up": {"uv": [7.75, 0.375, 8.375, 0.5], "texture": "#0"},
				"down": {"uv": [7.75, 0.5, 8.375, 0.625], "texture": "#0"}
			}
		},
		{
			"from": [16, 11, 7],
			"to": [30.5, 13, 9],
			"rotation": {"angle": 0, "axis": "y", "origin": [23.49297, 12.02709, 7.97999]},
			"faces": {
				"north": {"uv": [6, 5.75, 7.875, 6], "texture": "#0"},
				"east": {"uv": [3.625, 2.5, 3.875, 2.75], "texture": "#0"},
				"south": {"uv": [7.25, 7.25, 9.125, 7.5], "texture": "#0"},
				"west": {"uv": [3.75, 4.75, 4, 5], "texture": "#0"},
				"up": {"uv": [7.25, 6, 9.125, 6.25], "texture": "#0"},
				"down": {"uv": [7.25, 6.25, 9.125, 6.5], "texture": "#0"}
			}
		},
		{
			"from": [-14.5, 11, 7],
			"to": [0, 13, 9],
			"rotation": {"angle": 0, "axis": "y", "origin": [-7.49297, 12.02709, 7.97999]},
			"faces": {
				"north": {"uv": [7.875, 5.75, 6, 6], "texture": "#0"},
				"east": {"uv": [4, 4.75, 3.75, 5], "texture": "#0"},
				"south": {"uv": [9.125, 7.25, 7.25, 7.5], "texture": "#0"},
				"west": {"uv": [3.875, 2.5, 3.625, 2.75], "texture": "#0"},
				"up": {"uv": [9.125, 6, 7.25, 6.25], "texture": "#0"},
				"down": {"uv": [9.125, 6.25, 7.25, 6.5], "texture": "#0"}
			}
		},
		{
			"from": [16, 4, 8],
			"to": [29.5, 11, 8],
			"rotation": {"angle": 0, "axis": "y", "origin": [23.49297, 12.02709, 7.97999]},
			"faces": {
				"north": {"uv": [0, 6.75, 1.75, 7.625], "texture": "#0"},
				"east": {"uv": [0, 0, 0, 0.875], "texture": "#0"},
				"south": {"uv": [1.75, 7, 3.5, 7.875], "texture": "#0"},
				"west": {"uv": [0, 0, 0, 0.875], "texture": "#0"},
				"up": {"uv": [0, 0, 1.75, 0], "texture": "#0"},
				"down": {"uv": [0, 0, 1.75, 0], "texture": "#0"}
			}
		},
		{
			"from": [-13.5, 4, 8],
			"to": [0, 11, 8],
			"rotation": {"angle": 0, "axis": "y", "origin": [-7.49297, 12.02709, 7.97999]},
			"faces": {
				"north": {"uv": [1.75, 6.75, 0, 7.625], "texture": "#0"},
				"east": {"uv": [0, 0, 0, 0.875], "texture": "#0"},
				"south": {"uv": [3.5, 7, 1.75, 7.875], "texture": "#0"},
				"west": {"uv": [0, 0, 0, 0.875], "texture": "#0"},
				"up": {"uv": [1.75, 0, 0, 0], "texture": "#0"},
				"down": {"uv": [1.75, 0, 0, 0], "texture": "#0"}
			}
		},
		{
			"from": [15.25, 3, 7.5],
			"to": [18.25, 4.25, 8.5],
			"rotation": {"angle": 0, "axis": "y", "origin": [22.74297, 12.02709, 7.97999]},
			"faces": {
				"north": {"uv": [5.625, 0.75, 6, 0.875], "texture": "#0"},
				"east": {"uv": [3.5, 7.25, 3.625, 7.375], "texture": "#0"},
				"south": {"uv": [5.625, 0.875, 6, 1], "texture": "#0"},
				"west": {"uv": [3.625, 7.25, 3.75, 7.375], "texture": "#0"},
				"up": {"uv": [5.625, 1, 6, 1.125], "texture": "#0"},
				"down": {"uv": [5.625, 1.125, 6, 1.25], "texture": "#0"}
			}
		},
		{
			"from": [-2.25, 3, 7.5],
			"to": [0.75, 4.25, 8.5],
			"rotation": {"angle": 0, "axis": "y", "origin": [-6.74297, 12.02709, 7.97999]},
			"faces": {
				"north": {"uv": [6, 0.75, 5.625, 0.875], "texture": "#0"},
				"east": {"uv": [3.75, 7.25, 3.625, 7.375], "texture": "#0"},
				"south": {"uv": [6, 0.875, 5.625, 1], "texture": "#0"},
				"west": {"uv": [3.625, 7.25, 3.5, 7.375], "texture": "#0"},
				"up": {"uv": [6, 1, 5.625, 1.125], "texture": "#0"},
				"down": {"uv": [6, 1.125, 5.625, 1.25], "texture": "#0"}
			}
		},
		{
			"from": [14.75, 5.5, 7.5],
			"to": [23.25, 6.75, 8.5],
			"rotation": {"angle": 22.5, "axis": "z", "origin": [22.74297, 12.02709, 7.97999]},
			"faces": {
				"north": {"uv": [7.25, 6.5, 8.375, 6.625], "texture": "#0"},
				"east": {"uv": [3.5, 7.375, 3.625, 7.5], "texture": "#0"},
				"south": {"uv": [7.25, 6.625, 8.375, 6.75], "texture": "#0"},
				"west": {"uv": [3.625, 7.375, 3.75, 7.5], "texture": "#0"},
				"up": {"uv": [7.25, 6.75, 8.375, 6.875], "texture": "#0"},
				"down": {"uv": [7.25, 6.875, 8.375, 7], "texture": "#0"}
			}
		},
		{
			"from": [-7.25, 5.5, 7.5],
			"to": [1.25, 6.75, 8.5],
			"rotation": {"angle": -22.5, "axis": "z", "origin": [-6.74297, 12.02709, 7.97999]},
			"faces": {
				"north": {"uv": [8.375, 6.5, 7.25, 6.625], "texture": "#0"},
				"east": {"uv": [3.75, 7.375, 3.625, 7.5], "texture": "#0"},
				"south": {"uv": [8.375, 6.625, 7.25, 6.75], "texture": "#0"},
				"west": {"uv": [3.625, 7.375, 3.5, 7.5], "texture": "#0"},
				"up": {"uv": [8.375, 6.75, 7.25, 6.875], "texture": "#0"},
				"down": {"uv": [8.375, 6.875, 7.25, 7], "texture": "#0"}
			}
		},
		{
			"from": [25, 6.98487, 7.5],
			"to": [32, 8.23487, 8.5],
			"rotation": {"angle": 45, "axis": "z", "origin": [26.31354, 7.01501, 7.96501]},
			"faces": {
				"north": {"uv": [7.25, 7, 8.125, 7.125], "texture": "#0"},
				"east": {"uv": [3.5, 7.5, 3.625, 7.625], "texture": "#0"},
				"south": {"uv": [7.25, 7.125, 8.125, 7.25], "texture": "#0"},
				"west": {"uv": [3.625, 7.5, 3.75, 7.625], "texture": "#0"},
				"up": {"uv": [7.25, 7.5, 8.125, 7.625], "texture": "#0"},
				"down": {"uv": [0, 7.625, 0.875, 7.75], "texture": "#0"}
			}
		},
		{
			"from": [-16, 6.98487, 7.5],
			"to": [-9, 8.23487, 8.5],
			"rotation": {"angle": -45, "axis": "z", "origin": [-10.31354, 7.01501, 7.96501]},
			"faces": {
				"north": {"uv": [8.125, 7, 7.25, 7.125], "texture": "#0"},
				"east": {"uv": [3.75, 7.5, 3.625, 7.625], "texture": "#0"},
				"south": {"uv": [8.125, 7.125, 7.25, 7.25], "texture": "#0"},
				"west": {"uv": [3.625, 7.5, 3.5, 7.625], "texture": "#0"},
				"up": {"uv": [8.125, 7.5, 7.25, 7.625], "texture": "#0"},
				"down": {"uv": [0.875, 7.625, 0, 7.75], "texture": "#0"}
			}
		},
		{
			"from": [1, -1, 1],
			"to": [15, 17, 15],
			"faces": {
				"north": {"uv": [2, 4.75, 3.75, 7], "texture": "#0"},
				"east": {"uv": [3.75, 6, 5.5, 8.25], "texture": "#0"},
				"south": {"uv": [5.5, 6, 7.25, 8.25], "texture": "#0"},
				"west": {"uv": [6, 0, 7.75, 2.25], "texture": "#0"},
				"up": {"uv": [6, 2.25, 7.75, 4], "texture": "#0"},
				"down": {"uv": [6, 4, 7.75, 5.75], "texture": "#0"}
			}
		}
	],
	"display": {
		"thirdperson_righthand": {
			"rotation": [65, 0, 0],
			"translation": [0, 2.5, 1],
			"scale": [0.3, 0.3, 0.3]
		},
		"firstperson_righthand": {
			"rotation": [0, -90, 25],
			"translation": [1.13, 3.2, 1.13],
			"scale": [0.3, 0.3, 0.3]
		},
		"ground": {
			"translation": [0, 4.25, 0],
			"scale": [0.5, 0.5, 0.5]
		},
		"gui": {
			"rotation": [18, -147, 0],
			"translation": [0.25, 0, 0],
			"scale": [0.5, 0.5, 0.5]
		},
		"head": {
			"translation": [0, 0.75, 0.25],
			"scale": [0.91, 0.91, 0.91]
		}
	}
}