{
	"credit": "Made with Blockbench",
	"textures": {
		"0": "item/chests/blue",
		"particle": "item/chests/blue"
	},
	"elements": [
		{
			"from": [-7.04, 0, 0.48],
			"to": [23.04, 14.1, 16.46],
			"faces": {
				"north": {"uv": [1.0625, 1.0625, 3.0625, 2], "texture": "#0"},
				"east": {"uv": [0, 1.0625, 1.0625, 2], "texture": "#0"},
				"south": {"uv": [4.125, 1.0625, 6.125, 2], "texture": "#0"},
				"west": {"uv": [3.0625, 1.0625, 4.125, 2], "texture": "#0"},
				"up": {"uv": [3.0625, 1.0625, 1.0625, 0], "texture": "#0"},
				"down": {"uv": [5.0625, 0, 3.0625, 1.0625], "texture": "#0"}
			}
		},
		{
			"from": [-7.98, 11.28, -0.46],
			"to": [23.98, 14.1, 17.4],
			"faces": {
				"north": {"uv": [1.1875, 4.5625, 3.3125, 4.75], "texture": "#0"},
				"east": {"uv": [0, 4.5625, 1.1875, 4.75], "texture": "#0"},
				"south": {"uv": [4.5, 4.5625, 6.625, 4.75], "texture": "#0"},
				"west": {"uv": [3.3125, 4.5625, 4.5, 4.75], "texture": "#0"},
				"up": {"uv": [3.3125, 4.5625, 1.1875, 3.375], "texture": "#0"},
				"down": {"uv": [5.4375, 3.375, 3.3125, 4.5625], "texture": "#0"}
			}
		},
		{
			"from": [-4.22, 6.58, -1.4],
			"to": [3.3, 15.04, 4.24],
			"faces": {
				"north": {"uv": [10.438, 1.5, 10.875, 2.062], "texture": "#0"},
				"east": {"uv": [10.125, 4.625, 11.313, 4.813], "texture": "#0"},
				"south": {"uv": [4.5, 4.5625, 6.625, 4.75], "texture": "#0"},
				"west": {"uv": [10.375, 3.25, 11.563, 3.438], "texture": "#0"},
				"up": {"uv": [10.875, 1.5, 10.438, 1.125], "texture": "#0"},
				"down": {"uv": [12.688, 4.25, 10.563, 5.438], "texture": "#0"}
			}
		},
		{
			"from": [17.4, 6.58, -1.4],
			"to": [20.22, 15.04, 4.24],
			"rotation": {"angle": -22.5, "axis": "y", "origin": [18.79192, 10.84119, 1.87694]},
			"faces": {
				"north": {"uv": [10.938, 1.5, 11.125, 2.063], "texture": "#0"},
				"east": {"uv": [10.125, 4.25, 11.313, 4.438], "texture": "#0"},
				"south": {"uv": [4.5, 4.5625, 6.625, 4.75], "texture": "#0"},
				"west": {"uv": [10.5, 4.625, 11.688, 4.813], "texture": "#0"},
				"up": {"uv": [11.125, 1.5, 10.938, 1.125], "texture": "#0"},
				"down": {"uv": [13.125, 2.938, 11, 4.125], "texture": "#0"}
			}
		},
		{
			"from": [-7.98, 0, -0.46],
			"to": [23.98, 2.82, 17.4],
			"faces": {
				"north": {"uv": [1.1875, 3.1875, 3.3125, 3.375], "texture": "#0"},
				"east": {"uv": [0, 3.1875, 1.1875, 3.375], "texture": "#0"},
				"south": {"uv": [4.5, 3.1875, 6.625, 3.375], "texture": "#0"},
				"west": {"uv": [3.3125, 3.1875, 4.5, 3.375], "texture": "#0"},
				"up": {"uv": [3.3125, 3.1875, 1.1875, 2], "texture": "#0"},
				"down": {"uv": [5.4375, 2, 3.3125, 3.1875], "texture": "#0"}
			}
		},
		{
			"name": "chestpart1",
			"from": [-8.2, 16.0468, 2.84384],
			"to": [24.3, 18.8668, 13.18384],
			"rotation": {"angle": 45, "axis": "x", "origin": [8, 15.04, 16.46]},
			"faces": {
				"north": {"uv": [5.75, 0.6875, 7.875, 0.875], "texture": "#0"},
				"east": {"uv": [5.0625, 0.6875, 5.75, 0.875], "texture": "#0"},
				"south": {"uv": [8.5625, 0.6875, 10.6875, 0.875], "texture": "#0"},
				"west": {"uv": [7.875, 0.6875, 8.5625, 0.875], "texture": "#0"},
				"up": {"uv": [7.875, 0.6875, 5.75, 0], "texture": "#0"},
				"down": {"uv": [10, 0, 7.875, 0.6875], "texture": "#0"}
			}
		},
		{
			"name": "chestpart2",
			"from": [-7.98, 20.89915, 0.36074],
			"to": [23.98, 23.71915, 6.00074],
			"rotation": {"angle": 22.5, "axis": "x", "origin": [8, 15.04, 16.46]},
			"faces": {
				"north": {"uv": [5.125, 5.125, 7.25, 5.3125], "texture": "#0"},
				"east": {"uv": [4.75, 5.125, 5.125, 5.3125], "texture": "#0"},
				"south": {"uv": [7.625, 5.125, 9.75, 5.3125], "texture": "#0"},
				"west": {"uv": [7.25, 5.125, 7.625, 5.3125], "texture": "#0"},
				"up": {"uv": [7.25, 5.125, 5.125, 4.75], "texture": "#0"},
				"down": {"uv": [9.375, 4.75, 7.25, 5.125], "texture": "#0"}
			}
		},
		{
			"name": "chestpart3",
			"from": [5.18, 19.27314, 1.67617],
			"to": [10.82, 23.97314, 6.37617],
			"rotation": {"angle": 22.5, "axis": "x", "origin": [8, 20.68, 20.22]},
			"faces": {
				"north": {"uv": [11.188, 1.75, 11.563, 2.063], "texture": "#0"},
				"east": {"uv": [11.188, 2.063, 11.563, 2.375], "texture": "#0"},
				"south": {"uv": [7.625, 5.125, 9.75, 5.3125], "texture": "#0"},
				"west": {"uv": [11.188, 2.063, 11.563, 2.375], "texture": "#0"},
				"up": {"uv": [11.563, 1.75, 11.188, 1.438], "texture": "#0"},
				"down": {"uv": [11.563, 2.063, 11.188, 2.375], "texture": "#0"}
			}
		},
		{
			"name": "chestpart3",
			"from": [-7.98, 14.38402, 15.60786],
			"to": [23.98, 20.02402, 18.42786],
			"rotation": {"angle": -22.5, "axis": "x", "origin": [8, 15.04, 16.46]},
			"faces": {
				"north": {"uv": [5.625, 2.8125, 7.75, 3.1875], "texture": "#0"},
				"east": {"uv": [5.4375, 2.8125, 5.625, 3.1875], "texture": "#0"},
				"south": {"uv": [7.9375, 2.8125, 10.0625, 3.1875], "texture": "#0"},
				"west": {"uv": [7.75, 2.8125, 7.9375, 3.1875], "texture": "#0"},
				"up": {"uv": [7.75, 2.8125, 5.625, 2.625], "texture": "#0"},
				"down": {"uv": [9.875, 2.625, 7.75, 2.8125], "texture": "#0"}
			}
		},
		{
			"name": "chestpart2",
			"from": [-7.04, 27.7129, 12.40591],
			"to": [23.04, 31.4729, 18.04591],
			"rotation": {"angle": -22.5, "axis": "x", "origin": [8, 15.04, 16.46]},
			"faces": {
				"north": {"uv": [5.8125, 2.375, 7.8125, 2.625], "texture": "#0"},
				"east": {"uv": [5.4375, 2.375, 5.8125, 2.625], "texture": "#0"},
				"south": {"uv": [8.1875, 2.375, 10.1875, 2.625], "texture": "#0"},
				"west": {"uv": [7.8125, 2.375, 8.1875, 2.625], "texture": "#0"},
				"up": {"uv": [7.8125, 2.375, 5.8125, 2], "texture": "#0"},
				"down": {"uv": [9.8125, 2, 7.8125, 2.375], "texture": "#0"}
			}
		},
		{
			"name": "chestpart3",
			"from": [-7.322, 17.26212, 2.56852],
			"to": [23.228, 22.90212, 13.84852],
			"rotation": {"angle": 45, "axis": "x", "origin": [8, 15.04, 16.46]},
			"faces": {
				"north": {"uv": [0.75, 5.5, 2.75, 5.875], "texture": "#0"},
				"east": {"uv": [0, 5.5, 0.75, 5.875], "texture": "#0"},
				"south": {"uv": [3.5, 5.5, 5.5, 5.875], "texture": "#0"},
				"west": {"uv": [2.75, 5.5, 3.5, 5.875], "texture": "#0"},
				"up": {"uv": [2.75, 5.5, 0.75, 4.75], "texture": "#0"},
				"down": {"uv": [4.75, 4.75, 2.75, 5.5], "texture": "#0"}
			}
		},
		{
			"name": "chestpart4",
			"from": [-7.04, 16.62789, 14.07717],
			"to": [23.04, 23.20789, 16.89717],
			"rotation": {"angle": 22.5, "axis": "x", "origin": [8, 15.04, 16.46]},
			"faces": {
				"north": {"uv": [5.625, 3.5625, 7.625, 4], "texture": "#0"},
				"east": {"uv": [5.4375, 3.5625, 5.625, 4], "texture": "#0"},
				"south": {"uv": [7.8125, 3.5625, 9.8125, 4], "texture": "#0"},
				"west": {"uv": [7.625, 3.5625, 7.8125, 4], "texture": "#0"},
				"up": {"uv": [7.625, 3.5625, 5.625, 3.375], "texture": "#0"},
				"down": {"uv": [9.625, 3.375, 7.625, 3.5625], "texture": "#0"}
			}
		},
		{
			"name": "coin",
			"from": [10.41037, 14.1, 3.89618],
			"to": [15.11037, 15.98, 8.59618],
			"rotation": {"angle": -22.5, "axis": "y", "origin": [12.74893, 15.05961, 6.23234]},
			"faces": {
				"north": {"uv": [5.75, 4.3125, 6.0625, 4.4375], "texture": "#0"},
				"east": {"uv": [5.4375, 4.3125, 5.75, 4.4375], "texture": "#0"},
				"south": {"uv": [6.375, 4.3125, 6.6875, 4.4375], "texture": "#0"},
				"west": {"uv": [6.0625, 4.3125, 6.375, 4.4375], "texture": "#0"},
				"up": {"uv": [6.0625, 4.3125, 5.75, 4], "texture": "#0"},
				"down": {"uv": [6.375, 4, 6.0625, 4.3125], "texture": "#0"}
			}
		},
		{
			"name": "coin",
			"from": [14.17037, 15.98, 5.77618],
			"to": [18.87037, 17.86, 10.47618],
			"rotation": {"angle": -22.5, "axis": "y", "origin": [16.50893, 16.93961, 8.11234]},
			"faces": {
				"north": {"uv": [5.75, 4.3125, 6.0625, 4.4375], "texture": "#0"},
				"east": {"uv": [5.4375, 4.3125, 5.75, 4.4375], "texture": "#0"},
				"south": {"uv": [6.375, 4.3125, 6.6875, 4.4375], "texture": "#0"},
				"west": {"uv": [6.0625, 4.3125, 6.375, 4.4375], "texture": "#0"},
				"up": {"uv": [6.0625, 4.3125, 5.75, 4], "texture": "#0"},
				"down": {"uv": [6.375, 4, 6.0625, 4.3125], "texture": "#0"}
			}
		},
		{
			"name": "coin",
			"from": [16.99037, 14.1, 4.89618],
			"to": [21.69037, 15.98, 9.59618],
			"rotation": {"angle": 22.5, "axis": "y", "origin": [19.32893, 15.05961, 7.23234]},
			"faces": {
				"north": {"uv": [5.75, 4.3125, 6.0625, 4.4375], "texture": "#0"},
				"east": {"uv": [5.4375, 4.3125, 5.75, 4.4375], "texture": "#0"},
				"south": {"uv": [6.375, 4.3125, 6.6875, 4.4375], "texture": "#0"},
				"west": {"uv": [6.0625, 4.3125, 6.375, 4.4375], "texture": "#0"},
				"up": {"uv": [6.0625, 4.3125, 5.75, 4], "texture": "#0"},
				"down": {"uv": [6.375, 4, 6.0625, 4.3125], "texture": "#0"}
			}
		},
		{
			"name": "coin",
			"from": [10.82, 14.1, 12.7],
			"to": [15.52, 15.98, 17.4],
			"rotation": {"angle": 45, "axis": "y", "origin": [9.88, 15.98, 8.94]},
			"faces": {
				"north": {"uv": [5.75, 4.3125, 6.0625, 4.4375], "texture": "#0"},
				"east": {"uv": [5.4375, 4.3125, 5.75, 4.4375], "texture": "#0"},
				"south": {"uv": [6.375, 4.3125, 6.6875, 4.4375], "texture": "#0"},
				"west": {"uv": [6.0625, 4.3125, 6.375, 4.4375], "texture": "#0"},
				"up": {"uv": [6.0625, 4.3125, 5.75, 4], "texture": "#0"},
				"down": {"uv": [6.375, 4, 6.0625, 4.3125], "texture": "#0"}
			}
		},
		{
			"name": "coin",
			"from": [5.64752, 14.1, 4.49665],
			"to": [10.34752, 15.98, 9.19665],
			"faces": {
				"north": {"uv": [6.0625, 4.3125, 6.375, 4.4375], "texture": "#0"},
				"east": {"uv": [5.75, 4.3125, 6.0625, 4.4375], "texture": "#0"},
				"south": {"uv": [5.4375, 4.3125, 5.75, 4.4375], "texture": "#0"},
				"west": {"uv": [6.375, 4.3125, 6.6875, 4.4375], "texture": "#0"},
				"up": {"uv": [6.0625, 4.3125, 5.75, 4], "rotation": 90, "texture": "#0"},
				"down": {"uv": [6.375, 4, 6.0625, 4.3125], "rotation": 270, "texture": "#0"}
			}
		},
		{
			"name": "coin",
			"from": [3.76752, 13.16, 1.67665],
			"to": [8.46752, 15.04, 6.37665],
			"rotation": {"angle": -22.5, "axis": "y", "origin": [5.92923, 14.56493, 7.90928]},
			"faces": {
				"north": {"uv": [6.0625, 4.3125, 6.375, 4.4375], "texture": "#0"},
				"east": {"uv": [5.75, 4.3125, 6.0625, 4.4375], "texture": "#0"},
				"south": {"uv": [5.4375, 4.3125, 5.75, 4.4375], "texture": "#0"},
				"west": {"uv": [6.375, 4.3125, 6.6875, 4.4375], "texture": "#0"},
				"up": {"uv": [6.0625, 4.3125, 5.75, 4], "rotation": 90, "texture": "#0"},
				"down": {"uv": [6.375, 4, 6.0625, 4.3125], "rotation": 270, "texture": "#0"}
			}
		},
		{
			"name": "coin",
			"from": [13.68469, 14.16, 2.06066],
			"to": [18.38469, 16.04, 6.76066],
			"rotation": {"angle": 22.5, "axis": "y", "origin": [16.02956, 15.12199, 4.39174]},
			"faces": {
				"north": {"uv": [6.375, 4.3125, 6.6875, 4.4375], "texture": "#0"},
				"east": {"uv": [6.0625, 4.3125, 6.375, 4.4375], "texture": "#0"},
				"south": {"uv": [5.75, 4.3125, 6.0625, 4.4375], "texture": "#0"},
				"west": {"uv": [5.4375, 4.3125, 5.75, 4.4375], "texture": "#0"},
				"up": {"uv": [6.0625, 4.3125, 5.75, 4], "rotation": 180, "texture": "#0"},
				"down": {"uv": [6.375, 4, 6.0625, 4.3125], "rotation": 180, "texture": "#0"}
			}
		},
		{
			"name": "coin",
			"from": [5.56895, 15.98, 8.06868],
			"to": [10.26895, 17.86, 12.76868],
			"rotation": {"angle": 22.5, "axis": "y", "origin": [7.80923, 15.50493, 10.72928]},
			"faces": {
				"north": {"uv": [5.4375, 4.3125, 5.75, 4.4375], "texture": "#0"},
				"east": {"uv": [6.375, 4.3125, 6.6875, 4.4375], "texture": "#0"},
				"south": {"uv": [6.0625, 4.3125, 6.375, 4.4375], "texture": "#0"},
				"west": {"uv": [5.75, 4.3125, 6.0625, 4.4375], "texture": "#0"},
				"up": {"uv": [6.0625, 4.3125, 5.75, 4], "rotation": 270, "texture": "#0"},
				"down": {"uv": [6.375, 4, 6.0625, 4.3125], "rotation": 90, "texture": "#0"}
			}
		},
		{
			"name": "coin",
			"from": [5.82378, 14.1, 11.85925],
			"to": [10.52378, 15.98, 16.55925],
			"rotation": {"angle": 45, "axis": "y", "origin": [7.80923, 15.50493, 10.72928]},
			"faces": {
				"north": {"uv": [6.0625, 4.3125, 6.375, 4.4375], "texture": "#0"},
				"east": {"uv": [5.75, 4.3125, 6.0625, 4.4375], "texture": "#0"},
				"south": {"uv": [5.4375, 4.3125, 5.75, 4.4375], "texture": "#0"},
				"west": {"uv": [6.375, 4.3125, 6.6875, 4.4375], "texture": "#0"},
				"up": {"uv": [6.0625, 4.3125, 5.75, 4], "rotation": 90, "texture": "#0"},
				"down": {"uv": [6.375, 4, 6.0625, 4.3125], "rotation": 270, "texture": "#0"}
			}
		},
		{
			"name": "coin",
			"from": [3.50253, 14.1, 10.70024],
			"to": [8.20253, 15.98, 15.40024],
			"rotation": {"angle": -22.5, "axis": "y", "origin": [7.80923, 15.50493, 10.72928]},
			"faces": {
				"north": {"uv": [5.75, 4.3125, 6.0625, 4.4375], "texture": "#0"},
				"east": {"uv": [5.4375, 4.3125, 5.75, 4.4375], "texture": "#0"},
				"south": {"uv": [6.375, 4.3125, 6.6875, 4.4375], "texture": "#0"},
				"west": {"uv": [6.0625, 4.3125, 6.375, 4.4375], "texture": "#0"},
				"up": {"uv": [6.0625, 4.3125, 5.75, 4], "texture": "#0"},
				"down": {"uv": [6.375, 4, 6.0625, 4.3125], "texture": "#0"}
			}
		},
		{
			"name": "coin",
			"from": [9.40752, 15.98, 3.55665],
			"to": [14.10752, 17.86, 8.25665],
			"faces": {
				"north": {"uv": [6.0625, 4.3125, 6.375, 4.4375], "texture": "#0"},
				"east": {"uv": [5.75, 4.3125, 6.0625, 4.4375], "texture": "#0"},
				"south": {"uv": [5.4375, 4.3125, 5.75, 4.4375], "texture": "#0"},
				"west": {"uv": [6.375, 4.3125, 6.6875, 4.4375], "texture": "#0"},
				"up": {"uv": [6.0625, 4.3125, 5.75, 4], "rotation": 90, "texture": "#0"},
				"down": {"uv": [6.375, 4, 6.0625, 4.3125], "rotation": 270, "texture": "#0"}
			}
		},
		{
			"name": "coin",
			"from": [9.52983, 17.86, 7.549],
			"to": [14.22983, 19.74, 12.249],
			"rotation": {"angle": -22.5, "axis": "y", "origin": [11.56923, 17.38493, 9.78928]},
			"faces": {
				"north": {"uv": [5.75, 4.3125, 6.0625, 4.4375], "texture": "#0"},
				"east": {"uv": [5.4375, 4.3125, 5.75, 4.4375], "texture": "#0"},
				"south": {"uv": [6.375, 4.3125, 6.6875, 4.4375], "texture": "#0"},
				"west": {"uv": [6.0625, 4.3125, 6.375, 4.4375], "texture": "#0"},
				"up": {"uv": [6.0625, 4.3125, 5.75, 4], "texture": "#0"},
				"down": {"uv": [6.375, 4, 6.0625, 4.3125], "texture": "#0"}
			}
		},
		{
			"name": "coin",
			"from": [25.52983, -0.14, -1.451],
			"to": [30.22983, 1.74, 3.249],
			"rotation": {"angle": -22.5, "axis": "y", "origin": [27.56923, -0.61507, 0.78928]},
			"faces": {
				"north": {"uv": [5.75, 4.3125, 6.0625, 4.4375], "texture": "#0"},
				"east": {"uv": [5.4375, 4.3125, 5.75, 4.4375], "texture": "#0"},
				"south": {"uv": [6.375, 4.3125, 6.6875, 4.4375], "texture": "#0"},
				"west": {"uv": [6.0625, 4.3125, 6.375, 4.4375], "texture": "#0"},
				"up": {"uv": [6.0625, 4.3125, 5.75, 4], "texture": "#0"},
				"down": {"uv": [6.375, 4, 6.0625, 4.3125], "texture": "#0"}
			}
		},
		{
			"name": "coin",
			"from": [-15.47017, -0.14, -2.451],
			"to": [-10.77017, 1.74, 2.249],
			"rotation": {"angle": -22.5, "axis": "y", "origin": [-13.43077, -0.61507, -0.21072]},
			"faces": {
				"north": {"uv": [5.75, 4.3125, 6.0625, 4.4375], "texture": "#0"},
				"east": {"uv": [5.4375, 4.3125, 5.75, 4.4375], "texture": "#0"},
				"south": {"uv": [6.375, 4.3125, 6.6875, 4.4375], "texture": "#0"},
				"west": {"uv": [6.0625, 4.3125, 6.375, 4.4375], "texture": "#0"},
				"up": {"uv": [6.0625, 4.3125, 5.75, 4], "texture": "#0"},
				"down": {"uv": [6.375, 4, 6.0625, 4.3125], "texture": "#0"}
			}
		},
		{
			"name": "coin",
			"from": [14.52983, -0.14, -6.451],
			"to": [19.22983, 1.74, -1.751],
			"rotation": {"angle": -22.5, "axis": "y", "origin": [16.56923, -0.61507, -4.21072]},
			"faces": {
				"north": {"uv": [5.75, 4.3125, 6.0625, 4.4375], "texture": "#0"},
				"east": {"uv": [5.4375, 4.3125, 5.75, 4.4375], "texture": "#0"},
				"south": {"uv": [6.375, 4.3125, 6.6875, 4.4375], "texture": "#0"},
				"west": {"uv": [6.0625, 4.3125, 6.375, 4.4375], "texture": "#0"},
				"up": {"uv": [6.0625, 4.3125, 5.75, 4], "texture": "#0"},
				"down": {"uv": [6.375, 4, 6.0625, 4.3125], "texture": "#0"}
			}
		},
		{
			"name": "coin",
			"from": [-9.78584, -0.65447, -2.451],
			"to": [-7.90584, 4.04553, 2.249],
			"rotation": {"angle": -45, "axis": "y", "origin": [-7.43077, 1.38493, -0.21072]},
			"faces": {
				"north": {"uv": [5.75, 4.3125, 6.0625, 4.4375], "rotation": 90, "texture": "#0"},
				"east": {"uv": [6.375, 4, 6.0625, 4.3125], "rotation": 270, "texture": "#0"},
				"south": {"uv": [6.375, 4.3125, 6.6875, 4.4375], "rotation": 270, "texture": "#0"},
				"west": {"uv": [6.0625, 4.3125, 5.75, 4], "rotation": 270, "texture": "#0"},
				"up": {"uv": [5.4375, 4.3125, 5.75, 4.4375], "rotation": 270, "texture": "#0"},
				"down": {"uv": [6.0625, 4.3125, 6.375, 4.4375], "rotation": 270, "texture": "#0"}
			}
		},
		{
			"name": "coin",
			"from": [25.10951, -0.14, 3.74988],
			"to": [29.80951, 1.74, 8.44988],
			"rotation": {"angle": 22.5, "axis": "y", "origin": [27.56923, -0.61507, 5.78928]},
			"faces": {
				"north": {"uv": [6.0625, 4.3125, 6.375, 4.4375], "texture": "#0"},
				"east": {"uv": [5.75, 4.3125, 6.0625, 4.4375], "texture": "#0"},
				"south": {"uv": [5.4375, 4.3125, 5.75, 4.4375], "texture": "#0"},
				"west": {"uv": [6.375, 4.3125, 6.6875, 4.4375], "texture": "#0"},
				"up": {"uv": [6.0625, 4.3125, 5.75, 4], "rotation": 90, "texture": "#0"},
				"down": {"uv": [6.375, 4, 6.0625, 4.3125], "rotation": 270, "texture": "#0"}
			}
		},
		{
			"name": "coin",
			"from": [25.10951, 1.86, 1.74988],
			"to": [29.80951, 3.74, 6.44988],
			"rotation": {"angle": 22.5, "axis": "y", "origin": [27.56923, 1.38493, 3.78928]},
			"faces": {
				"north": {"uv": [6.0625, 4.3125, 6.375, 4.4375], "texture": "#0"},
				"east": {"uv": [5.75, 4.3125, 6.0625, 4.4375], "texture": "#0"},
				"south": {"uv": [5.4375, 4.3125, 5.75, 4.4375], "texture": "#0"},
				"west": {"uv": [6.375, 4.3125, 6.6875, 4.4375], "texture": "#0"},
				"up": {"uv": [6.0625, 4.3125, 5.75, 4], "rotation": 90, "texture": "#0"},
				"down": {"uv": [6.375, 4, 6.0625, 4.3125], "rotation": 270, "texture": "#0"}
			}
		},
		{
			"name": "coin",
			"from": [22.10951, -0.14, 17.74988],
			"to": [26.80951, 1.74, 22.44988],
			"rotation": {"angle": 22.5, "axis": "y", "origin": [24.56923, -0.61507, 19.78928]},
			"faces": {
				"north": {"uv": [6.0625, 4.3125, 6.375, 4.4375], "texture": "#0"},
				"east": {"uv": [5.75, 4.3125, 6.0625, 4.4375], "texture": "#0"},
				"south": {"uv": [5.4375, 4.3125, 5.75, 4.4375], "texture": "#0"},
				"west": {"uv": [6.375, 4.3125, 6.6875, 4.4375], "texture": "#0"},
				"up": {"uv": [6.0625, 4.3125, 5.75, 4], "rotation": 90, "texture": "#0"},
				"down": {"uv": [6.375, 4, 6.0625, 4.3125], "rotation": 270, "texture": "#0"}
			}
		},
		{
			"name": "coin",
			"from": [1.10951, -1.27567, 18.26435],
			"to": [5.80951, 3.42433, 20.14435],
			"rotation": {"angle": -22.5, "axis": "x", "origin": [3.56923, 1.38493, 17.78928]},
			"faces": {
				"north": {"uv": [6.375, 4, 6.0625, 4.3125], "rotation": 90, "texture": "#0"},
				"east": {"uv": [5.75, 4.3125, 6.0625, 4.4375], "rotation": 270, "texture": "#0"},
				"south": {"uv": [6.0625, 4.3125, 5.75, 4], "rotation": 90, "texture": "#0"},
				"west": {"uv": [6.375, 4.3125, 6.6875, 4.4375], "rotation": 90, "texture": "#0"},
				"up": {"uv": [6.0625, 4.3125, 6.375, 4.4375], "rotation": 180, "texture": "#0"},
				"down": {"uv": [5.4375, 4.3125, 5.75, 4.4375], "texture": "#0"}
			}
		},
		{
			"name": "coin",
			"from": [-13.89049, -0.14, 17.74988],
			"to": [-9.19049, 1.74, 22.44988],
			"rotation": {"angle": 22.5, "axis": "y", "origin": [-11.43077, -0.61507, 19.78928]},
			"faces": {
				"north": {"uv": [6.0625, 4.3125, 6.375, 4.4375], "texture": "#0"},
				"east": {"uv": [5.75, 4.3125, 6.0625, 4.4375], "texture": "#0"},
				"south": {"uv": [5.4375, 4.3125, 5.75, 4.4375], "texture": "#0"},
				"west": {"uv": [6.375, 4.3125, 6.6875, 4.4375], "texture": "#0"},
				"up": {"uv": [6.0625, 4.3125, 5.75, 4], "rotation": 90, "texture": "#0"},
				"down": {"uv": [6.375, 4, 6.0625, 4.3125], "rotation": 270, "texture": "#0"}
			}
		},
		{
			"name": "coin",
			"from": [5.90863, -0.14, 18.32956],
			"to": [10.60863, 1.74, 23.02956],
			"rotation": {"angle": -22.5, "axis": "y", "origin": [8.56923, -0.61507, 20.78928]},
			"faces": {
				"north": {"uv": [6.375, 4.3125, 6.6875, 4.4375], "texture": "#0"},
				"east": {"uv": [6.0625, 4.3125, 6.375, 4.4375], "texture": "#0"},
				"south": {"uv": [5.75, 4.3125, 6.0625, 4.4375], "texture": "#0"},
				"west": {"uv": [5.4375, 4.3125, 5.75, 4.4375], "texture": "#0"},
				"up": {"uv": [6.0625, 4.3125, 5.75, 4], "rotation": 180, "texture": "#0"},
				"down": {"uv": [6.375, 4, 6.0625, 4.3125], "rotation": 180, "texture": "#0"}
			}
		},
		{
			"name": "coin",
			"from": [-13.89049, -0.14, 11.74988],
			"to": [-9.19049, 1.74, 16.44988],
			"rotation": {"angle": -45, "axis": "y", "origin": [-11.43077, -0.61507, 13.78928]},
			"faces": {
				"north": {"uv": [6.0625, 4.3125, 6.375, 4.4375], "texture": "#0"},
				"east": {"uv": [5.75, 4.3125, 6.0625, 4.4375], "texture": "#0"},
				"south": {"uv": [5.4375, 4.3125, 5.75, 4.4375], "texture": "#0"},
				"west": {"uv": [6.375, 4.3125, 6.6875, 4.4375], "texture": "#0"},
				"up": {"uv": [6.0625, 4.3125, 5.75, 4], "rotation": 90, "texture": "#0"},
				"down": {"uv": [6.375, 4, 6.0625, 4.3125], "rotation": 270, "texture": "#0"}
			}
		},
		{
			"name": "coin",
			"from": [9.58378, 15.98, 10.91925],
			"to": [14.28378, 17.86, 15.61925],
			"rotation": {"angle": 45, "axis": "y", "origin": [11.56923, 17.38493, 9.78928]},
			"faces": {
				"north": {"uv": [6.0625, 4.3125, 6.375, 4.4375], "texture": "#0"},
				"east": {"uv": [5.75, 4.3125, 6.0625, 4.4375], "texture": "#0"},
				"south": {"uv": [5.4375, 4.3125, 5.75, 4.4375], "texture": "#0"},
				"west": {"uv": [6.375, 4.3125, 6.6875, 4.4375], "texture": "#0"},
				"up": {"uv": [6.0625, 4.3125, 5.75, 4], "rotation": 90, "texture": "#0"},
				"down": {"uv": [6.375, 4, 6.0625, 4.3125], "rotation": 270, "texture": "#0"}
			}
		},
		{
			"name": "coin",
			"from": [-2.81248, 14.1, 0.73665],
			"to": [1.88752, 15.98, 5.43665],
			"rotation": {"angle": -45, "axis": "y", "origin": [-0.65077, 15.50493, 6.96928]},
			"faces": {
				"north": {"uv": [6.0625, 4.3125, 6.375, 4.4375], "texture": "#0"},
				"east": {"uv": [5.75, 4.3125, 6.0625, 4.4375], "texture": "#0"},
				"south": {"uv": [5.4375, 4.3125, 5.75, 4.4375], "texture": "#0"},
				"west": {"uv": [6.375, 4.3125, 6.6875, 4.4375], "texture": "#0"},
				"up": {"uv": [6.0625, 4.3125, 5.75, 4], "rotation": 90, "texture": "#0"},
				"down": {"uv": [6.375, 4, 6.0625, 4.3125], "rotation": 270, "texture": "#0"}
			}
		},
		{
			"name": "coin",
			"from": [-3.31137, 15.98, 4.50956],
			"to": [1.38863, 17.86, 9.20956],
			"faces": {
				"north": {"uv": [6.375, 4.3125, 6.6875, 4.4375], "texture": "#0"},
				"east": {"uv": [6.0625, 4.3125, 6.375, 4.4375], "texture": "#0"},
				"south": {"uv": [5.75, 4.3125, 6.0625, 4.4375], "texture": "#0"},
				"west": {"uv": [5.4375, 4.3125, 5.75, 4.4375], "texture": "#0"},
				"up": {"uv": [6.0625, 4.3125, 5.75, 4], "rotation": 180, "texture": "#0"},
				"down": {"uv": [6.375, 4, 6.0625, 4.3125], "rotation": 180, "texture": "#0"}
			}
		},
		{
			"name": "coin",
			"from": [-2.63622, 14.1, 8.09925],
			"to": [2.06378, 15.98, 12.79925],
			"faces": {
				"north": {"uv": [6.0625, 4.3125, 6.375, 4.4375], "texture": "#0"},
				"east": {"uv": [5.75, 4.3125, 6.0625, 4.4375], "texture": "#0"},
				"south": {"uv": [5.4375, 4.3125, 5.75, 4.4375], "texture": "#0"},
				"west": {"uv": [6.375, 4.3125, 6.6875, 4.4375], "texture": "#0"},
				"up": {"uv": [6.0625, 4.3125, 5.75, 4], "rotation": 90, "texture": "#0"},
				"down": {"uv": [6.375, 4, 6.0625, 4.3125], "rotation": 270, "texture": "#0"}
			}
		},
		{
			"name": "coin",
			"from": [-5.32173, 14.1, 2.66258],
			"to": [-0.62173, 15.98, 7.36258],
			"rotation": {"angle": 22.5, "axis": "y", "origin": [-0.65077, 15.50493, 6.96928]},
			"faces": {
				"north": {"uv": [6.0625, 4.3125, 6.375, 4.4375], "texture": "#0"},
				"east": {"uv": [5.75, 4.3125, 6.0625, 4.4375], "texture": "#0"},
				"south": {"uv": [5.4375, 4.3125, 5.75, 4.4375], "texture": "#0"},
				"west": {"uv": [6.375, 4.3125, 6.6875, 4.4375], "texture": "#0"},
				"up": {"uv": [6.0625, 4.3125, 5.75, 4], "rotation": 90, "texture": "#0"},
				"down": {"uv": [6.375, 4, 6.0625, 4.3125], "rotation": 270, "texture": "#0"}
			}
		}
	],
	"display": {
		"thirdperson_righthand": {
			"rotation": [75, 0, -9.8],
			"translation": [0.25, 7.25, 43.25]
		},
		"firstperson_righthand": {
			"rotation": [44, 134, -28],
			"translation": [9.5, 5.25, -21.25],
			"scale": [0.375, 0.59453, 0.7]
		},
		"ground": {
			"scale": [0.5, 0.5, 0.5]
		},
		"gui": {
			"rotation": [31, -151, 2],
			"translation": [0.75, -2.5, 0],
			"scale": [0.45, 0.45, 0.45]
		},
		"head": {
			"rotation": [4, 0, 0],
			"translation": [0, -52.5, -4.25],
			"scale": [1.5, 1.60156, 1.5]
		},
		"fixed": {
			"translation": [-0.25, -2.5, -8.5],
			"scale": [0.5, 0.5, 0.5]
		}
	},
	"groups": [0, 1, 2, 3, 4,
		{
			"name": "group",
			"origin": [8, 16, 16],
			"children": [5, 6, 7, 8, 9, 10, 11]
		},
		{
			"name": "group",
			"origin": [13.05205, 16.02086, 5.11951],
			"children": [12, 13, 14, 15]
		},
		{
			"name": "group",
			"origin": [13.05205, 16.02086, 5.11951],
			"children": [16, 17, 18, 19, 20, 21]
		},
		{
			"name": "group",
			"origin": [13.05205, 16.02086, 5.11951],
			"children": [22, 23, 24, 25, 26, 27, 28, 29, 30, 31, 32, 33, 34, 35]
		},
		{
			"name": "group",
			"origin": [13.05205, 16.02086, 5.11951],
			"children": [36, 37, 38, 39]
		}
	]
}