{
	"credit": "Made with Blockbench",
	"textures": {
		"0": "item/kingdom/emperor",
		"particle": "item/kingdom/emperor"
	},
	"elements": [
		{
			"from": [8, -5, 6],
			"to": [12, -1, 10],
			"faces": {
				"north": {"uv": [4, 7, 4.5, 7.5], "texture": "#0"},
				"east": {"uv": [3.5, 7, 4, 7.5], "texture": "#0"},
				"south": {"uv": [5, 7, 5.5, 7.5], "texture": "#0"},
				"west": {"uv": [4.5, 7, 5, 7.5], "texture": "#0"},
				"up": {"uv": [4.5, 7, 4, 6.5], "texture": "#0"},
				"down": {"uv": [5, 6.5, 4.5, 7], "texture": "#0"}
			}
		},
		{
			"from": [4, -5, 6],
			"to": [8, -1, 10],
			"faces": {
				"north": {"uv": [6.5, 3.5, 7, 4], "texture": "#0"},
				"east": {"uv": [6, 3.5, 6.5, 4], "texture": "#0"},
				"south": {"uv": [7.5, 3.5, 8, 4], "texture": "#0"},
				"west": {"uv": [7, 3.5, 7.5, 4], "texture": "#0"},
				"up": {"uv": [7, 3.5, 6.5, 3], "texture": "#0"},
				"down": {"uv": [7.5, 3, 7, 3.5], "texture": "#0"}
			}
		},
		{
			"from": [3, -1, 5],
			"to": [13, 7, 11],
			"faces": {
				"north": {"uv": [0.75, 2.75, 2, 3.75], "texture": "#0"},
				"east": {"uv": [0, 2.75, 0.75, 3.75], "texture": "#0"},
				"south": {"uv": [2.75, 2.75, 4, 3.75], "texture": "#0"},
				"west": {"uv": [2, 2.75, 2.75, 3.75], "texture": "#0"},
				"up": {"uv": [2, 2.75, 0.75, 2], "texture": "#0"},
				"down": {"uv": [3.25, 2, 2, 2.75], "texture": "#0"}
			}
		},
		{
			"from": [4, 7, 10],
			"to": [12, 13, 11],
			"faces": {
				"north": {"uv": [5.625, 1.875, 6.625, 2.625], "texture": "#0"},
				"east": {"uv": [5.5, 1.875, 5.625, 2.625], "texture": "#0"},
				"south": {"uv": [6.75, 1.875, 7.75, 2.625], "texture": "#0"},
				"west": {"uv": [6.625, 1.875, 6.75, 2.625], "texture": "#0"},
				"up": {"uv": [6.625, 1.875, 5.625, 1.75], "texture": "#0"},
				"down": {"uv": [7.625, 1.75, 6.625, 1.875], "texture": "#0"}
			}
		},
		{
			"from": [0, 15, 6],
			"to": [4, 19, 10],
			"faces": {
				"north": {"uv": [2.5, 6.5, 3, 7], "texture": "#0"},
				"east": {"uv": [2, 6.5, 2.5, 7], "texture": "#0"},
				"south": {"uv": [3.5, 6.5, 4, 7], "texture": "#0"},
				"west": {"uv": [3, 6.5, 3.5, 7], "texture": "#0"},
				"up": {"uv": [3, 6.5, 2.5, 6], "texture": "#0"},
				"down": {"uv": [3.5, 6, 3, 6.5], "texture": "#0"}
			}
		},
		{
			"from": [0, 7, 6],
			"to": [4, 8, 10],
			"faces": {
				"north": {"uv": [0.5, 7.25, 1, 7.375], "texture": "#0"},
				"east": {"uv": [0, 7.25, 0.5, 7.375], "texture": "#0"},
				"south": {"uv": [1.5, 7.25, 2, 7.375], "texture": "#0"},
				"west": {"uv": [1, 7.25, 1.5, 7.375], "texture": "#0"},
				"up": {"uv": [1, 7.25, 0.5, 6.75], "texture": "#0"},
				"down": {"uv": [1.5, 6.75, 1, 7.25], "texture": "#0"}
			}
		},
		{
			"from": [12, 7, 6],
			"to": [16, 8, 10],
			"faces": {
				"north": {"uv": [7, 4.5, 7.5, 4.625], "texture": "#0"},
				"east": {"uv": [6.5, 4.5, 7, 4.625], "texture": "#0"},
				"south": {"uv": [8, 4.5, 8.5, 4.625], "texture": "#0"},
				"west": {"uv": [7.5, 4.5, 8, 4.625], "texture": "#0"},
				"up": {"uv": [7.5, 4.5, 7, 4], "texture": "#0"},
				"down": {"uv": [8, 4, 7.5, 4.5], "texture": "#0"}
			}
		},
		{
			"from": [-1, 9, 6],
			"to": [4, 15, 10],
			"faces": {
				"north": {"uv": [6, 1, 6.625, 1.75], "texture": "#0"},
				"east": {"uv": [5.5, 1, 6, 1.75], "texture": "#0"},
				"south": {"uv": [7.125, 1, 7.75, 1.75], "texture": "#0"},
				"west": {"uv": [6.625, 1, 7.125, 1.75], "texture": "#0"},
				"up": {"uv": [6.625, 1, 6, 0.5], "texture": "#0"},
				"down": {"uv": [7.25, 0.5, 6.625, 1], "texture": "#0"}
			}
		},
		{
			"from": [12, 9, 6],
			"to": [17, 15, 10],
			"faces": {
				"north": {"uv": [5.75, 5.75, 6.375, 6.5], "texture": "#0"},
				"east": {"uv": [5.25, 5.75, 5.75, 6.5], "texture": "#0"},
				"south": {"uv": [6.875, 5.75, 7.5, 6.5], "texture": "#0"},
				"west": {"uv": [6.375, 5.75, 6.875, 6.5], "texture": "#0"},
				"up": {"uv": [6.375, 5.75, 5.75, 5.25], "texture": "#0"},
				"down": {"uv": [7, 5.25, 6.375, 5.75], "texture": "#0"}
			}
		},
		{
			"from": [12, 8, 5],
			"to": [18, 10, 11],
			"faces": {
				"north": {"uv": [5, 5, 5.75, 5.25], "texture": "#0"},
				"east": {"uv": [4.25, 5, 5, 5.25], "texture": "#0"},
				"south": {"uv": [6.5, 5, 7.25, 5.25], "texture": "#0"},
				"west": {"uv": [5.75, 5, 6.5, 5.25], "texture": "#0"},
				"up": {"uv": [5.75, 5, 5, 4.25], "texture": "#0"},
				"down": {"uv": [6.5, 4.25, 5.75, 5], "texture": "#0"}
			}
		},
		{
			"from": [-2, 8, 5],
			"to": [4, 10, 11],
			"faces": {
				"north": {"uv": [3.75, 0.75, 4.5, 1], "texture": "#0"},
				"east": {"uv": [3, 0.75, 3.75, 1], "texture": "#0"},
				"south": {"uv": [5.25, 0.75, 6, 1], "texture": "#0"},
				"west": {"uv": [4.5, 0.75, 5.25, 1], "texture": "#0"},
				"up": {"uv": [4.5, 0.75, 3.75, 0], "texture": "#0"},
				"down": {"uv": [5.25, 0, 4.5, 0.75], "texture": "#0"}
			}
		},
		{
			"from": [4, 7, 6],
			"to": [12, 19, 10],
			"faces": {
				"north": {"uv": [0.5, 4.25, 1.5, 5.75], "texture": "#0"},
				"east": {"uv": [0, 4.25, 0.5, 5.75], "texture": "#0"},
				"south": {"uv": [2, 4.25, 3, 5.75], "texture": "#0"},
				"west": {"uv": [1.5, 4.25, 2, 5.75], "texture": "#0"},
				"up": {"uv": [1.5, 4.25, 0.5, 3.75], "texture": "#0"},
				"down": {"uv": [2.5, 3.75, 1.5, 4.25], "texture": "#0"}
			}
		},
		{
			"from": [4, 19, 4],
			"to": [12, 27, 12],
			"faces": {
				"north": {"uv": [1, 1, 2, 2], "texture": "#0"},
				"east": {"uv": [0, 1, 1, 2], "texture": "#0"},
				"south": {"uv": [3, 1, 4, 2], "texture": "#0"},
				"west": {"uv": [2, 1, 3, 2], "texture": "#0"},
				"up": {"uv": [2, 1, 1, 0], "texture": "#0"},
				"down": {"uv": [3, 0, 2, 1], "texture": "#0"}
			}
		},
		{
			"from": [12, 22, 4],
			"to": [13, 28, 12],
			"faces": {
				"north": {"uv": [4, 5.25, 4.125, 6], "texture": "#0"},
				"east": {"uv": [3, 5.25, 4, 6], "texture": "#0"},
				"south": {"uv": [5.125, 5.25, 5.25, 6], "texture": "#0"},
				"west": {"uv": [4.125, 5.25, 5.125, 6], "texture": "#0"},
				"up": {"uv": [4.125, 5.25, 4, 4.25], "texture": "#0"},
				"down": {"uv": [4.25, 4.25, 4.125, 5.25], "texture": "#0"}
			}
		},
		{
			"from": [3, 22, 4],
			"to": [4, 28, 12],
			"faces": {
				"north": {"uv": [4.25, 2, 4.375, 2.75], "texture": "#0"},
				"east": {"uv": [3.25, 2, 4.25, 2.75], "texture": "#0"},
				"south": {"uv": [5.375, 2, 5.5, 2.75], "texture": "#0"},
				"west": {"uv": [4.375, 2, 5.375, 2.75], "texture": "#0"},
				"up": {"uv": [4.375, 2, 4.25, 1], "texture": "#0"},
				"down": {"uv": [4.5, 1, 4.375, 2], "texture": "#0"}
			}
		},
		{
			"from": [4, 27, 4],
			"to": [12, 29, 12],
			"faces": {
				"north": {"uv": [4, 4, 5, 4.25], "texture": "#0"},
				"east": {"uv": [3, 4, 4, 4.25], "texture": "#0"},
				"south": {"uv": [6, 4, 7, 4.25], "texture": "#0"},
				"west": {"uv": [5, 4, 6, 4.25], "texture": "#0"},
				"up": {"uv": [5, 4, 4, 3], "texture": "#0"},
				"down": {"uv": [6, 3, 5, 4], "texture": "#0"}
			}
		},
		{
			"from": [6, 29, 6],
			"to": [10, 32, 10],
			"faces": {
				"north": {"uv": [6, 7, 6.5, 7.375], "texture": "#0"},
				"east": {"uv": [5.5, 7, 6, 7.375], "texture": "#0"},
				"south": {"uv": [7, 7, 7.5, 7.375], "texture": "#0"},
				"west": {"uv": [6.5, 7, 7, 7.375], "texture": "#0"},
				"up": {"uv": [6.5, 7, 6, 6.5], "texture": "#0"},
				"down": {"uv": [7, 6.5, 6.5, 7], "texture": "#0"}
			}
		},
		{
			"from": [2, 29, 7.5],
			"to": [14, 30, 8.5],
			"faces": {
				"north": {"uv": [4.125, 2.875, 5.625, 3], "texture": "#0"},
				"east": {"uv": [4, 2.875, 4.125, 3], "texture": "#0"},
				"south": {"uv": [5.75, 2.875, 7.25, 3], "texture": "#0"},
				"west": {"uv": [5.625, 2.875, 5.75, 3], "texture": "#0"},
				"up": {"uv": [5.625, 2.875, 4.125, 2.75], "texture": "#0"},
				"down": {"uv": [7.125, 2.75, 5.625, 2.875], "texture": "#0"}
			}
		},
		{
			"from": [13.2, 19, 7.8],
			"to": [13.7, 30, 8.3],
			"faces": {
				"north": {"uv": [0.625, 7.5, 0.75, 8.875], "texture": "#0"},
				"east": {"uv": [0.5, 7.5, 0.625, 8.875], "texture": "#0"},
				"south": {"uv": [0.875, 7.5, 1, 8.875], "texture": "#0"},
				"west": {"uv": [0.75, 7.5, 0.875, 8.875], "texture": "#0"},
				"up": {"uv": [0.75, 7.5, 0.625, 7.375], "texture": "#0"},
				"down": {"uv": [0.875, 7.375, 0.75, 7.5], "texture": "#0"}
			}
		},
		{
			"from": [2.2, 19, 7.8],
			"to": [2.7, 30, 8.3],
			"faces": {
				"north": {"uv": [0.125, 7.5, 0.25, 8.875], "texture": "#0"},
				"east": {"uv": [0, 7.5, 0.125, 8.875], "texture": "#0"},
				"south": {"uv": [0.375, 7.5, 0.5, 8.875], "texture": "#0"},
				"west": {"uv": [0.25, 7.5, 0.375, 8.875], "texture": "#0"},
				"up": {"uv": [0.25, 7.5, 0.125, 7.375], "texture": "#0"},
				"down": {"uv": [0.375, 7.375, 0.25, 7.5], "texture": "#0"}
			}
		},
		{
			"from": [6, 15, 3],
			"to": [10, 20, 5],
			"faces": {
				"north": {"uv": [2.25, 7.25, 2.75, 7.875], "texture": "#0"},
				"east": {"uv": [2, 7.25, 2.25, 7.875], "texture": "#0"},
				"south": {"uv": [3, 7.25, 3.5, 7.875], "texture": "#0"},
				"west": {"uv": [2.75, 7.25, 3, 7.875], "texture": "#0"},
				"up": {"uv": [2.75, 7.25, 2.25, 7], "texture": "#0"},
				"down": {"uv": [3.25, 7, 2.75, 7.25], "texture": "#0"}
			}
		},
		{
			"from": [5, 21, 3],
			"to": [11, 22, 5],
			"faces": {
				"north": {"uv": [5.5, 0.25, 6.25, 0.375], "texture": "#0"},
				"east": {"uv": [5.25, 0.25, 5.5, 0.375], "texture": "#0"},
				"south": {"uv": [6.5, 0.25, 7.25, 0.375], "texture": "#0"},
				"west": {"uv": [6.25, 0.25, 6.5, 0.375], "texture": "#0"},
				"up": {"uv": [6.25, 0.25, 5.5, 0], "texture": "#0"},
				"down": {"uv": [7, 0, 6.25, 0.25], "texture": "#0"}
			}
		},
		{
			"from": [4.5, 19.1, 3],
			"to": [5.5, 21.1, 5],
			"faces": {
				"north": {"uv": [0.25, 0.75, 0.375, 1], "texture": "#0"},
				"east": {"uv": [0, 0.75, 0.25, 1], "texture": "#0"},
				"south": {"uv": [0.625, 0.75, 0.75, 1], "texture": "#0"},
				"west": {"uv": [0.375, 0.75, 0.625, 1], "texture": "#0"},
				"up": {"uv": [0.375, 0.75, 0.25, 0.5], "texture": "#0"},
				"down": {"uv": [0.5, 0.5, 0.375, 0.75], "texture": "#0"}
			}
		},
		{
			"from": [10.5, 19.1, 3],
			"to": [11.5, 21.1, 5],
			"faces": {
				"north": {"uv": [0.25, 0.25, 0.375, 0.5], "texture": "#0"},
				"east": {"uv": [0, 0.25, 0.25, 0.5], "texture": "#0"},
				"south": {"uv": [0.625, 0.25, 0.75, 0.5], "texture": "#0"},
				"west": {"uv": [0.375, 0.25, 0.625, 0.5], "texture": "#0"},
				"up": {"uv": [0.375, 0.25, 0.25, 0], "texture": "#0"},
				"down": {"uv": [0.5, 0, 0.375, 0.25], "texture": "#0"}
			}
		},
		{
			"from": [12, 15, 6],
			"to": [16, 19, 10],
			"faces": {
				"north": {"uv": [0.5, 6.25, 1, 6.75], "texture": "#0"},
				"east": {"uv": [0, 6.25, 0.5, 6.75], "texture": "#0"},
				"south": {"uv": [1.5, 6.25, 2, 6.75], "texture": "#0"},
				"west": {"uv": [1, 6.25, 1.5, 6.75], "texture": "#0"},
				"up": {"uv": [1, 6.25, 0.5, 5.75], "texture": "#0"},
				"down": {"uv": [1.5, 5.75, 1, 6.25], "texture": "#0"}
			}
		}
	],
	"display": {
		"thirdperson_righthand": {
			"rotation": [75, 0, -9.8],
			"translation": [1.5, 10.5, 53.75],
			"scale": [1.85, 1.7, 1.85]
		},
		"firstperson_righthand": {
			"rotation": [13.75, 0, 0],
			"scale": [0.5, 0.5, 0.5]
		},
		"gui": {
			"rotation": [-1, -180, 11],
			"translation": [-0.25, -1.5, 0],
			"scale": [0.5, 0.5, 0.5]
		},
		"head": {
			"rotation": [3.5, -6.25, 0],
			"translation": [0.25, -4.75, 1.5],
			"scale": [3.5, 3, 3.5]
		}
	}
}