{
	"credit": "Made with Blockbench",
	"textures": {
		"0": "item/kingdom/king",
		"particle": "item/kingdom/king"
	},
	"elements": [
		{
			"from": [8, -5, 6],
			"to": [12, -2, 10],
			"faces": {
				"north": {"uv": [0.5, 8.5, 1, 8.875], "texture": "#0"},
				"east": {"uv": [0, 8.5, 0.5, 8.875], "texture": "#0"},
				"south": {"uv": [1.5, 8.5, 2, 8.875], "texture": "#0"},
				"west": {"uv": [1, 8.5, 1.5, 8.875], "texture": "#0"},
				"up": {"uv": [1, 8.5, 0.5, 8], "texture": "#0"},
				"down": {"uv": [1.5, 8, 1, 8.5], "texture": "#0"}
			}
		},
		{
			"from": [3, -2, 6],
			"to": [13, 7, 11],
			"faces": {
				"north": {"uv": [4.625, 4.625, 5.875, 5.75], "texture": "#0"},
				"east": {"uv": [4, 4.625, 4.625, 5.75], "texture": "#0"},
				"south": {"uv": [6.5, 4.625, 7.75, 5.75], "texture": "#0"},
				"west": {"uv": [5.875, 4.625, 6.5, 5.75], "texture": "#0"},
				"up": {"uv": [5.875, 4.625, 4.625, 4], "texture": "#0"},
				"down": {"uv": [7.125, 4, 5.875, 4.625], "texture": "#0"}
			}
		},
		{
			"from": [4, 7, 10],
			"to": [12, 13, 11],
			"faces": {
				"north": {"uv": [6.625, 0.125, 7.875, 0.875], "texture": "#0"},
				"east": {"uv": [6.5, 0.125, 6.625, 0.875], "texture": "#0"},
				"south": {"uv": [8, 0.125, 9.25, 0.875], "texture": "#0"},
				"west": {"uv": [7.875, 0.125, 8, 0.875], "texture": "#0"},
				"up": {"uv": [7.875, 0.125, 6.625, 0], "texture": "#0"},
				"down": {"uv": [9.125, 0, 7.875, 0.125], "texture": "#0"}
			}
		},
		{
			"from": [4, -5, 6],
			"to": [8, -2, 10],
			"faces": {
				"north": {"uv": [8.25, 1.375, 8.75, 1.75], "texture": "#0"},
				"east": {"uv": [7.75, 1.375, 8.25, 1.75], "texture": "#0"},
				"south": {"uv": [9.25, 1.375, 9.75, 1.75], "texture": "#0"},
				"west": {"uv": [8.75, 1.375, 9.25, 1.75], "texture": "#0"},
				"up": {"uv": [8.75, 1.375, 8.25, 0.875], "texture": "#0"},
				"down": {"uv": [9.25, 0.875, 8.75, 1.375], "texture": "#0"}
			}
		},
		{
			"from": [0, 7, 6],
			"to": [4, 19, 10],
			"faces": {
				"north": {"uv": [7.75, 3, 8.25, 4.5], "texture": "#0"},
				"east": {"uv": [7.25, 3, 7.75, 4.5], "texture": "#0"},
				"south": {"uv": [8.75, 3, 9.25, 4.5], "texture": "#0"},
				"west": {"uv": [8.25, 3, 8.75, 4.5], "texture": "#0"},
				"up": {"uv": [8.25, 3, 7.75, 2.5], "texture": "#0"},
				"down": {"uv": [8.75, 2.5, 8.25, 3], "texture": "#0"}
			}
		},
		{
			"from": [-1, 9, 5],
			"to": [4, 11, 11],
			"faces": {
				"north": {"uv": [4.75, 3.75, 5.375, 4], "texture": "#0"},
				"east": {"uv": [4, 3.75, 4.75, 4], "texture": "#0"},
				"south": {"uv": [6.125, 3.75, 6.75, 4], "texture": "#0"},
				"west": {"uv": [5.375, 3.75, 6.125, 4], "texture": "#0"},
				"up": {"uv": [5.375, 3.75, 4.75, 3], "texture": "#0"},
				"down": {"uv": [6, 3, 5.375, 3.75], "texture": "#0"}
			}
		},
		{
			"from": [-1, 16, 5],
			"to": [4, 20, 11],
			"faces": {
				"north": {"uv": [6.25, 7, 6.875, 7.5], "texture": "#0"},
				"east": {"uv": [5.5, 7, 6.25, 7.5], "texture": "#0"},
				"south": {"uv": [7.625, 7, 8.25, 7.5], "texture": "#0"},
				"west": {"uv": [6.875, 7, 7.625, 7.5], "texture": "#0"},
				"up": {"uv": [6.875, 7, 6.25, 6.25], "texture": "#0"},
				"down": {"uv": [7.5, 6.25, 6.875, 7], "texture": "#0"}
			}
		},
		{
			"from": [12, 16, 5],
			"to": [17, 20, 11],
			"faces": {
				"north": {"uv": [4.25, 6.5, 4.875, 7], "texture": "#0"},
				"east": {"uv": [3.5, 6.5, 4.25, 7], "texture": "#0"},
				"south": {"uv": [5.625, 6.5, 6.25, 7], "texture": "#0"},
				"west": {"uv": [4.875, 6.5, 5.625, 7], "texture": "#0"},
				"up": {"uv": [4.875, 6.5, 4.25, 5.75], "texture": "#0"},
				"down": {"uv": [5.5, 5.75, 4.875, 6.5], "texture": "#0"}
			}
		},
		{
			"from": [12, 9, 5],
			"to": [17, 11, 11],
			"faces": {
				"north": {"uv": [4.5, 0.75, 5.125, 1], "texture": "#0"},
				"east": {"uv": [3.75, 0.75, 4.5, 1], "texture": "#0"},
				"south": {"uv": [5.875, 0.75, 6.5, 1], "texture": "#0"},
				"west": {"uv": [5.125, 0.75, 5.875, 1], "texture": "#0"},
				"up": {"uv": [5.125, 0.75, 4.5, 0], "texture": "#0"},
				"down": {"uv": [5.75, 0, 5.125, 0.75], "texture": "#0"}
			}
		},
		{
			"from": [4, 7, 6],
			"to": [12, 19, 10],
			"faces": {
				"north": {"uv": [5.25, 1.5, 6.25, 3], "texture": "#0"},
				"east": {"uv": [4.75, 1.5, 5.25, 3], "texture": "#0"},
				"south": {"uv": [6.75, 1.5, 7.75, 3], "texture": "#0"},
				"west": {"uv": [6.25, 1.5, 6.75, 3], "texture": "#0"},
				"up": {"uv": [6.25, 1.5, 5.25, 1], "texture": "#0"},
				"down": {"uv": [7.25, 1, 6.25, 1.5], "texture": "#0"}
			}
		},
		{
			"from": [9, -2, 5],
			"to": [11, 19, 9],
			"faces": {
				"north": {"uv": [2.375, 5.375, 2.625, 8], "texture": "#0"},
				"east": {"uv": [1.75, 5.375, 2.375, 8], "texture": "#0"},
				"south": {"uv": [3.25, 5.375, 3.5, 8], "texture": "#0"},
				"west": {"uv": [2.625, 5.375, 3.25, 8], "texture": "#0"},
				"up": {"uv": [2.625, 5.375, 2.375, 4.75], "texture": "#0"},
				"down": {"uv": [2.875, 4.75, 2.625, 5.375], "texture": "#0"}
			}
		},
		{
			"from": [5, -2, 5],
			"to": [7, 19, 9],
			"faces": {
				"north": {"uv": [0.625, 5.375, 0.875, 8], "texture": "#0"},
				"east": {"uv": [0, 5.375, 0.625, 8], "texture": "#0"},
				"south": {"uv": [1.5, 5.375, 1.75, 8], "texture": "#0"},
				"west": {"uv": [0.875, 5.375, 1.5, 8], "texture": "#0"},
				"up": {"uv": [0.875, 5.375, 0.625, 4.75], "texture": "#0"},
				"down": {"uv": [1.125, 4.75, 0.875, 5.375], "texture": "#0"}
			}
		},
		{
			"from": [5, 21, 3],
			"to": [11, 22, 5],
			"faces": {
				"north": {"uv": [5.75, 6, 6.5, 6.125], "texture": "#0"},
				"east": {"uv": [5.5, 6, 5.75, 6.125], "texture": "#0"},
				"south": {"uv": [6.75, 6, 7.5, 6.125], "texture": "#0"},
				"west": {"uv": [6.5, 6, 6.75, 6.125], "texture": "#0"},
				"up": {"uv": [6.5, 6, 5.75, 5.75], "texture": "#0"},
				"down": {"uv": [7.25, 5.75, 6.5, 6], "texture": "#0"}
			}
		},
		{
			"from": [11, 20, 3],
			"to": [12, 21, 5],
			"faces": {
				"north": {"uv": [0.25, 2.125, 0.375, 2.25], "texture": "#0"},
				"east": {"uv": [0, 2.125, 0.25, 2.25], "texture": "#0"},
				"south": {"uv": [0.625, 2.125, 0.75, 2.25], "texture": "#0"},
				"west": {"uv": [0.375, 2.125, 0.625, 2.25], "texture": "#0"},
				"up": {"uv": [0.375, 2.125, 0.25, 1.875], "texture": "#0"},
				"down": {"uv": [0.5, 1.875, 0.375, 2.125], "texture": "#0"}
			}
		},
		{
			"from": [4, 20, 3],
			"to": [5, 21, 5],
			"faces": {
				"north": {"uv": [0.25, 1.75, 0.375, 1.875], "texture": "#0"},
				"east": {"uv": [0, 1.75, 0.25, 1.875], "texture": "#0"},
				"south": {"uv": [0.625, 1.75, 0.75, 1.875], "texture": "#0"},
				"west": {"uv": [0.375, 1.75, 0.625, 1.875], "texture": "#0"},
				"up": {"uv": [0.375, 1.75, 0.25, 1.5], "texture": "#0"},
				"down": {"uv": [0.5, 1.5, 0.375, 1.75], "texture": "#0"}
			}
		},
		{
			"from": [6, 18, 3],
			"to": [10, 20, 5],
			"faces": {
				"north": {"uv": [3.25, 3.25, 3.75, 3.5], "texture": "#0"},
				"east": {"uv": [3, 3.25, 3.25, 3.5], "texture": "#0"},
				"south": {"uv": [4, 3.25, 4.5, 3.5], "texture": "#0"},
				"west": {"uv": [3.75, 3.25, 4, 3.5], "texture": "#0"},
				"up": {"uv": [3.75, 3.25, 3.25, 3], "texture": "#0"},
				"down": {"uv": [4.25, 3, 3.75, 3.25], "texture": "#0"}
			}
		},
		{
			"from": [7, 17, 3],
			"to": [9, 18, 4],
			"faces": {
				"north": {"uv": [3.125, 2.875, 3.375, 3], "texture": "#0"},
				"east": {"uv": [3, 2.875, 3.125, 3], "texture": "#0"},
				"south": {"uv": [3.5, 2.875, 3.75, 3], "texture": "#0"},
				"west": {"uv": [3.375, 2.875, 3.5, 3], "texture": "#0"},
				"up": {"uv": [3.375, 2.875, 3.125, 2.75], "texture": "#0"},
				"down": {"uv": [3.625, 2.75, 3.375, 2.875], "texture": "#0"}
			}
		},
		{
			"from": [12, 20, 5],
			"to": [13, 26, 12],
			"faces": {
				"north": {"uv": [8.375, 5.75, 8.5, 6.625], "texture": "#0"},
				"east": {"uv": [7.5, 5.75, 8.375, 6.625], "texture": "#0"},
				"south": {"uv": [9.375, 5.75, 9.5, 6.625], "texture": "#0"},
				"west": {"uv": [8.5, 5.75, 9.375, 6.625], "texture": "#0"},
				"up": {"uv": [8.5, 5.75, 8.375, 4.875], "texture": "#0"},
				"down": {"uv": [8.625, 4.875, 8.5, 5.75], "texture": "#0"}
			}
		},
		{
			"from": [3, 20, 5],
			"to": [4, 26, 12],
			"faces": {
				"north": {"uv": [8.25, 8.25, 8.375, 9.125], "texture": "#0"},
				"east": {"uv": [7.375, 8.25, 8.25, 9.125], "texture": "#0"},
				"south": {"uv": [9.25, 8.25, 9.375, 9.125], "texture": "#0"},
				"west": {"uv": [8.375, 8.25, 9.25, 9.125], "texture": "#0"},
				"up": {"uv": [8.375, 8.25, 8.25, 7.375], "texture": "#0"},
				"down": {"uv": [8.5, 7.375, 8.375, 8.25], "texture": "#0"}
			}
		},
		{
			"from": [2, 20, 6],
			"to": [14, 23, 13],
			"faces": {
				"north": {"uv": [0.875, 2.375, 2.375, 2.75], "texture": "#0"},
				"east": {"uv": [0, 2.375, 0.875, 2.75], "texture": "#0"},
				"south": {"uv": [3.25, 2.375, 4.75, 2.75], "texture": "#0"},
				"west": {"uv": [2.375, 2.375, 3.25, 2.75], "texture": "#0"},
				"up": {"uv": [2.375, 2.375, 0.875, 1.5], "texture": "#0"},
				"down": {"uv": [3.875, 1.5, 2.375, 2.375], "texture": "#0"}
			}
		},
		{
			"from": [4, 19, 4],
			"to": [12, 27, 12],
			"faces": {
				"north": {"uv": [1, 3.75, 2, 4.75], "texture": "#0"},
				"east": {"uv": [0, 3.75, 1, 4.75], "texture": "#0"},
				"south": {"uv": [3, 3.75, 4, 4.75], "texture": "#0"},
				"west": {"uv": [2, 3.75, 3, 4.75], "texture": "#0"},
				"up": {"uv": [2, 3.75, 1, 2.75], "texture": "#0"},
				"down": {"uv": [3, 2.75, 2, 3.75], "texture": "#0"}
			}
		},
		{
			"from": [3, 26, 3],
			"to": [13, 28, 13],
			"faces": {
				"north": {"uv": [1.25, 1.25, 2.5, 1.5], "texture": "#0"},
				"east": {"uv": [0, 1.25, 1.25, 1.5], "texture": "#0"},
				"south": {"uv": [3.75, 1.25, 5, 1.5], "texture": "#0"},
				"west": {"uv": [2.5, 1.25, 3.75, 1.5], "texture": "#0"},
				"up": {"uv": [2.5, 1.25, 1.25, 0], "texture": "#0"},
				"down": {"uv": [3.75, 0, 2.5, 1.25], "texture": "#0"}
			}
		},
		{
			"from": [7, 28, 3],
			"to": [9, 29, 5],
			"faces": {
				"north": {"uv": [3.125, 5, 3.375, 5.125], "texture": "#0"},
				"east": {"uv": [2.875, 5, 3.125, 5.125], "texture": "#0"},
				"south": {"uv": [3.625, 5, 3.875, 5.125], "texture": "#0"},
				"west": {"uv": [3.375, 5, 3.625, 5.125], "texture": "#0"},
				"up": {"uv": [3.375, 5, 3.125, 4.75], "texture": "#0"},
				"down": {"uv": [3.625, 4.75, 3.375, 5], "texture": "#0"}
			}
		},
		{
			"from": [7, 28, 11],
			"to": [9, 29, 13],
			"faces": {
				"north": {"uv": [6.25, 3.25, 6.5, 3.375], "texture": "#0"},
				"east": {"uv": [6, 3.25, 6.25, 3.375], "texture": "#0"},
				"south": {"uv": [6.75, 3.25, 7, 3.375], "texture": "#0"},
				"west": {"uv": [6.5, 3.25, 6.75, 3.375], "texture": "#0"},
				"up": {"uv": [6.5, 3.25, 6.25, 3], "texture": "#0"},
				"down": {"uv": [6.75, 3, 6.5, 3.25], "texture": "#0"}
			}
		},
		{
			"from": [11, 28, 11],
			"to": [13, 29, 13],
			"faces": {
				"north": {"uv": [1.375, 5, 1.625, 5.125], "texture": "#0"},
				"east": {"uv": [1.125, 5, 1.375, 5.125], "texture": "#0"},
				"south": {"uv": [1.875, 5, 2.125, 5.125], "texture": "#0"},
				"west": {"uv": [1.625, 5, 1.875, 5.125], "texture": "#0"},
				"up": {"uv": [1.625, 5, 1.375, 4.75], "texture": "#0"},
				"down": {"uv": [1.875, 4.75, 1.625, 5], "texture": "#0"}
			}
		},
		{
			"from": [11, 28, 7],
			"to": [13, 29, 9],
			"faces": {
				"north": {"uv": [0.25, 3.375, 0.5, 3.5], "texture": "#0"},
				"east": {"uv": [0, 3.375, 0.25, 3.5], "texture": "#0"},
				"south": {"uv": [0.75, 3.375, 1, 3.5], "texture": "#0"},
				"west": {"uv": [0.5, 3.375, 0.75, 3.5], "texture": "#0"},
				"up": {"uv": [0.5, 3.375, 0.25, 3.125], "texture": "#0"},
				"down": {"uv": [0.75, 3.125, 0.5, 3.375], "texture": "#0"}
			}
		},
		{
			"from": [11, 28, 3],
			"to": [13, 29, 5],
			"faces": {
				"north": {"uv": [0.25, 3, 0.5, 3.125], "texture": "#0"},
				"east": {"uv": [0, 3, 0.25, 3.125], "texture": "#0"},
				"south": {"uv": [0.75, 3, 1, 3.125], "texture": "#0"},
				"west": {"uv": [0.5, 3, 0.75, 3.125], "texture": "#0"},
				"up": {"uv": [0.5, 3, 0.25, 2.75], "texture": "#0"},
				"down": {"uv": [0.75, 2.75, 0.5, 3], "texture": "#0"}
			}
		},
		{
			"from": [3, 28, 3],
			"to": [5, 29, 5],
			"faces": {
				"north": {"uv": [0.25, 1, 0.5, 1.125], "texture": "#0"},
				"east": {"uv": [0, 1, 0.25, 1.125], "texture": "#0"},
				"south": {"uv": [0.75, 1, 1, 1.125], "texture": "#0"},
				"west": {"uv": [0.5, 1, 0.75, 1.125], "texture": "#0"},
				"up": {"uv": [0.5, 1, 0.25, 0.75], "texture": "#0"},
				"down": {"uv": [0.75, 0.75, 0.5, 1], "texture": "#0"}
			}
		},
		{
			"from": [3, 28, 11],
			"to": [5, 29, 13],
			"faces": {
				"north": {"uv": [0.25, 0.625, 0.5, 0.75], "texture": "#0"},
				"east": {"uv": [0, 0.625, 0.25, 0.75], "texture": "#0"},
				"south": {"uv": [0.75, 0.625, 1, 0.75], "texture": "#0"},
				"west": {"uv": [0.5, 0.625, 0.75, 0.75], "texture": "#0"},
				"up": {"uv": [0.5, 0.625, 0.25, 0.375], "texture": "#0"},
				"down": {"uv": [0.75, 0.375, 0.5, 0.625], "texture": "#0"}
			}
		},
		{
			"from": [3, 28, 7],
			"to": [5, 29, 9],
			"faces": {
				"north": {"uv": [0.25, 0.25, 0.5, 0.375], "texture": "#0"},
				"east": {"uv": [0, 0.25, 0.25, 0.375], "texture": "#0"},
				"south": {"uv": [0.75, 0.25, 1, 0.375], "texture": "#0"},
				"west": {"uv": [0.5, 0.25, 0.75, 0.375], "texture": "#0"},
				"up": {"uv": [0.5, 0.25, 0.25, 0], "texture": "#0"},
				"down": {"uv": [0.75, 0, 0.5, 0.25], "texture": "#0"}
			}
		},
		{
			"from": [12, 7, 6],
			"to": [16, 19, 10],
			"faces": {
				"north": {"uv": [4, 7.5, 4.5, 9], "texture": "#0"},
				"east": {"uv": [3.5, 7.5, 4, 9], "texture": "#0"},
				"south": {"uv": [5, 7.5, 5.5, 9], "texture": "#0"},
				"west": {"uv": [4.5, 7.5, 5, 9], "texture": "#0"},
				"up": {"uv": [4.5, 7.5, 4, 7], "texture": "#0"},
				"down": {"uv": [5, 7, 4.5, 7.5], "texture": "#0"}
			}
		}
	],
	"display": {
		"thirdperson_righthand": {
			"rotation": [75, 0, -9.8],
			"translation": [1.5, 10.5, 53.75],
			"scale": [1.85, 1.7, 1.85]
		},
		"firstperson_righthand": {
			"rotation": [13.75, 0, 0],
			"scale": [0.5, 0.5, 0.5]
		},
		"gui": {
			"rotation": [-1, -180, 11],
			"translation": [-0.25, -1.5, 0],
			"scale": [0.5, 0.5, 0.5]
		},
		"head": {
			"rotation": [3.5, -6.25, 0],
			"translation": [0.25, -4.75, 1.5],
			"scale": [3.5, 3, 3.5]
		}
	}
}