{
	"credit": "Made with Blockbench",
	"textures": {
		"0": "item/kingdom/knight",
		"particle": "item/kingdom/knight"
	},
	"elements": [
		{
			"from": [8, -5, 6],
			"to": [12, 7, 10],
			"faces": {
				"north": {"uv": [6.5, 6.5, 7, 8], "texture": "#0"},
				"east": {"uv": [6, 6.5, 6.5, 8], "texture": "#0"},
				"south": {"uv": [7.5, 6.5, 8, 8], "texture": "#0"},
				"west": {"uv": [7, 6.5, 7.5, 8], "texture": "#0"},
				"up": {"uv": [7, 6.5, 6.5, 6], "texture": "#0"},
				"down": {"uv": [7.5, 6, 7, 6.5], "texture": "#0"}
			}
		},
		{
			"from": [4, -5, 6],
			"to": [8, 7, 10],
			"faces": {
				"north": {"uv": [0.5, 6.25, 1, 7.75], "texture": "#0"},
				"east": {"uv": [0, 6.25, 0.5, 7.75], "texture": "#0"},
				"south": {"uv": [1.5, 6.25, 2, 7.75], "texture": "#0"},
				"west": {"uv": [1, 6.25, 1.5, 7.75], "texture": "#0"},
				"up": {"uv": [1, 6.25, 0.5, 5.75], "texture": "#0"},
				"down": {"uv": [1.5, 5.75, 1, 6.25], "texture": "#0"}
			}
		},
		{
			"from": [3, 3, 5],
			"to": [6, 7, 11],
			"faces": {
				"north": {"uv": [8, 8, 8.375, 8.5], "texture": "#0"},
				"east": {"uv": [7.25, 8, 8, 8.5], "texture": "#0"},
				"south": {"uv": [9.125, 8, 9.5, 8.5], "texture": "#0"},
				"west": {"uv": [8.375, 8, 9.125, 8.5], "texture": "#0"},
				"up": {"uv": [8.375, 8, 8, 7.25], "texture": "#0"},
				"down": {"uv": [8.75, 7.25, 8.375, 8], "texture": "#0"}
			}
		},
		{
			"from": [10, 3, 5],
			"to": [13, 7, 11],
			"faces": {
				"north": {"uv": [6.75, 4, 7.125, 4.5], "texture": "#0"},
				"east": {"uv": [6, 4, 6.75, 4.5], "texture": "#0"},
				"south": {"uv": [7.875, 4, 8.25, 4.5], "texture": "#0"},
				"west": {"uv": [7.125, 4, 7.875, 4.5], "texture": "#0"},
				"up": {"uv": [7.125, 4, 6.75, 3.25], "texture": "#0"},
				"down": {"uv": [7.5, 3.25, 7.125, 4], "texture": "#0"}
			}
		},
		{
			"from": [0, 7, 6],
			"to": [4, 19, 10],
			"faces": {
				"north": {"uv": [4.5, 6, 5, 7.5], "texture": "#0"},
				"east": {"uv": [4, 6, 4.5, 7.5], "texture": "#0"},
				"south": {"uv": [5.5, 6, 6, 7.5], "texture": "#0"},
				"west": {"uv": [5, 6, 5.5, 7.5], "texture": "#0"},
				"up": {"uv": [5, 6, 4.5, 5.5], "texture": "#0"},
				"down": {"uv": [5.5, 5.5, 5, 6], "texture": "#0"}
			}
		},
		{
			"from": [-1, 17, 5],
			"to": [4, 20, 11],
			"faces": {
				"north": {"uv": [6.25, 5.5, 6.875, 5.875], "texture": "#0"},
				"east": {"uv": [5.5, 5.5, 6.25, 5.875], "texture": "#0"},
				"south": {"uv": [7.625, 5.5, 8.25, 5.875], "texture": "#0"},
				"west": {"uv": [6.875, 5.5, 7.625, 5.875], "texture": "#0"},
				"up": {"uv": [6.875, 5.5, 6.25, 4.75], "texture": "#0"},
				"down": {"uv": [7.5, 4.75, 6.875, 5.5], "texture": "#0"}
			}
		},
		{
			"from": [12, 17, 5],
			"to": [17, 20, 11],
			"faces": {
				"north": {"uv": [6, 2.875, 6.625, 3.25], "texture": "#0"},
				"east": {"uv": [5.25, 2.875, 6, 3.25], "texture": "#0"},
				"south": {"uv": [7.375, 2.875, 8, 3.25], "texture": "#0"},
				"west": {"uv": [6.625, 2.875, 7.375, 3.25], "texture": "#0"},
				"up": {"uv": [6.625, 2.875, 6, 2.125], "texture": "#0"},
				"down": {"uv": [7.25, 2.125, 6.625, 2.875], "texture": "#0"}
			}
		},
		{
			"from": [4, 7, 6],
			"to": [12, 19, 10],
			"faces": {
				"north": {"uv": [3.5, 4, 4.5, 5.5], "texture": "#0"},
				"east": {"uv": [3, 4, 3.5, 5.5], "texture": "#0"},
				"south": {"uv": [5, 4, 6, 5.5], "texture": "#0"},
				"west": {"uv": [4.5, 4, 5, 5.5], "texture": "#0"},
				"up": {"uv": [4.5, 4, 3.5, 3.5], "texture": "#0"},
				"down": {"uv": [5.5, 3.5, 4.5, 4], "texture": "#0"}
			}
		},
		{
			"from": [4, 12, 5],
			"to": [12, 18, 11],
			"faces": {
				"north": {"uv": [2.75, 0.75, 3.75, 1.5], "texture": "#0"},
				"east": {"uv": [2, 0.75, 2.75, 1.5], "texture": "#0"},
				"south": {"uv": [4.5, 0.75, 5.5, 1.5], "texture": "#0"},
				"west": {"uv": [3.75, 0.75, 4.5, 1.5], "texture": "#0"},
				"up": {"uv": [3.75, 0.75, 2.75, 0], "texture": "#0"},
				"down": {"uv": [4.75, 0, 3.75, 0.75], "texture": "#0"}
			}
		},
		{
			"from": [3, 11, 11],
			"to": [13, 19, 13],
			"faces": {
				"north": {"uv": [10.625, 4.875, 11.5, 5.5], "texture": "#0"},
				"east": {"uv": [10.625, 5.125, 11.375, 5.5], "texture": "#0"},
				"south": {"uv": [8.625, 4.875, 10, 5.875], "texture": "#0"},
				"west": {"uv": [10.625, 4.875, 11.375, 5.625], "texture": "#0"},
				"up": {"uv": [11.25, 5.375, 10.5, 5], "texture": "#0"},
				"down": {"uv": [11.25, 5, 10.625, 5.5], "texture": "#0"}
			}
		},
		{
			"from": [3, 19, 11],
			"to": [5, 20, 13],
			"faces": {
				"north": {"uv": [10.625, 4.875, 11.5, 5.5], "texture": "#0"},
				"east": {"uv": [10.625, 5.125, 11.375, 5.5], "texture": "#0"},
				"south": {"uv": [10.75, 5.125, 11.375, 5.5], "texture": "#0"},
				"west": {"uv": [10.625, 4.875, 11.375, 5.625], "texture": "#0"},
				"up": {"uv": [11.25, 5.375, 10.5, 5], "texture": "#0"},
				"down": {"uv": [11.25, 5, 10.625, 5.5], "texture": "#0"}
			}
		},
		{
			"from": [11, 19, 11],
			"to": [13, 20, 13],
			"faces": {
				"north": {"uv": [10.625, 4.875, 11.5, 5.5], "texture": "#0"},
				"east": {"uv": [10.625, 5.125, 11.375, 5.5], "texture": "#0"},
				"south": {"uv": [10.75, 5.125, 11.375, 5.625], "texture": "#0"},
				"west": {"uv": [10.625, 4.875, 11.375, 5.625], "texture": "#0"},
				"up": {"uv": [11.25, 5.375, 10.5, 5], "texture": "#0"},
				"down": {"uv": [11.25, 5, 10.625, 5.5], "texture": "#0"}
			}
		},
		{
			"from": [7, 19, 11],
			"to": [9, 20, 13],
			"faces": {
				"north": {"uv": [10.625, 4.875, 11.5, 5.5], "texture": "#0"},
				"east": {"uv": [10.625, 5.125, 11.375, 5.5], "texture": "#0"},
				"south": {"uv": [10.875, 5.25, 11.375, 5.5], "texture": "#0"},
				"west": {"uv": [10.625, 4.875, 11.375, 5.625], "texture": "#0"},
				"up": {"uv": [11.25, 5.375, 10.5, 5], "texture": "#0"},
				"down": {"uv": [11.25, 5, 10.625, 5.5], "texture": "#0"}
			}
		},
		{
			"from": [4, 9, 11],
			"to": [12, 11, 13],
			"faces": {
				"north": {"uv": [10.625, 5.125, 11.375, 5.625], "texture": "#0"},
				"east": {"uv": [10.625, 4.875, 11.375, 5.625], "texture": "#0"},
				"south": {"uv": [8.75, 5.875, 9.875, 6.125], "texture": "#0"},
				"west": {"uv": [10.625, 4.875, 11.375, 5.625], "texture": "#0"},
				"up": {"uv": [11.5, 5.625, 10.5, 4.875], "texture": "#0"},
				"down": {"uv": [11.5, 4.875, 10.5, 5.625], "texture": "#0"}
			}
		},
		{
			"from": [5, 7, 11],
			"to": [11, 9, 13],
			"faces": {
				"north": {"uv": [10.625, 5.125, 11.375, 5.625], "texture": "#0"},
				"east": {"uv": [10.625, 4.875, 11.375, 5.625], "texture": "#0"},
				"south": {"uv": [8.875, 6.25, 9.75, 6.5], "texture": "#0"},
				"west": {"uv": [10.625, 4.875, 11.375, 5.625], "texture": "#0"},
				"up": {"uv": [11.5, 5.625, 10.5, 4.875], "texture": "#0"},
				"down": {"uv": [11.5, 4.875, 10.5, 5.625], "texture": "#0"}
			}
		},
		{
			"from": [6, 6, 12],
			"to": [10, 7, 13],
			"faces": {
				"north": {"uv": [10.625, 5.125, 11.375, 5.625], "texture": "#0"},
				"east": {"uv": [10.625, 4.875, 11.375, 5.625], "texture": "#0"},
				"south": {"uv": [10.75, 5.25, 11.25, 5.5], "texture": "#0"},
				"west": {"uv": [10.625, 4.875, 11.375, 5.625], "texture": "#0"},
				"up": {"uv": [11.5, 5.625, 10.5, 4.875], "texture": "#0"},
				"down": {"uv": [11.5, 4.875, 10.5, 5.625], "texture": "#0"}
			}
		},
		{
			"from": [5, 7, 5],
			"to": [11, 12, 11],
			"faces": {
				"north": {"uv": [3.75, 2.25, 4.5, 2.875], "texture": "#0"},
				"east": {"uv": [3, 2.25, 3.75, 2.875], "texture": "#0"},
				"south": {"uv": [5.25, 2.25, 6, 2.875], "texture": "#0"},
				"west": {"uv": [4.5, 2.25, 5.25, 2.875], "texture": "#0"},
				"up": {"uv": [4.5, 2.25, 3.75, 1.5], "texture": "#0"},
				"down": {"uv": [5.25, 1.5, 4.5, 2.25], "texture": "#0"}
			}
		},
		{
			"from": [5, 3, 7],
			"to": [11, 7, 12],
			"faces": {
				"north": {"uv": [5.875, 1.5, 6.625, 2.125], "texture": "#0"},
				"east": {"uv": [5.25, 1.5, 5.875, 2.125], "texture": "#0"},
				"south": {"uv": [7.25, 1.5, 8, 2.125], "texture": "#0"},
				"west": {"uv": [6.625, 1.5, 7.25, 2.125], "texture": "#0"},
				"up": {"uv": [6.625, 1.5, 5.875, 0.875], "texture": "#0"},
				"down": {"uv": [7.375, 0.875, 6.625, 1.5], "texture": "#0"}
			}
		},
		{
			"from": [4, 19, 6],
			"to": [12, 28, 12],
			"faces": {
				"north": {"uv": [0.75, 2.875, 1.75, 4], "texture": "#0"},
				"east": {"uv": [0, 2.875, 0.75, 4], "texture": "#0"},
				"south": {"uv": [2.5, 2.875, 3.5, 4], "texture": "#0"},
				"west": {"uv": [1.75, 2.875, 2.5, 4], "texture": "#0"},
				"up": {"uv": [1.75, 2.875, 0.75, 2.125], "texture": "#0"},
				"down": {"uv": [2.75, 2.125, 1.75, 2.875], "texture": "#0"}
			}
		},
		{
			"from": [6, 19, 3.4],
			"to": [11.6, 28, 9],
			"rotation": {"angle": 45, "axis": "y", "origin": [7.97382, 23.99995, 7.02623]},
			"faces": {
				"north": {"uv": [0.625, 4.625, 1.25, 5.75], "texture": "#0"},
				"east": {"uv": [0, 4.625, 0.625, 5.75], "texture": "#0"},
				"south": {"uv": [1.875, 4.625, 2.5, 5.75], "texture": "#0"},
				"west": {"uv": [1.25, 4.625, 1.875, 5.75], "texture": "#0"},
				"up": {"uv": [1.25, 4.625, 0.625, 4], "texture": "#0"},
				"down": {"uv": [1.875, 4, 1.25, 4.625], "texture": "#0"}
			}
		},
		{
			"from": [6, 19, 4.4],
			"to": [10.6, 28, 9],
			"rotation": {"angle": 45, "axis": "y", "origin": [7.97382, 23.99995, 7.02623]},
			"faces": {
				"north": {"uv": [0.875, 3, 1.375, 3.875], "texture": "#0"},
				"east": {"uv": [1, 2.875, 1.625, 4], "texture": "#0"},
				"south": {"uv": [1.875, 4.625, 2.5, 5.75], "texture": "#0"},
				"west": {"uv": [1.25, 4.5, 1.875, 5.625], "texture": "#0"},
				"up": {"uv": [1.25, 4.625, 0.625, 4], "texture": "#0"},
				"down": {"uv": [1.875, 4, 1.25, 4.625], "texture": "#0"}
			}
		},
		{
			"from": [12, 7, 6],
			"to": [16, 19, 10],
			"rotation": {"angle": 22.5, "axis": "x", "origin": [13, 17, 8]},
			"faces": {
				"north": {"uv": [2.5, 6, 3, 7.5], "texture": "#0"},
				"east": {"uv": [2, 6, 2.5, 7.5], "texture": "#0"},
				"south": {"uv": [3.5, 6, 4, 7.5], "texture": "#0"},
				"west": {"uv": [3, 6, 3.5, 7.5], "texture": "#0"},
				"up": {"uv": [3, 6, 2.5, 5.5], "texture": "#0"},
				"down": {"uv": [3.5, 5.5, 3, 6], "texture": "#0"}
			}
		},
		{
			"from": [13, 7, 5],
			"to": [15, 12, 6],
			"rotation": {"angle": 22.5, "axis": "x", "origin": [13, 17, 8]},
			"faces": {
				"north": {"uv": [2.125, 0.125, 2.375, 0.75], "texture": "#0"},
				"east": {"uv": [2, 0.125, 2.125, 0.75], "texture": "#0"},
				"south": {"uv": [2.5, 0.125, 2.75, 0.75], "texture": "#0"},
				"west": {"uv": [2.375, 0.125, 2.5, 0.75], "texture": "#0"},
				"up": {"uv": [2.375, 0.125, 2.125, 0], "texture": "#0"},
				"down": {"uv": [2.625, 0, 2.375, 0.125], "texture": "#0"}
			}
		},
		{
			"from": [13, 8, 10],
			"to": [15, 11, 13],
			"rotation": {"angle": 22.5, "axis": "x", "origin": [13, 17, 8]},
			"faces": {
				"north": {"uv": [0.375, 1.375, 0.625, 1.75], "texture": "#0"},
				"east": {"uv": [0, 1.375, 0.375, 1.75], "texture": "#0"},
				"south": {"uv": [1, 1.375, 1.25, 1.75], "texture": "#0"},
				"west": {"uv": [0.625, 1.375, 1, 1.75], "texture": "#0"},
				"up": {"uv": [0.625, 1.375, 0.375, 1], "texture": "#0"},
				"down": {"uv": [0.875, 1, 0.625, 1.375], "texture": "#0"}
			}
		},
		{
			"from": [14, 8, -8],
			"to": [14, 11, 6],
			"rotation": {"angle": 22.5, "axis": "x", "origin": [13, 17, 8]},
			"faces": {
				"north": {"uv": [1.75, 1.75, 1.875, 2.125], "texture": "#0"},
				"east": {"uv": [0, 1.75, 1.75, 2.125], "texture": "#0"},
				"south": {"uv": [3.625, 1.75, 3.75, 2.125], "texture": "#0"},
				"west": {"uv": [1.875, 1.75, 3.625, 2.125], "texture": "#0"},
				"up": {"uv": [1.875, 1.75, 1.75, 0], "texture": "#0"},
				"down": {"uv": [2, 0, 1.875, 1.75], "texture": "#0"}
			}
		},
		{
			"from": [7, 28.05772, 8.66173],
			"to": [9, 31.05772, 13.66173],
			"rotation": {"angle": -45, "axis": "x", "origin": [8, 28.36546, 11.50219]},
			"faces": {
				"north": {"uv": [0.625, 0.625, 0.875, 1], "texture": "#0"},
				"east": {"uv": [0, 0.625, 0.625, 1], "texture": "#0"},
				"south": {"uv": [1.5, 0.625, 1.75, 1], "texture": "#0"},
				"west": {"uv": [0.875, 0.625, 1.5, 1], "texture": "#0"},
				"up": {"uv": [0.875, 0.625, 0.625, 0], "texture": "#0"},
				"down": {"uv": [1.125, 0, 0.875, 0.625], "texture": "#0"}
			}
		},
		{
			"from": [7, 28, 10],
			"to": [9, 30, 15],
			"rotation": {"angle": -22.5, "axis": "x", "origin": [8, 28.36546, 11.50219]},
			"faces": {
				"north": {"uv": [6.125, 0.625, 6.375, 0.875], "texture": "#0"},
				"east": {"uv": [5.5, 0.625, 6.125, 0.875], "texture": "#0"},
				"south": {"uv": [7, 0.625, 7.25, 0.875], "texture": "#0"},
				"west": {"uv": [6.375, 0.625, 7, 0.875], "texture": "#0"},
				"up": {"uv": [6.375, 0.625, 6.125, 0], "texture": "#0"},
				"down": {"uv": [6.625, 0, 6.375, 0.625], "texture": "#0"}
			}
		},
		{
			"from": [7, 27.89182, 11.10496],
			"to": [9, 29.89182, 17.10496],
			"rotation": {"angle": 22.5, "axis": "x", "origin": [8, 28.36546, 11.50219]},
			"faces": {
				"north": {"uv": [8, 2.125, 8.25, 2.375], "texture": "#0"},
				"east": {"uv": [7.25, 2.125, 8, 2.375], "texture": "#0"},
				"south": {"uv": [9, 2.125, 9.25, 2.375], "texture": "#0"},
				"west": {"uv": [8.25, 2.125, 9, 2.375], "texture": "#0"},
				"up": {"uv": [8.25, 2.125, 8, 1.375], "texture": "#0"},
				"down": {"uv": [8.5, 1.375, 8.25, 2.125], "texture": "#0"}
			}
		}
	],
	"display": {
		"thirdperson_righthand": {
			"rotation": [75, 0, -9.8],
			"translation": [1.5, 10.5, 53.75],
			"scale": [1.85, 1.7, 1.85]
		},
		"firstperson_righthand": {
			"rotation": [13.75, 0, 0],
			"scale": [0.5, 0.5, 0.5]
		},
		"gui": {
			"rotation": [-1, -180, 11],
			"translation": [-0.25, -1.5, 0],
			"scale": [0.5, 0.5, 0.5]
		},
		"head": {
			"rotation": [3.5, -6.25, 0],
			"translation": [0.25, -4.75, 1.5],
			"scale": [3.5, 3, 3.5]
		}
	},
	"groups": [0, 1, 2, 3, 4, 5, 6, 7, 8, 9, 10, 11, 12, 13, 14, 15, 16, 17, 18, 19, 20, 21, 22, 23, 24,
		{
			"name": "group",
			"origin": [7.97382, 27.99995, 9.02623],
			"children": [25, 26, 27]
		}
	]
}