{
	"credit": "Made with Blockbench",
	"textures": {
		"0": "item/kingdom/merchant",
		"particle": "item/kingdom/merchant"
	},
	"elements": [
		{
			"from": [8, -5, 6],
			"to": [12, 7, 10],
			"faces": {
				"north": {"uv": [2.5, 7, 3, 8.5], "texture": "#0"},
				"east": {"uv": [2, 7, 2.5, 8.5], "texture": "#0"},
				"south": {"uv": [3.5, 7, 4, 8.5], "texture": "#0"},
				"west": {"uv": [3, 7, 3.5, 8.5], "texture": "#0"},
				"up": {"uv": [3, 7, 2.5, 6.5], "texture": "#0"},
				"down": {"uv": [3.5, 6.5, 3, 7], "texture": "#0"}
			}
		},
		{
			"from": [4, -5, 6],
			"to": [8, 7, 10],
			"rotation": {"angle": 0, "axis": "x", "origin": [12, 1, 12]},
			"faces": {
				"north": {"uv": [0.5, 7, 1, 8.5], "texture": "#0"},
				"east": {"uv": [0, 7, 0.5, 8.5], "texture": "#0"},
				"south": {"uv": [1.5, 7, 2, 8.5], "texture": "#0"},
				"west": {"uv": [1, 7, 1.5, 8.5], "texture": "#0"},
				"up": {"uv": [1, 7, 0.5, 6.5], "texture": "#0"},
				"down": {"uv": [1.5, 6.5, 1, 7], "texture": "#0"}
			}
		},
		{
			"from": [-1, 15, -4],
			"to": [3, 19, 8],
			"rotation": {"angle": 22.5, "axis": "y", "origin": [7, 11, 4]},
			"faces": {
				"north": {"uv": [5.25, 1.875, 5.75, 2.375], "texture": "#0"},
				"east": {"uv": [3.75, 1.875, 5.25, 2.375], "texture": "#0"},
				"south": {"uv": [7.25, 1.875, 7.75, 2.375], "texture": "#0"},
				"west": {"uv": [5.75, 1.875, 7.25, 2.375], "texture": "#0"},
				"up": {"uv": [5.75, 1.875, 5.25, 0.375], "texture": "#0"},
				"down": {"uv": [6.25, 0.375, 5.75, 1.875], "texture": "#0"}
			}
		},
		{
			"from": [-2, 10, -5],
			"to": [4, 15, 1],
			"rotation": {"angle": 22.5, "axis": "y", "origin": [7, 11, 4]},
			"faces": {
				"north": {"uv": [5.75, 3.125, 6.5, 3.75], "texture": "#0"},
				"east": {"uv": [5, 3.125, 5.75, 3.75], "texture": "#0"},
				"south": {"uv": [7.25, 3.125, 8, 3.75], "texture": "#0"},
				"west": {"uv": [6.5, 3.125, 7.25, 3.75], "texture": "#0"},
				"up": {"uv": [6.5, 3.125, 5.75, 2.375], "texture": "#0"},
				"down": {"uv": [7.25, 2.375, 6.5, 3.125], "texture": "#0"}
			}
		},
		{
			"from": [0, 16, -3],
			"to": [2, 20, -1],
			"rotation": {"angle": 22.5, "axis": "y", "origin": [7, 17, 4]},
			"faces": {
				"north": {"uv": [4.125, 0.25, 4.375, 0.75], "texture": "#0"},
				"east": {"uv": [3.875, 0.25, 4.125, 0.75], "texture": "#0"},
				"south": {"uv": [4.625, 0.25, 4.875, 0.75], "texture": "#0"},
				"west": {"uv": [4.375, 0.25, 4.625, 0.75], "texture": "#0"},
				"up": {"uv": [4.375, 0.25, 4.125, 0], "texture": "#0"},
				"down": {"uv": [4.625, 0, 4.375, 0.25], "texture": "#0"}
			}
		},
		{
			"from": [-1, 20, -4],
			"to": [3, 21, 0],
			"rotation": {"angle": 22.5, "axis": "y", "origin": [7, 22, 4]},
			"faces": {
				"north": {"uv": [0.5, 4.375, 1, 4.5], "texture": "#0"},
				"east": {"uv": [0, 4.375, 0.5, 4.5], "texture": "#0"},
				"south": {"uv": [1.5, 4.375, 2, 4.5], "texture": "#0"},
				"west": {"uv": [1, 4.375, 1.5, 4.5], "texture": "#0"},
				"up": {"uv": [1, 4.375, 0.5, 3.875], "texture": "#0"},
				"down": {"uv": [1.5, 3.875, 1, 4.375], "texture": "#0"}
			}
		},
		{
			"from": [4, 7, 6],
			"to": [12, 19, 10],
			"faces": {
				"north": {"uv": [4.5, 5, 5.5, 6.5], "texture": "#0"},
				"east": {"uv": [4, 5, 4.5, 6.5], "texture": "#0"},
				"south": {"uv": [6, 5, 7, 6.5], "texture": "#0"},
				"west": {"uv": [5.5, 5, 6, 6.5], "texture": "#0"},
				"up": {"uv": [5.5, 5, 4.5, 4.5], "texture": "#0"},
				"down": {"uv": [6.5, 4.5, 5.5, 5], "texture": "#0"}
			}
		},
		{
			"from": [3, 24, 3],
			"to": [13, 28, 14],
			"rotation": {"angle": 22.5, "axis": "x", "origin": [8, 25.5, 8]},
			"faces": {
				"north": {"uv": [1.375, 1.375, 2.625, 1.875], "texture": "#0"},
				"east": {"uv": [0, 1.375, 1.375, 1.875], "texture": "#0"},
				"south": {"uv": [4, 1.375, 5.25, 1.875], "texture": "#0"},
				"west": {"uv": [2.625, 1.375, 4, 1.875], "texture": "#0"},
				"up": {"uv": [2.625, 1.375, 1.375, 0], "texture": "#0"},
				"down": {"uv": [3.875, 0, 2.625, 1.375], "texture": "#0"}
			}
		},
		{
			"from": [4, 19, 4],
			"to": [12, 26, 12],
			"faces": {
				"north": {"uv": [1, 3, 2, 3.875], "texture": "#0"},
				"east": {"uv": [0, 3, 1, 3.875], "texture": "#0"},
				"south": {"uv": [3, 2.875, 4, 3.875], "texture": "#0"},
				"west": {"uv": [2, 3, 3, 3.875], "texture": "#0"},
				"up": {"uv": [2, 2.875, 1, 1.875], "texture": "#0"},
				"down": {"uv": [3, 1.875, 2, 2.875], "texture": "#0"}
			}
		},
		{
			"from": [12, 15, -2],
			"to": [16, 19, 10],
			"rotation": {"angle": -22.5, "axis": "x", "origin": [13, 17, 8]},
			"faces": {
				"north": {"uv": [4, 4, 4.5, 4.5], "texture": "#0"},
				"east": {"uv": [2.5, 4, 4, 4.5], "texture": "#0"},
				"south": {"uv": [6, 4, 6.5, 4.5], "texture": "#0"},
				"west": {"uv": [4.5, 4, 6, 4.5], "texture": "#0"},
				"up": {"uv": [4.5, 4, 4, 2.5], "texture": "#0"},
				"down": {"uv": [5, 2.5, 4.5, 4], "texture": "#0"}
			}
		},
		{
			"from": [13, 16, -1],
			"to": [15, 20, 1],
			"rotation": {"angle": -22.5, "axis": "x", "origin": [13, 17, 8]},
			"faces": {
				"north": {"uv": [3.25, 2.375, 3.5, 2.875], "texture": "#0"},
				"east": {"uv": [3, 2.375, 3.25, 2.875], "texture": "#0"},
				"south": {"uv": [3.75, 2.375, 4, 2.875], "texture": "#0"},
				"west": {"uv": [3.5, 2.375, 3.75, 2.875], "texture": "#0"},
				"up": {"uv": [3.5, 2.375, 3.25, 2.125], "texture": "#0"},
				"down": {"uv": [3.75, 2.125, 3.5, 2.375], "texture": "#0"}
			}
		},
		{
			"from": [12.2, 16, 0],
			"to": [14.2, 20, 2],
			"rotation": {"angle": -22.5, "axis": "x", "origin": [12, 17, 9]},
			"faces": {
				"north": {"uv": [0.25, 0.25, 0.5, 0.75], "texture": "#0"},
				"east": {"uv": [0, 0.25, 0.25, 0.75], "texture": "#0"},
				"south": {"uv": [0.75, 0.25, 1, 0.75], "texture": "#0"},
				"west": {"uv": [0.5, 0.25, 0.75, 0.75], "texture": "#0"},
				"up": {"uv": [0.5, 0.25, 0.25, 0], "texture": "#0"},
				"down": {"uv": [0.75, 0, 0.5, 0.25], "texture": "#0"}
			}
		},
		{
			"from": [13.9, 17, 0],
			"to": [15.9, 21, 2],
			"rotation": {"angle": -22.5, "axis": "x", "origin": [14, 18, 9]},
			"faces": {
				"north": {"uv": [0.25, 2.125, 0.5, 2.625], "texture": "#0"},
				"east": {"uv": [0, 2.125, 0.25, 2.625], "texture": "#0"},
				"south": {"uv": [0.75, 2.125, 1, 2.625], "texture": "#0"},
				"west": {"uv": [0.5, 2.125, 0.75, 2.625], "texture": "#0"},
				"up": {"uv": [0.5, 2.125, 0.25, 1.875], "texture": "#0"},
				"down": {"uv": [0.75, 1.875, 0.5, 2.125], "texture": "#0"}
			}
		},
		{
			"from": [-1.1, 23, 1],
			"to": [-0.1, 25, 2],
			"rotation": {"angle": -22.5, "axis": "x", "origin": [-1, 22, 9]},
			"faces": {
				"north": {"uv": [0.25, 2.125, 0.5, 2.625], "texture": "#0"},
				"east": {"uv": [0, 2.125, 0.25, 2.625], "texture": "#0"},
				"south": {"uv": [0.75, 2.125, 1, 2.625], "texture": "#0"},
				"west": {"uv": [0.5, 2.125, 0.75, 2.625], "texture": "#0"},
				"up": {"uv": [0.5, 2.125, 0.25, 1.875], "texture": "#0"},
				"down": {"uv": [0.75, 1.875, 0.5, 2.125], "texture": "#0"}
			}
		},
		{
			"from": [-2.1, 21, 0],
			"to": [-1.1, 22, 1],
			"faces": {
				"north": {"uv": [0.25, 2.125, 0.5, 2.625], "texture": "#0"},
				"east": {"uv": [0, 2.125, 0.25, 2.625], "texture": "#0"},
				"south": {"uv": [0.75, 2.125, 1, 2.625], "texture": "#0"},
				"west": {"uv": [0.5, 2.125, 0.75, 2.625], "texture": "#0"},
				"up": {"uv": [0.5, 2.125, 0.25, 1.875], "texture": "#0"},
				"down": {"uv": [0.75, 1.875, 0.5, 2.125], "texture": "#0"}
			}
		},
		{
			"from": [-1.1, 20.8, 0],
			"to": [-0.1, 21.3, 1],
			"faces": {
				"north": {"uv": [0.25, 2.125, 0.5, 2.625], "texture": "#0"},
				"east": {"uv": [0, 2.125, 0.25, 2.625], "texture": "#0"},
				"south": {"uv": [0.75, 2.125, 1, 2.625], "texture": "#0"},
				"west": {"uv": [0.5, 2.125, 0.75, 2.625], "texture": "#0"},
				"up": {"uv": [0.5, 2.125, 0.25, 1.875], "texture": "#0"},
				"down": {"uv": [0.75, 1.875, 0.5, 2.125], "texture": "#0"}
			}
		}
	],
	"display": {
		"thirdperson_righthand": {
			"rotation": [75, 0, -9.8],
			"translation": [1.5, 10.5, 53.75],
			"scale": [1.85, 1.7, 1.85]
		},
		"firstperson_righthand": {
			"rotation": [13.75, 0, 0],
			"scale": [0.5, 0.5, 0.5]
		},
		"gui": {
			"rotation": [-1, -180, 11],
			"translation": [-0.25, -1.5, 0],
			"scale": [0.5, 0.5, 0.5]
		},
		"head": {
			"rotation": [3.5, -6.25, 0],
			"translation": [0.25, -4.75, 1.5],
			"scale": [3.5, 3, 3.5]
		}
	}
}