{
	"credit": "Made with Blockbench",
	"textures": {
		"0": "item/misc/dailyrewards",
		"particle": "item/misc/dailyrewards"
	},
	"elements": [
		{
			"from": [4.064, 21.12, 3.96],
			"to": [11.936, 28.992, 11.832],
			"rotation": {"angle": 0, "axis": "y", "origin": [8, 8, 3]},
			"faces": {
				"north": {"uv": [1, 5.75, 2, 6.75], "texture": "#0"},
				"east": {"uv": [0, 5.75, 1, 6.75], "texture": "#0"},
				"south": {"uv": [3, 5.75, 4, 6.75], "texture": "#0"},
				"west": {"uv": [2, 5.75, 3, 6.75], "texture": "#0"},
				"up": {"uv": [2, 5.75, 1, 4.75], "texture": "#0"},
				"down": {"uv": [3, 4.75, 2, 5.75], "texture": "#0"}
			}
		},
		{
			"from": [2.144, 27.84, 3.04],
			"to": [13.856, 28.992, 13.752],
			"rotation": {"angle": 0, "axis": "y", "origin": [8, 8, 4]},
			"faces": {
				"north": {"uv": [1.5, 4.625, 3, 4.75], "texture": "#0"},
				"east": {"uv": [0, 4.625, 1.5, 4.75], "texture": "#0"},
				"south": {"uv": [4.5, 4.625, 6, 4.75], "texture": "#0"},
				"west": {"uv": [3, 4.625, 4.5, 4.75], "texture": "#0"},
				"up": {"uv": [3, 4.625, 1.5, 3.125], "texture": "#0"},
				"down": {"uv": [4.5, 3.125, 3, 4.625], "texture": "#0"}
			}
		},
		{
			"from": [4.064, 27.84, 4.96],
			"to": [11.936, 30.72, 11.832],
			"rotation": {"angle": 0, "axis": "y", "origin": [8, 8, 4]},
			"faces": {
				"north": {"uv": [5, 5.75, 6, 6.125], "texture": "#0"},
				"east": {"uv": [4, 5.75, 5, 6.125], "texture": "#0"},
				"south": {"uv": [7, 5.75, 8, 6.125], "texture": "#0"},
				"west": {"uv": [6, 5.75, 7, 6.125], "texture": "#0"},
				"up": {"uv": [6, 5.75, 5, 4.75], "texture": "#0"},
				"down": {"uv": [7, 4.75, 6, 5.75], "texture": "#0"}
			}
		},
		{
			"from": [5.024, 20.16, 10.68],
			"to": [10.976, 24.192, 12.792],
			"rotation": {"angle": 0, "axis": "y", "origin": [8, 8, 3]},
			"faces": {
				"north": {"uv": [3.25, 5, 4, 5.5], "texture": "#0"},
				"east": {"uv": [3, 5, 3.25, 5.5], "texture": "#0"},
				"south": {"uv": [4.25, 5, 5, 5.5], "texture": "#0"},
				"west": {"uv": [4, 5, 4.25, 5.5], "texture": "#0"},
				"up": {"uv": [4, 5, 3.25, 4.75], "texture": "#0"},
				"down": {"uv": [4.75, 4.75, 4, 5], "texture": "#0"}
			}
		},
		{
			"from": [4.16, 11.64, 5.96],
			"to": [11.84, 23.16, 9.8],
			"rotation": {"angle": 0, "axis": "x", "origin": [11.84, 16.32, 16.64]},
			"faces": {
				"north": {"uv": [4.5, 6.625, 5.5, 8.125], "texture": "#0"},
				"east": {"uv": [4, 6.625, 4.5, 8.125], "texture": "#0"},
				"south": {"uv": [6, 6.625, 7, 8.125], "texture": "#0"},
				"west": {"uv": [5.5, 6.625, 6, 8.125], "texture": "#0"},
				"up": {"uv": [5.5, 6.625, 4.5, 6.125], "texture": "#0"},
				"down": {"uv": [6.5, 6.125, 5.5, 6.625], "texture": "#0"}
			}
		},
		{
			"from": [2.24, 9.68, -1.68],
			"to": [13.76, 21.08, 5.92],
			"rotation": {"angle": 22.5, "axis": "x", "origin": [11.84, 19.16, 6.92]},
			"faces": {
				"north": {"uv": [1.25, 1.25, 2.75, 3.125], "texture": "#0"},
				"east": {"uv": [0, 1.25, 1.25, 3.125], "texture": "#0"},
				"south": {"uv": [4, 1.25, 5.5, 3.125], "texture": "#0"},
				"west": {"uv": [2.75, 1.25, 4, 3.125], "texture": "#0"},
				"up": {"uv": [2.75, 1.25, 1.25, 0], "texture": "#0"},
				"down": {"uv": [4.25, 0, 2.75, 1.25], "texture": "#0"}
			}
		},
		{
			"from": [3.2, 22.15271, -1.05972],
			"to": [12.8, 28.79271, 5.62028],
			"rotation": {"angle": 0, "axis": "y", "origin": [8, 7, 5]},
			"faces": {
				"north": {"uv": [5.5, 3.125, 6.75, 4.25], "texture": "#0"},
				"east": {"uv": [4.5, 3.125, 5.5, 4.25], "texture": "#0"},
				"south": {"uv": [7.75, 3.125, 9, 4.25], "texture": "#0"},
				"west": {"uv": [6.75, 3.125, 7.75, 4.25], "texture": "#0"},
				"up": {"uv": [6.75, 3.125, 5.5, 2.125], "texture": "#0"},
				"down": {"uv": [8, 2.125, 6.75, 3.125], "texture": "#0"}
			}
		},
		{
			"from": [10.304, 19.624, -0.09972],
			"to": [14.144, 29.11129, 3.70028],
			"rotation": {"angle": 0, "axis": "y", "origin": [8, 7, 5]},
			"faces": {
				"north": {"uv": [9.5, 3.5, 10.75, 4.625], "texture": "#0"},
				"east": {"uv": [9.5, 7.625, 10.125, 9], "texture": "#0"},
				"south": {"uv": [7.75, 3.125, 9, 4.25], "texture": "#0"},
				"west": {"uv": [6.75, 3.125, 7.75, 4.25], "texture": "#0"},
				"up": {"uv": [10.125, 7.625, 9.5, 7.25], "rotation": 90, "texture": "#0"},
				"down": {"uv": [8, 2.125, 6.75, 3.125], "texture": "#0"}
			}
		},
		{
			"from": [8.96, 28.72, -0.09972],
			"to": [11.84, 29.72, 1.78028],
			"rotation": {"angle": 0, "axis": "y", "origin": [8, 7, 5]},
			"faces": {
				"north": {"uv": [0.375, 4, 0.75, 4.125], "texture": "#0"},
				"east": {"uv": [0, 4, 0.375, 4.125], "texture": "#0"},
				"south": {"uv": [1.125, 4, 1.5, 4.125], "texture": "#0"},
				"west": {"uv": [0.75, 4, 1.125, 4.125], "texture": "#0"},
				"up": {"uv": [0.75, 4, 0.375, 3.625], "texture": "#0"},
				"down": {"uv": [1.125, 3.625, 0.75, 4], "texture": "#0"}
			}
		},
		{
			"from": [8, 28.72, 2.78028],
			"to": [10.88, 29.72, 4.66028],
			"rotation": {"angle": -45, "axis": "y", "origin": [9.39329, 28.78862, 3.25474]},
			"faces": {
				"north": {"uv": [0.375, 4, 0.75, 4.125], "texture": "#0"},
				"east": {"uv": [0, 4, 0.375, 4.125], "texture": "#0"},
				"south": {"uv": [1.125, 4, 1.5, 4.125], "texture": "#0"},
				"west": {"uv": [0.75, 4, 1.125, 4.125], "texture": "#0"},
				"up": {"uv": [0.75, 4, 0.375, 3.625], "texture": "#0"},
				"down": {"uv": [1.125, 3.625, 0.75, 4], "texture": "#0"}
			}
		},
		{
			"from": [6.06776, 28.72, 1.90145],
			"to": [8.94776, 29.72, 3.78145],
			"rotation": {"angle": -22.5, "axis": "y", "origin": [7.47329, 28.78862, 2.29474]},
			"faces": {
				"north": {"uv": [0.75, 4, 1.125, 4.125], "texture": "#0"},
				"east": {"uv": [0.375, 4, 0.75, 4.125], "texture": "#0"},
				"south": {"uv": [0, 4, 0.375, 4.125], "texture": "#0"},
				"west": {"uv": [1.125, 4, 1.5, 4.125], "texture": "#0"},
				"up": {"uv": [0.75, 4, 0.375, 3.625], "rotation": 90, "texture": "#0"},
				"down": {"uv": [1.125, 3.625, 0.75, 4], "rotation": 270, "texture": "#0"}
			}
		},
		{
			"from": [4.16, 28.72, 2.78028],
			"to": [7.04, 29.72, 4.66028],
			"rotation": {"angle": -22.5, "axis": "x", "origin": [5.55329, 28.78862, 3.25474]},
			"faces": {
				"north": {"uv": [0.375, 4, 0.75, 4.125], "texture": "#0"},
				"east": {"uv": [0, 4, 0.375, 4.125], "texture": "#0"},
				"south": {"uv": [1.125, 4, 1.5, 4.125], "texture": "#0"},
				"west": {"uv": [0.75, 4, 1.125, 4.125], "texture": "#0"},
				"up": {"uv": [0.75, 4, 0.375, 3.625], "texture": "#0"},
				"down": {"uv": [1.125, 3.625, 0.75, 4], "texture": "#0"}
			}
		},
		{
			"from": [6.08, 28.72, 2.78028],
			"to": [8.96, 29.72, 4.66028],
			"rotation": {"angle": -45, "axis": "y", "origin": [7.47329, 19.18862, 3.25474]},
			"faces": {
				"north": {"uv": [0.375, 4, 0.75, 4.125], "texture": "#0"},
				"east": {"uv": [0, 4, 0.375, 4.125], "texture": "#0"},
				"south": {"uv": [1.125, 4, 1.5, 4.125], "texture": "#0"},
				"west": {"uv": [0.75, 4, 1.125, 4.125], "texture": "#0"},
				"up": {"uv": [0.75, 4, 0.375, 3.625], "texture": "#0"},
				"down": {"uv": [1.125, 3.625, 0.75, 4], "texture": "#0"}
			}
		},
		{
			"from": [4.06775, 28.72, -1.13855],
			"to": [5.94775, 29.72, 1.74145],
			"rotation": {"angle": 22.5, "axis": "y", "origin": [7.47329, 19.18862, 3.25474]},
			"faces": {
				"north": {"uv": [0.75, 4, 1.125, 4.125], "texture": "#0"},
				"east": {"uv": [0.375, 4, 0.75, 4.125], "texture": "#0"},
				"south": {"uv": [0, 4, 0.375, 4.125], "texture": "#0"},
				"west": {"uv": [1.125, 4, 1.5, 4.125], "texture": "#0"},
				"up": {"uv": [0.75, 4, 0.375, 3.625], "rotation": 90, "texture": "#0"},
				"down": {"uv": [1.125, 3.625, 0.75, 4], "rotation": 270, "texture": "#0"}
			}
		},
		{
			"from": [14.06775, 26.72, 1.86145],
			"to": [15.94775, 27.72, 4.74145],
			"rotation": {"angle": 22.5, "axis": "z", "origin": [7.47329, 19.18862, 3.25474]},
			"faces": {
				"north": {"uv": [0.75, 4, 1.125, 4.125], "texture": "#0"},
				"east": {"uv": [0.375, 4, 0.75, 4.125], "texture": "#0"},
				"south": {"uv": [0, 4, 0.375, 4.125], "texture": "#0"},
				"west": {"uv": [1.125, 4, 1.5, 4.125], "texture": "#0"},
				"up": {"uv": [0.75, 4, 0.375, 3.625], "rotation": 90, "texture": "#0"},
				"down": {"uv": [1.125, 3.625, 0.75, 4], "rotation": 270, "texture": "#0"}
			}
		},
		{
			"from": [5.12, 28.72, -0.09972],
			"to": [8, 29.72, 1.78028],
			"rotation": {"angle": 45, "axis": "y", "origin": [6.51329, 28.78862, 0.37474]},
			"faces": {
				"north": {"uv": [0.375, 3.5, 0.75, 3.625], "texture": "#0"},
				"east": {"uv": [0, 3.5, 0.375, 3.625], "texture": "#0"},
				"south": {"uv": [1.125, 3.5, 1.5, 3.625], "texture": "#0"},
				"west": {"uv": [0.75, 3.5, 1.125, 3.625], "texture": "#0"},
				"up": {"uv": [0.75, 3.5, 0.375, 3.125], "texture": "#0"},
				"down": {"uv": [1.125, 3.125, 0.75, 3.5], "texture": "#0"}
			}
		},
		{
			"from": [7.04, 29.31415, -0.62935],
			"to": [9.92, 30.19415, 0.37065],
			"rotation": {"angle": 22.5, "axis": "x", "origin": [8.43329, 28.78862, -0.58526]},
			"faces": {
				"north": {"uv": [0.125, 0.125, 0.5, 0.5], "texture": "#0"},
				"east": {"uv": [0, 0.125, 0.125, 0.5], "texture": "#0"},
				"south": {"uv": [0.625, 0.125, 1, 0.5], "texture": "#0"},
				"west": {"uv": [0.5, 0.125, 0.625, 0.5], "texture": "#0"},
				"up": {"uv": [0.5, 0.125, 0.125, 0], "texture": "#0"},
				"down": {"uv": [0.875, 0, 0.5, 0.125], "texture": "#0"}
			}
		},
		{
			"from": [10.84, 11.48, 4.92],
			"to": [14.68, 23, 8.76],
			"rotation": {"angle": -22.5, "axis": "x", "origin": [19.52, 20.16, 13.6]},
			"faces": {
				"north": {"uv": [0.5, 7.25, 1, 8.75], "texture": "#0"},
				"east": {"uv": [0, 7.25, 0.5, 8.75], "texture": "#0"},
				"south": {"uv": [1.5, 7.25, 2, 8.75], "texture": "#0"},
				"west": {"uv": [1, 7.25, 1.5, 8.75], "texture": "#0"},
				"up": {"uv": [1, 7.25, 0.5, 6.75], "texture": "#0"},
				"down": {"uv": [1.5, 6.75, 1, 7.25], "texture": "#0"}
			}
		},
		{
			"from": [4.064, 0, 6.08],
			"to": [8, 11.52, 9.92],
			"faces": {
				"north": {"uv": [7.5, 7.5, 8, 9], "texture": "#0"},
				"east": {"uv": [7, 7.5, 7.5, 9], "texture": "#0"},
				"south": {"uv": [8.5, 7.5, 9, 9], "texture": "#0"},
				"west": {"uv": [8, 7.5, 8.5, 9], "texture": "#0"},
				"up": {"uv": [8, 7.5, 7.5, 7], "texture": "#0"},
				"down": {"uv": [8.5, 7, 8, 7.5], "texture": "#0"}
			}
		},
		{
			"from": [1.32, 9.6, 3.96],
			"to": [5.16, 21.12, 7.8],
			"rotation": {"angle": -22.5, "axis": "x", "origin": [4.14494, 20.14822, 6.90682]},
			"faces": {
				"north": {"uv": [2.5, 7.25, 3, 8.75], "texture": "#0"},
				"east": {"uv": [2, 7.25, 2.5, 8.75], "texture": "#0"},
				"south": {"uv": [3.5, 7.25, 4, 8.75], "texture": "#0"},
				"west": {"uv": [3, 7.25, 3.5, 8.75], "texture": "#0"},
				"up": {"uv": [3, 7.25, 2.5, 6.75], "texture": "#0"},
				"down": {"uv": [3.5, 6.75, 3, 7.25], "texture": "#0"}
			}
		},
		{
			"from": [2.28, 0, 9.64],
			"to": [4.2, 10.4, 11.56],
			"rotation": {"angle": 0, "axis": "x", "origin": [8, 8, 4]},
			"faces": {
				"north": {"uv": [8.25, 4.5, 8.5, 6.375], "texture": "#0"},
				"east": {"uv": [8, 4.5, 8.25, 6.375], "texture": "#0"},
				"south": {"uv": [8.75, 4.5, 9, 6.375], "texture": "#0"},
				"west": {"uv": [8.5, 4.5, 8.75, 6.375], "texture": "#0"},
				"up": {"uv": [8.5, 4.5, 8.25, 4.25], "texture": "#0"},
				"down": {"uv": [8.75, 4.25, 8.5, 4.5], "texture": "#0"}
			}
		},
		{
			"from": [8, 0, 6.08],
			"to": [11.936, 11.52, 9.92],
			"faces": {
				"north": {"uv": [8.5, 1.5, 9, 3], "texture": "#0"},
				"east": {"uv": [8, 1.5, 8.5, 3], "texture": "#0"},
				"south": {"uv": [9.5, 1.5, 10, 3], "texture": "#0"},
				"west": {"uv": [9, 1.5, 9.5, 3], "texture": "#0"},
				"up": {"uv": [9, 1.5, 8.5, 1], "texture": "#0"},
				"down": {"uv": [9.5, 1, 9, 1.5], "texture": "#0"}
			}
		}
	],
	"display": {
		"thirdperson_righthand": {
			"rotation": [75, 0, -9.8],
			"translation": [1.5, 10.5, 53.75],
			"scale": [1.85, 1.7, 1.85]
		},
		"firstperson_righthand": {
			"rotation": [13.75, 0, 0],
			"scale": [0.5, 0.5, 0.5]
		},
		"gui": {
			"rotation": [-1, 2, -4],
			"translation": [-0.25, -2.75, 0],
			"scale": [0.5, 0.5, 0.5]
		},
		"head": {
			"rotation": [3.5, -180, 0],
			"translation": [0.25, -19, 1.5],
			"scale": [3.5, 3, 3.5]
		},
		"fixed": {
			"rotation": [0, -180, 0],
			"translation": [0, -4.5, -4]
		}
	},
	"groups": [
		{
			"name": "group",
			"origin": [8, 8, 8],
			"children": [0, 1, 2, 3, 4,
				{
					"name": "group",
					"origin": [12, 19, 11],
					"children": [5, 6, 7, 8, 9, 10, 11, 12, 13, 14, 15, 16]
				}, 17, 18, 19, 20, 21]
		}
	]
}