{
	"credit": "Made with Blockbench",
	"textures": {
		"0": "item/misc/discord",
		"particle": "item/misc/discord"
	},
	"elements": [
		{
			"from": [7, 8, 7],
			"to": [9, 11.25, 8.25],
			"faces": {
				"north": {"uv": [7, 7, 7.5, 7.75], "texture": "#0"},
				"east": {"uv": [6.75, 7, 7, 7.75], "texture": "#0"},
				"south": {"uv": [7.75, 7, 8.25, 7.75], "texture": "#0"},
				"west": {"uv": [7.5, 7, 7.75, 7.75], "texture": "#0"},
				"up": {"uv": [7.5, 7, 7, 6.75], "texture": "#0"},
				"down": {"uv": [8, 6.75, 7.5, 7], "texture": "#0"}
			}
		},
		{
			"from": [3.5, 8, 7],
			"to": [5, 14, 8.25],
			"faces": {
				"north": {"uv": [6, 6, 6.25, 7.5], "texture": "#0"},
				"east": {"uv": [5.75, 6, 6, 7.5], "texture": "#0"},
				"south": {"uv": [8.25, 0.75, 9, 1], "texture": "#0"},
				"west": {"uv": [6.25, 6, 6.5, 7.5], "texture": "#0"},
				"up": {"uv": [6.25, 6, 6, 5.75], "texture": "#0"},
				"down": {"uv": [6.5, 5.75, 6.25, 6], "texture": "#0"}
			}
		},
		{
			"from": [11, 8, 7],
			"to": [12.5, 14, 8.25],
			"faces": {
				"north": {"uv": [6.25, 6, 6, 7.5], "texture": "#0"},
				"east": {"uv": [6.5, 6, 6.25, 7.5], "texture": "#0"},
				"south": {"uv": [9, 0.75, 8.25, 1], "texture": "#0"},
				"west": {"uv": [6, 6, 5.75, 7.5], "texture": "#0"},
				"up": {"uv": [6, 6, 6.25, 5.75], "texture": "#0"},
				"down": {"uv": [6.25, 5.75, 6.5, 6], "texture": "#0"}
			}
		},
		{
			"from": [5, 8, 7],
			"to": [5.5, 9.25, 8.25],
			"faces": {
				"north": {"uv": [6.5, 8, 6.75, 8.25], "texture": "#0"},
				"east": {"uv": [6.25, 8, 6.5, 8.25], "texture": "#0"},
				"south": {"uv": [7, 8, 7.25, 8.25], "texture": "#0"},
				"west": {"uv": [6.75, 8, 7, 8.25], "texture": "#0"},
				"up": {"uv": [6.75, 8, 6.5, 7.75], "texture": "#0"},
				"down": {"uv": [7, 7.75, 6.75, 8], "texture": "#0"}
			}
		},
		{
			"from": [10.5, 8, 7],
			"to": [11, 9.25, 8.25],
			"faces": {
				"north": {"uv": [6.75, 8, 6.5, 8.25], "texture": "#0"},
				"east": {"uv": [7, 8, 6.75, 8.25], "texture": "#0"},
				"south": {"uv": [7.25, 8, 7, 8.25], "texture": "#0"},
				"west": {"uv": [6.5, 8, 6.25, 8.25], "texture": "#0"},
				"up": {"uv": [6.5, 8, 6.75, 7.75], "texture": "#0"},
				"down": {"uv": [6.75, 7.75, 7, 8], "texture": "#0"}
			}
		},
		{
			"from": [5, 11.25, 7],
			"to": [5.5, 14, 8.25],
			"faces": {
				"north": {"uv": [4, 7.5, 4.25, 8], "texture": "#0"},
				"east": {"uv": [3.75, 7.5, 4, 8], "texture": "#0"},
				"south": {"uv": [8.25, 0.75, 9, 1], "texture": "#0"},
				"west": {"uv": [4.25, 7.5, 4.5, 8], "texture": "#0"},
				"up": {"uv": [4.25, 7.5, 4, 7.25], "texture": "#0"},
				"down": {"uv": [4.5, 7.25, 4.25, 7.5], "texture": "#0"}
			}
		},
		{
			"from": [10.5, 11.25, 7],
			"to": [11, 14, 8.25],
			"faces": {
				"north": {"uv": [4.25, 7.5, 4, 8], "texture": "#0"},
				"east": {"uv": [4.5, 7.5, 4.25, 8], "texture": "#0"},
				"south": {"uv": [9, 0.75, 8.25, 1], "texture": "#0"},
				"west": {"uv": [4, 7.5, 3.75, 8], "texture": "#0"},
				"up": {"uv": [4, 7.5, 4.25, 7.25], "texture": "#0"},
				"down": {"uv": [4.25, 7.25, 4.5, 7.5], "texture": "#0"}
			}
		},
		{
			"from": [7.75, 10.5, 7],
			"to": [8.25, 11.75, 8],
			"rotation": {"angle": -45, "axis": "z", "origin": [5.24412, 10.99671, 7.63417]},
			"faces": {
				"north": {"uv": [2.25, 8, 2.5, 8.25], "texture": "#0"},
				"east": {"uv": [2, 8, 2.25, 8.25], "texture": "#0"},
				"south": {"uv": [2.75, 8, 3, 8.25], "texture": "#0"},
				"west": {"uv": [2.5, 8, 2.75, 8.25], "texture": "#0"},
				"up": {"uv": [2.5, 8, 2.25, 7.75], "texture": "#0"},
				"down": {"uv": [2.75, 7.75, 2.5, 8], "texture": "#0"}
			}
		},
		{
			"from": [5.5, 8, 7],
			"to": [10.5, 9.25, 8.25],
			"faces": {
				"north": {"uv": [3, 5.25, 4.25, 5.5], "texture": "#0"},
				"east": {"uv": [2.75, 5.25, 3, 5.5], "texture": "#0"},
				"south": {"uv": [4.5, 5.25, 5.75, 5.5], "texture": "#0"},
				"west": {"uv": [4.25, 5.25, 4.5, 5.5], "texture": "#0"},
				"up": {"uv": [4.25, 5.25, 3, 5], "texture": "#0"},
				"down": {"uv": [5.5, 5, 4.25, 5.25], "texture": "#0"}
			}
		},
		{
			"from": [5.5, 11.25, 7],
			"to": [10.5, 14, 8.25],
			"faces": {
				"north": {"uv": [0.25, 4.75, 1.5, 5.25], "texture": "#0"},
				"east": {"uv": [0, 4.75, 0.25, 5.25], "texture": "#0"},
				"south": {"uv": [1.75, 4.75, 3, 5.25], "texture": "#0"},
				"west": {"uv": [1.5, 4.75, 1.75, 5.25], "texture": "#0"},
				"up": {"uv": [1.5, 4.75, 0.25, 4.5], "texture": "#0"},
				"down": {"uv": [2.75, 4.5, 1.5, 4.75], "texture": "#0"}
			}
		},
		{
			"from": [4.75, 7.75, 7],
			"to": [11.25, 8, 8.25],
			"faces": {
				"north": {"uv": [3.25, 4.75, 4.75, 5], "texture": "#0"},
				"east": {"uv": [3, 4.75, 3.25, 5], "texture": "#0"},
				"south": {"uv": [5, 4.75, 6.5, 5], "texture": "#0"},
				"west": {"uv": [4.75, 4.75, 5, 5], "texture": "#0"},
				"up": {"uv": [4.75, 4.75, 3.25, 4.5], "texture": "#0"},
				"down": {"uv": [6.25, 4.5, 4.75, 4.75], "texture": "#0"}
			}
		},
		{
			"from": [6, 7.5, 7],
			"to": [10, 7.75, 8.25],
			"faces": {
				"north": {"uv": [5.75, 5.5, 6.75, 5.75], "texture": "#0"},
				"east": {"uv": [5.5, 5.5, 5.75, 5.75], "texture": "#0"},
				"south": {"uv": [7, 5.5, 8, 5.75], "texture": "#0"},
				"west": {"uv": [6.75, 5.5, 7, 5.75], "texture": "#0"},
				"up": {"uv": [6.75, 5.5, 5.75, 5.25], "texture": "#0"},
				"down": {"uv": [7.75, 5.25, 6.75, 5.5], "texture": "#0"}
			}
		},
		{
			"from": [5.5, 14, 7],
			"to": [10.5, 14.25, 8.25],
			"faces": {
				"north": {"uv": [0.25, 5.5, 1.5, 5.75], "texture": "#0"},
				"east": {"uv": [0, 5.5, 0.25, 5.75], "texture": "#0"},
				"south": {"uv": [1.75, 5.5, 3, 5.75], "texture": "#0"},
				"west": {"uv": [1.5, 5.5, 1.75, 5.75], "texture": "#0"},
				"up": {"uv": [1.5, 5.5, 0.25, 5.25], "texture": "#0"},
				"down": {"uv": [2.75, 5.25, 1.5, 5.5], "texture": "#0"}
			}
		},
		{
			"from": [1.48959, 5.87868, 7],
			"to": [3.75, 12, 8.25],
			"rotation": {"angle": -22.5, "axis": "z", "origin": [7.5, 8, 8]},
			"faces": {
				"north": {"uv": [4.5, 5.75, 5, 7.25], "texture": "#0"},
				"east": {"uv": [4.25, 5.75, 4.5, 7.25], "texture": "#0"},
				"south": {"uv": [8.25, 0.75, 9, 1], "texture": "#0"},
				"west": {"uv": [5, 5.75, 5.25, 7.25], "texture": "#0"},
				"up": {"uv": [5, 5.75, 4.5, 5.5], "texture": "#0"},
				"down": {"uv": [5.5, 5.5, 5, 5.75], "texture": "#0"}
			}
		},
		{
			"from": [12.25, 5.87868, 7],
			"to": [14.51041, 12, 8.25],
			"rotation": {"angle": 22.5, "axis": "z", "origin": [8.5, 8, 8]},
			"faces": {
				"north": {"uv": [5, 5.75, 4.5, 7.25], "texture": "#0"},
				"east": {"uv": [5.25, 5.75, 5, 7.25], "texture": "#0"},
				"south": {"uv": [9, 0.75, 8.25, 1], "texture": "#0"},
				"west": {"uv": [4.5, 5.75, 4.25, 7.25], "texture": "#0"},
				"up": {"uv": [4.5, 5.75, 5, 5.5], "texture": "#0"},
				"down": {"uv": [5, 5.5, 5.5, 5.75], "texture": "#0"}
			}
		},
		{
			"from": [1.75, 9.5, 7],
			"to": [3.25, 10.75, 8.25],
			"rotation": {"angle": 22.5, "axis": "z", "origin": [7.5, 8, 8]},
			"faces": {
				"north": {"uv": [7.25, 2.25, 7.5, 2.5], "texture": "#0"},
				"east": {"uv": [7, 2.25, 7.25, 2.5], "texture": "#0"},
				"south": {"uv": [8.25, 0.75, 9, 1], "texture": "#0"},
				"west": {"uv": [7.5, 2.25, 7.75, 2.5], "texture": "#0"},
				"up": {"uv": [7.5, 2.25, 7.25, 2], "texture": "#0"},
				"down": {"uv": [7.75, 2, 7.5, 2.25], "texture": "#0"}
			}
		},
		{
			"from": [12.75, 9.5, 7],
			"to": [14.25, 10.75, 8.25],
			"rotation": {"angle": -22.5, "axis": "z", "origin": [8.5, 8, 8]},
			"faces": {
				"north": {"uv": [7.5, 2.25, 7.25, 2.5], "texture": "#0"},
				"east": {"uv": [7.75, 2.25, 7.5, 2.5], "texture": "#0"},
				"south": {"uv": [9, 0.75, 8.25, 1], "texture": "#0"},
				"west": {"uv": [7.25, 2.25, 7, 2.5], "texture": "#0"},
				"up": {"uv": [7.25, 2.25, 7.5, 2], "texture": "#0"},
				"down": {"uv": [7.5, 2, 7.75, 2.25], "texture": "#0"}
			}
		},
		{
			"from": [2.37348, 4.9948, 7],
			"to": [6, 6.5, 8.25],
			"rotation": {"angle": -22.5, "axis": "z", "origin": [7.5, 8, 8]},
			"faces": {
				"north": {"uv": [7, 6.5, 7.75, 6.75], "texture": "#0"},
				"east": {"uv": [6.75, 6.5, 7, 6.75], "texture": "#0"},
				"south": {"uv": [8.25, 0.75, 9, 1], "texture": "#0"},
				"west": {"uv": [7.75, 6.5, 8, 6.75], "texture": "#0"},
				"up": {"uv": [7.75, 6.5, 7, 6.25], "texture": "#0"},
				"down": {"uv": [8.5, 6.25, 7.75, 6.5], "texture": "#0"}
			}
		},
		{
			"from": [10, 4.9948, 7],
			"to": [13.62652, 6.5, 8.25],
			"rotation": {"angle": 22.5, "axis": "z", "origin": [8.5, 8, 8]},
			"faces": {
				"north": {"uv": [7.75, 6.5, 7, 6.75], "texture": "#0"},
				"east": {"uv": [8, 6.5, 7.75, 6.75], "texture": "#0"},
				"south": {"uv": [9, 0.75, 8.25, 1], "texture": "#0"},
				"west": {"uv": [7, 6.5, 6.75, 6.75], "texture": "#0"},
				"up": {"uv": [7, 6.5, 7.75, 6.25], "texture": "#0"},
				"down": {"uv": [7.75, 6.25, 8.5, 6.5], "texture": "#0"}
			}
		},
		{
			"from": [6.15929, 14.52214, 7],
			"to": [9.16672, 15.02921, 8.25],
			"rotation": {"angle": 22.5, "axis": "z", "origin": [7.41672, 7.77214, 7.74975]},
			"faces": {
				"north": {"uv": [7.25, 0.75, 8, 1], "texture": "#0"},
				"east": {"uv": [7, 0.75, 7.25, 1], "texture": "#0"},
				"south": {"uv": [8.25, 0.75, 9, 1], "texture": "#0"},
				"west": {"uv": [8, 0.75, 8.25, 1], "texture": "#0"},
				"up": {"uv": [8, 0.75, 7.25, 0.5], "texture": "#0"},
				"down": {"uv": [8.75, 0.5, 8, 0.75], "texture": "#0"}
			}
		},
		{
			"from": [6.83328, 14.52214, 7],
			"to": [9.84071, 15.02921, 8.25],
			"rotation": {"angle": -22.5, "axis": "z", "origin": [8.58328, 7.77214, 7.74975]},
			"faces": {
				"north": {"uv": [8, 0.75, 7.25, 1], "texture": "#0"},
				"east": {"uv": [8.25, 0.75, 8, 1], "texture": "#0"},
				"south": {"uv": [9, 0.75, 8.25, 1], "texture": "#0"},
				"west": {"uv": [7.25, 0.75, 7, 1], "texture": "#0"},
				"up": {"uv": [7.25, 0.75, 8, 0.5], "texture": "#0"},
				"down": {"uv": [8, 0.5, 8.75, 0.75], "texture": "#0"}
			}
		},
		{
			"from": [4.96414, 5.79758, 7],
			"to": [5.75, 7.5, 8.25],
			"faces": {
				"north": {"uv": [2.25, 7.25, 2.5, 7.5], "texture": "#0"},
				"east": {"uv": [2, 7.25, 2.25, 7.5], "texture": "#0"},
				"south": {"uv": [8.25, 0.75, 9, 1], "texture": "#0"},
				"west": {"uv": [2.5, 7.25, 2.75, 7.5], "texture": "#0"},
				"up": {"uv": [2.5, 7.25, 2.25, 7], "texture": "#0"},
				"down": {"uv": [2.75, 7, 2.5, 7.25], "texture": "#0"}
			}
		},
		{
			"from": [10.25, 5.79758, 7],
			"to": [11.03586, 7.5, 8.25],
			"faces": {
				"north": {"uv": [2.5, 7.25, 2.25, 7.5], "texture": "#0"},
				"east": {"uv": [2.75, 7.25, 2.5, 7.5], "texture": "#0"},
				"south": {"uv": [9, 0.75, 8.25, 1], "texture": "#0"},
				"west": {"uv": [2.25, 7.25, 2, 7.5], "texture": "#0"},
				"up": {"uv": [2.25, 7.25, 2.5, 7], "texture": "#0"},
				"down": {"uv": [2.5, 7, 2.75, 7.25], "texture": "#0"}
			}
		},
		{
			"from": [4.75, 10.5, 7],
			"to": [5.24595, 11.35675, 8.25],
			"rotation": {"angle": -45, "axis": "z", "origin": [5.24412, 10.99671, 7.63417]},
			"faces": {
				"north": {"uv": [4.75, 8, 5, 8.25], "texture": "#0"},
				"east": {"uv": [4.5, 8, 4.75, 8.25], "texture": "#0"},
				"south": {"uv": [8.25, 0.75, 9, 1], "texture": "#0"},
				"west": {"uv": [5, 8, 5.25, 8.25], "texture": "#0"},
				"up": {"uv": [5, 8, 4.75, 7.75], "texture": "#0"},
				"down": {"uv": [5.25, 7.75, 5, 8], "texture": "#0"}
			}
		},
		{
			"from": [6.75405, 10.5, 7],
			"to": [7.25, 11.35675, 8.25],
			"rotation": {"angle": 45, "axis": "z", "origin": [6.75588, 10.99671, 7.63417]},
			"faces": {
				"north": {"uv": [5, 8, 4.75, 8.25], "texture": "#0"},
				"east": {"uv": [5.25, 8, 5, 8.25], "texture": "#0"},
				"south": {"uv": [9, 0.75, 8.25, 1], "texture": "#0"},
				"west": {"uv": [4.75, 8, 4.5, 8.25], "texture": "#0"},
				"up": {"uv": [4.75, 8, 5, 7.75], "texture": "#0"},
				"down": {"uv": [5, 7.75, 5.25, 8], "texture": "#0"}
			}
		},
		{
			"from": [10.75405, 10.5, 7],
			"to": [11.25, 11.35675, 8.25],
			"rotation": {"angle": 45, "axis": "z", "origin": [10.75588, 10.99671, 7.63417]},
			"faces": {
				"north": {"uv": [5, 8, 4.75, 8.25], "texture": "#0"},
				"east": {"uv": [5.25, 8, 5, 8.25], "texture": "#0"},
				"south": {"uv": [9, 0.75, 8.25, 1], "texture": "#0"},
				"west": {"uv": [4.75, 8, 4.5, 8.25], "texture": "#0"},
				"up": {"uv": [4.75, 8, 5, 7.75], "texture": "#0"},
				"down": {"uv": [5, 7.75, 5.25, 8], "texture": "#0"}
			}
		},
		{
			"from": [8.75, 10.5, 7],
			"to": [9.24595, 11.35675, 8.25],
			"rotation": {"angle": -45, "axis": "z", "origin": [9.24412, 10.99671, 7.63417]},
			"faces": {
				"north": {"uv": [4.75, 8, 5, 8.25], "texture": "#0"},
				"east": {"uv": [4.5, 8, 4.75, 8.25], "texture": "#0"},
				"south": {"uv": [8.25, 0.75, 9, 1], "texture": "#0"},
				"west": {"uv": [5, 8, 5.25, 8.25], "texture": "#0"},
				"up": {"uv": [5, 8, 4.75, 7.75], "texture": "#0"},
				"down": {"uv": [5.25, 7.75, 5, 8], "texture": "#0"}
			}
		},
		{
			"from": [5, 12.77096, 7],
			"to": [5.51141, 13.75, 8.25],
			"rotation": {"angle": 45, "axis": "z", "origin": [9.75588, 10.99671, 7.63417]},
			"faces": {
				"north": {"uv": [7.75, 4.25, 8, 4.5], "texture": "#0"},
				"east": {"uv": [7.5, 4.25, 7.75, 4.5], "texture": "#0"},
				"south": {"uv": [8.25, 0.75, 9, 1], "texture": "#0"},
				"west": {"uv": [8, 4.25, 8.25, 4.5], "texture": "#0"},
				"up": {"uv": [8, 4.25, 7.75, 4], "texture": "#0"},
				"down": {"uv": [8.25, 4, 8, 4.25], "texture": "#0"}
			}
		},
		{
			"from": [6.48859, 12.77096, 7],
			"to": [7, 13.75, 8.25],
			"rotation": {"angle": -45, "axis": "z", "origin": [2.24412, 10.99671, 7.63417]},
			"faces": {
				"north": {"uv": [8, 4.25, 7.75, 4.5], "texture": "#0"},
				"east": {"uv": [8.25, 4.25, 8, 4.5], "texture": "#0"},
				"south": {"uv": [9, 0.75, 8.25, 1], "texture": "#0"},
				"west": {"uv": [7.75, 4.25, 7.5, 4.5], "texture": "#0"},
				"up": {"uv": [7.75, 4.25, 8, 4], "texture": "#0"},
				"down": {"uv": [8, 4, 8.25, 4.25], "texture": "#0"}
			}
		},
		{
			"from": [10.48859, 12.77096, 7],
			"to": [11, 13.75, 8.25],
			"rotation": {"angle": -45, "axis": "z", "origin": [6.24412, 10.99671, 7.63417]},
			"faces": {
				"north": {"uv": [8, 4.25, 7.75, 4.5], "texture": "#0"},
				"east": {"uv": [8.25, 4.25, 8, 4.5], "texture": "#0"},
				"south": {"uv": [9, 0.75, 8.25, 1], "texture": "#0"},
				"west": {"uv": [7.75, 4.25, 7.5, 4.5], "texture": "#0"},
				"up": {"uv": [7.75, 4.25, 8, 4], "texture": "#0"},
				"down": {"uv": [8, 4, 8.25, 4.25], "texture": "#0"}
			}
		},
		{
			"from": [9, 12.77096, 7],
			"to": [9.51141, 13.75, 8.25],
			"rotation": {"angle": 45, "axis": "z", "origin": [13.75588, 10.99671, 7.63417]},
			"faces": {
				"north": {"uv": [7.75, 4.25, 8, 4.5], "texture": "#0"},
				"east": {"uv": [7.5, 4.25, 7.75, 4.5], "texture": "#0"},
				"south": {"uv": [8.25, 0.75, 9, 1], "texture": "#0"},
				"west": {"uv": [8, 4.25, 8.25, 4.5], "texture": "#0"},
				"up": {"uv": [8, 4.25, 7.75, 4], "texture": "#0"},
				"down": {"uv": [8.25, 4, 8, 4.25], "texture": "#0"}
			}
		}
	],
	"display": {
		"ground": {
			"scale": [1.7, 1.7, 1.7]
		},
		"gui": {
			"rotation": [-16, 27, 0],
			"translation": [0, -1.5, 0]
		}
	},
	"groups": [
		{
			"name": "group",
			"origin": [8, 8, 8],
			"children": [0, 1, 2, 3, 4, 5, 6, 7, 8, 9, 10, 11, 12,
				{
					"name": "group",
					"origin": [8, 8, 8],
					"children": [13, 14, 15, 16, 17, 18, 19, 20]
				},
				{
					"name": "group",
					"origin": [8, 8, 8],
					"children": [21, 22]
				},
				{
					"name": "group",
					"origin": [5.74412, 10.99671, 7.63417],
					"children": [23, 24, 25, 26, 27, 28, 29, 30]
				},
				{
					"name": "group",
					"origin": [5.74412, 10.99671, 7.63417],
					"children": []
				}
			]
		}
	]
}