{
	"credit": "Made with Blockbench",
	"textures": {
		"0": "item/misc/minecoin",
		"particle": "item/misc/minecoin"
	},
	"elements": [
		{
			"from": [0, 8, 7],
			"to": [1, 11, 10],
			"faces": {
				"north": {"uv": [3.5, 11.25, 3.75, 12], "texture": "#0"},
				"east": {"uv": [2.75, 11.25, 3.5, 12], "texture": "#0"},
				"south": {"uv": [4.5, 11.25, 4.75, 12], "texture": "#0"},
				"west": {"uv": [3.75, 11.25, 4.5, 12], "texture": "#0"},
				"up": {"uv": [3.75, 11.25, 3.5, 10.5], "texture": "#0"},
				"down": {"uv": [4, 10.5, 3.75, 11.25], "texture": "#0"}
			}
		},
		{
			"from": [14.08202, 8, 7],
			"to": [15.08202, 11, 10],
			"faces": {
				"north": {"uv": [2.25, 10.5, 2.5, 11.25], "texture": "#0"},
				"east": {"uv": [1.5, 10.5, 2.25, 11.25], "texture": "#0"},
				"south": {"uv": [3.25, 10.5, 3.5, 11.25], "texture": "#0"},
				"west": {"uv": [2.5, 10.5, 3.25, 11.25], "texture": "#0"},
				"up": {"uv": [2.5, 10.5, 2.25, 9.75], "texture": "#0"},
				"down": {"uv": [2.75, 9.75, 2.5, 10.5], "texture": "#0"}
			}
		},
		{
			"from": [-0.84149, 10.76956, 7],
			"to": [0.15851, 13.76956, 10],
			"rotation": {"angle": -22.5, "axis": "z", "origin": [0.15851, 8.76956, 8]},
			"faces": {
				"north": {"uv": [11, 4, 11.25, 4.75], "texture": "#0"},
				"east": {"uv": [10.25, 4, 11, 4.75], "texture": "#0"},
				"south": {"uv": [12, 4, 12.25, 4.75], "texture": "#0"},
				"west": {"uv": [11.25, 4, 12, 4.75], "texture": "#0"},
				"up": {"uv": [11.25, 4, 11, 3.25], "texture": "#0"},
				"down": {"uv": [11.5, 3.25, 11.25, 4], "texture": "#0"}
			}
		},
		{
			"from": [-0.84149, 5.23044, 7],
			"to": [0.15851, 8.23044, 10],
			"rotation": {"angle": 22.5, "axis": "z", "origin": [0.15851, 10.23044, 8]},
			"faces": {
				"north": {"uv": [9.75, 9.75, 10, 10.5], "texture": "#0"},
				"east": {"uv": [9, 9.75, 9.75, 10.5], "texture": "#0"},
				"south": {"uv": [10.75, 9.75, 11, 10.5], "texture": "#0"},
				"west": {"uv": [10, 9.75, 10.75, 10.5], "texture": "#0"},
				"up": {"uv": [10, 9.75, 9.75, 9], "texture": "#0"},
				"down": {"uv": [10.25, 9, 10, 9.75], "texture": "#0"}
			}
		},
		{
			"from": [14.92351, 10.76956, 7],
			"to": [15.92351, 13.76956, 10],
			"rotation": {"angle": 22.5, "axis": "z", "origin": [14.92351, 8.76956, 8]},
			"faces": {
				"north": {"uv": [10.5, 2.5, 10.75, 3.25], "texture": "#0"},
				"east": {"uv": [9.75, 2.5, 10.5, 3.25], "texture": "#0"},
				"south": {"uv": [11.5, 2.5, 11.75, 3.25], "texture": "#0"},
				"west": {"uv": [10.75, 2.5, 11.5, 3.25], "texture": "#0"},
				"up": {"uv": [10.75, 2.5, 10.5, 1.75], "texture": "#0"},
				"down": {"uv": [11, 1.75, 10.75, 2.5], "texture": "#0"}
			}
		},
		{
			"from": [14.92351, 5.23044, 7],
			"to": [15.92351, 8.23044, 10],
			"rotation": {"angle": -22.5, "axis": "z", "origin": [14.92351, 10.23044, 8]},
			"faces": {
				"north": {"uv": [10.25, 8.25, 10.5, 9], "texture": "#0"},
				"east": {"uv": [9.5, 8.25, 10.25, 9], "texture": "#0"},
				"south": {"uv": [11.25, 8.25, 11.5, 9], "texture": "#0"},
				"west": {"uv": [10.5, 8.25, 11.25, 9], "texture": "#0"},
				"up": {"uv": [10.5, 8.25, 10.25, 7.5], "texture": "#0"},
				"down": {"uv": [10.75, 7.5, 10.5, 8.25], "texture": "#0"}
			}
		},
		{
			"from": [-4.09459, 15.11478, 7],
			"to": [-3.09459, 18.11478, 10],
			"rotation": {"angle": -45, "axis": "z", "origin": [-3.09459, 8.11478, 8]},
			"faces": {
				"north": {"uv": [11, 11, 11.25, 11.75], "texture": "#0"},
				"east": {"uv": [10.25, 11, 11, 11.75], "texture": "#0"},
				"south": {"uv": [12, 11, 12.25, 11.75], "texture": "#0"},
				"west": {"uv": [11.25, 11, 12, 11.75], "texture": "#0"},
				"up": {"uv": [11.25, 11, 11, 10.25], "texture": "#0"},
				"down": {"uv": [11.5, 10.25, 11.25, 11], "texture": "#0"}
			}
		},
		{
			"from": [-4.09459, 0.88522, 7],
			"to": [-3.09459, 3.88522, 10],
			"rotation": {"angle": 45, "axis": "z", "origin": [-3.09459, 10.88522, 8]},
			"faces": {
				"north": {"uv": [6.5, 10.25, 6.75, 11], "texture": "#0"},
				"east": {"uv": [5.75, 10.25, 6.5, 11], "texture": "#0"},
				"south": {"uv": [7.5, 10.25, 7.75, 11], "texture": "#0"},
				"west": {"uv": [6.75, 10.25, 7.5, 11], "texture": "#0"},
				"up": {"uv": [6.75, 10.25, 6.5, 9.5], "texture": "#0"},
				"down": {"uv": [7, 9.5, 6.75, 10.25], "texture": "#0"}
			}
		},
		{
			"from": [18.17661, 15.11478, 7],
			"to": [19.17661, 18.11478, 10],
			"rotation": {"angle": 45, "axis": "z", "origin": [18.17661, 8.11478, 8]},
			"faces": {
				"north": {"uv": [7.75, 11, 8, 11.75], "texture": "#0"},
				"east": {"uv": [7, 11, 7.75, 11.75], "texture": "#0"},
				"south": {"uv": [8.75, 11, 9, 11.75], "texture": "#0"},
				"west": {"uv": [8, 11, 8.75, 11.75], "texture": "#0"},
				"up": {"uv": [8, 11, 7.75, 10.25], "texture": "#0"},
				"down": {"uv": [8.25, 10.25, 8, 11], "texture": "#0"}
			}
		},
		{
			"from": [18.17661, 0.88522, 7],
			"to": [19.17661, 3.88522, 10],
			"rotation": {"angle": -45, "axis": "z", "origin": [18.17661, 10.88522, 8]},
			"faces": {
				"north": {"uv": [10.25, 6.75, 10.5, 7.5], "texture": "#0"},
				"east": {"uv": [9.5, 6.75, 10.25, 7.5], "texture": "#0"},
				"south": {"uv": [11.25, 6.75, 11.5, 7.5], "texture": "#0"},
				"west": {"uv": [10.5, 6.75, 11.25, 7.5], "texture": "#0"},
				"up": {"uv": [10.5, 6.75, 10.25, 6], "texture": "#0"},
				"down": {"uv": [10.75, 6, 10.5, 6.75], "texture": "#0"}
			}
		},
		{
			"from": [4.41326, 11.14225, 7],
			"to": [7.41326, 12.14225, 10],
			"rotation": {"angle": 22.5, "axis": "z", "origin": [-5.58674, 11.14225, 8]},
			"faces": {
				"north": {"uv": [5.25, 8.5, 6, 8.75], "texture": "#0"},
				"east": {"uv": [4.5, 8.5, 5.25, 8.75], "texture": "#0"},
				"south": {"uv": [6.75, 8.5, 7.5, 8.75], "texture": "#0"},
				"west": {"uv": [6, 8.5, 6.75, 8.75], "texture": "#0"},
				"up": {"uv": [6, 8.5, 5.25, 7.75], "texture": "#0"},
				"down": {"uv": [6.75, 7.75, 6, 8.5], "texture": "#0"}
			}
		},
		{
			"from": [4.41326, 6.85775, 7],
			"to": [7.41326, 7.85775, 10],
			"rotation": {"angle": -22.5, "axis": "z", "origin": [-5.58674, 7.85775, 8]},
			"faces": {
				"north": {"uv": [0.75, 7.5, 1.5, 7.75], "texture": "#0"},
				"east": {"uv": [0, 7.5, 0.75, 7.75], "texture": "#0"},
				"south": {"uv": [2.25, 7.5, 3, 7.75], "texture": "#0"},
				"west": {"uv": [1.5, 7.5, 2.25, 7.75], "texture": "#0"},
				"up": {"uv": [1.5, 7.5, 0.75, 6.75], "texture": "#0"},
				"down": {"uv": [2.25, 6.75, 1.5, 7.5], "texture": "#0"}
			}
		},
		{
			"from": [7.66876, 11.14225, 7],
			"to": [10.66876, 12.14225, 10],
			"rotation": {"angle": -22.5, "axis": "z", "origin": [20.66876, 11.14225, 8]},
			"faces": {
				"north": {"uv": [3, 8.25, 3.75, 8.5], "texture": "#0"},
				"east": {"uv": [2.25, 8.25, 3, 8.5], "texture": "#0"},
				"south": {"uv": [4.5, 8.25, 5.25, 8.5], "texture": "#0"},
				"west": {"uv": [3.75, 8.25, 4.5, 8.5], "texture": "#0"},
				"up": {"uv": [3.75, 8.25, 3, 7.5], "texture": "#0"},
				"down": {"uv": [4.5, 7.5, 3.75, 8.25], "texture": "#0"}
			}
		},
		{
			"from": [7.66876, 6.85775, 7],
			"to": [10.66876, 7.85775, 10],
			"rotation": {"angle": 22.5, "axis": "z", "origin": [20.66876, 7.85775, 8]},
			"faces": {
				"north": {"uv": [8, 3.25, 8.75, 3.5], "texture": "#0"},
				"east": {"uv": [7.25, 3.25, 8, 3.5], "texture": "#0"},
				"south": {"uv": [9.5, 3.25, 10.25, 3.5], "texture": "#0"},
				"west": {"uv": [8.75, 3.25, 9.5, 3.5], "texture": "#0"},
				"up": {"uv": [8.75, 3.25, 8, 2.5], "texture": "#0"},
				"down": {"uv": [9.5, 2.5, 8.75, 3.25], "texture": "#0"}
			}
		},
		{
			"from": [6.04101, 16.04101, 7],
			"to": [9.04101, 17.04101, 10],
			"faces": {
				"north": {"uv": [0.75, 8.5, 1.5, 8.75], "texture": "#0"},
				"east": {"uv": [0, 8.5, 0.75, 8.75], "texture": "#0"},
				"south": {"uv": [2.25, 8.5, 3, 8.75], "texture": "#0"},
				"west": {"uv": [1.5, 8.5, 2.25, 8.75], "texture": "#0"},
				"up": {"uv": [1.5, 8.5, 0.75, 7.75], "texture": "#0"},
				"down": {"uv": [2.25, 7.75, 1.5, 8.5], "texture": "#0"}
			}
		},
		{
			"from": [6.04101, 1.95899, 7],
			"to": [9.04101, 2.95899, 10],
			"faces": {
				"north": {"uv": [8, 8, 8.75, 8.25], "texture": "#0"},
				"east": {"uv": [7.25, 8, 8, 8.25], "texture": "#0"},
				"south": {"uv": [9.5, 8, 10.25, 8.25], "texture": "#0"},
				"west": {"uv": [8.75, 8, 9.5, 8.25], "texture": "#0"},
				"up": {"uv": [8.75, 8, 8, 7.25], "texture": "#0"},
				"down": {"uv": [9.5, 7.25, 8.75, 8], "texture": "#0"}
			}
		},
		{
			"from": [1, 6, 9],
			"to": [8, 13, 9.5],
			"faces": {
				"north": {"uv": [0.25, 5, 2, 6.75], "texture": "#0"},
				"east": {"uv": [0, 5, 0.25, 6.75], "texture": "#0"},
				"south": {"uv": [2.25, 5, 4, 6.75], "texture": "#0"},
				"west": {"uv": [2, 5, 2.25, 6.75], "texture": "#0"},
				"up": {"uv": [2, 5, 0.25, 4.75], "texture": "#0"},
				"down": {"uv": [3.75, 4.75, 2, 5], "texture": "#0"}
			}
		},
		{
			"from": [7.2, 6, 9],
			"to": [14.2, 13, 9.5],
			"faces": {
				"north": {"uv": [4.25, 1.5, 6, 3.25], "texture": "#0"},
				"east": {"uv": [4, 1.5, 4.25, 3.25], "texture": "#0"},
				"south": {"uv": [6.25, 1.5, 8, 3.25], "texture": "#0"},
				"west": {"uv": [6, 1.5, 6.25, 3.25], "texture": "#0"},
				"up": {"uv": [6, 1.5, 4.25, 1.25], "texture": "#0"},
				"down": {"uv": [7.75, 1.25, 6, 1.5], "texture": "#0"}
			}
		},
		{
			"from": [4, 12, 9],
			"to": [11, 16, 9.5],
			"faces": {
				"north": {"uv": [4.25, 6.5, 6, 7.5], "texture": "#0"},
				"east": {"uv": [4, 6.5, 4.25, 7.5], "texture": "#0"},
				"south": {"uv": [6.25, 6.5, 8, 7.5], "texture": "#0"},
				"west": {"uv": [6, 6.5, 6.25, 7.5], "texture": "#0"},
				"up": {"uv": [6, 6.5, 4.25, 6.25], "texture": "#0"},
				"down": {"uv": [7.75, 6.25, 6, 6.5], "texture": "#0"}
			}
		},
		{
			"from": [4, 3, 9],
			"to": [11, 7, 9.5],
			"faces": {
				"north": {"uv": [4.25, 5.25, 6, 6.25], "texture": "#0"},
				"east": {"uv": [4, 5.25, 4.25, 6.25], "texture": "#0"},
				"south": {"uv": [6.25, 5.25, 8, 6.25], "texture": "#0"},
				"west": {"uv": [6, 5.25, 6.25, 6.25], "texture": "#0"},
				"up": {"uv": [6, 5.25, 4.25, 5], "texture": "#0"},
				"down": {"uv": [7.75, 5, 6, 5.25], "texture": "#0"}
			}
		},
		{
			"from": [5.94975, 13.63604, 9],
			"to": [9.94975, 17.63604, 9.5],
			"rotation": {"angle": 45, "axis": "z", "origin": [8.94975, 9.63604, 10]},
			"faces": {
				"north": {"uv": [11.75, 6.25, 12.75, 7.25], "texture": "#0"},
				"east": {"uv": [11.5, 6.25, 11.75, 7.25], "texture": "#0"},
				"south": {"uv": [13, 6.25, 14, 7.25], "texture": "#0"},
				"west": {"uv": [12.75, 6.25, 13, 7.25], "texture": "#0"},
				"up": {"uv": [12.75, 6.25, 11.75, 6], "texture": "#0"},
				"down": {"uv": [13.75, 6, 12.75, 6.25], "texture": "#0"}
			}
		},
		{
			"from": [5.94975, 1.36396, 9],
			"to": [9.94975, 5.36396, 9.5],
			"rotation": {"angle": -45, "axis": "z", "origin": [8.94975, 9.36396, 10]},
			"faces": {
				"north": {"uv": [10.75, 5, 11.75, 6], "texture": "#0"},
				"east": {"uv": [10.5, 5, 10.75, 6], "texture": "#0"},
				"south": {"uv": [12, 5, 13, 6], "texture": "#0"},
				"west": {"uv": [11.75, 5, 12, 6], "texture": "#0"},
				"up": {"uv": [11.75, 5, 10.75, 4.75], "texture": "#0"},
				"down": {"uv": [12.75, 4.75, 11.75, 5], "texture": "#0"}
			}
		},
		{
			"from": [5.05025, 12.63604, 9],
			"to": [9.05025, 16.63604, 9.5],
			"rotation": {"angle": -45, "axis": "z", "origin": [7.05025, 9.63604, 10]},
			"faces": {
				"north": {"uv": [5, 11.75, 6, 12.75], "texture": "#0"},
				"east": {"uv": [4.75, 11.75, 5, 12.75], "texture": "#0"},
				"south": {"uv": [6.25, 11.75, 7.25, 12.75], "texture": "#0"},
				"west": {"uv": [6, 11.75, 6.25, 12.75], "texture": "#0"},
				"up": {"uv": [6, 11.75, 5, 11.5], "texture": "#0"},
				"down": {"uv": [7, 11.5, 6, 11.75], "texture": "#0"}
			}
		},
		{
			"from": [5.05025, 2.36396, 9],
			"to": [9.05025, 6.36396, 9.5],
			"rotation": {"angle": 45, "axis": "z", "origin": [7.05025, 9.36396, 10]},
			"faces": {
				"north": {"uv": [0.25, 11.5, 1.25, 12.5], "texture": "#0"},
				"east": {"uv": [0, 11.5, 0.25, 12.5], "texture": "#0"},
				"south": {"uv": [1.5, 11.5, 2.5, 12.5], "texture": "#0"},
				"west": {"uv": [1.25, 11.5, 1.5, 12.5], "texture": "#0"},
				"up": {"uv": [1.25, 11.5, 0.25, 11.25], "texture": "#0"},
				"down": {"uv": [2.25, 11.25, 1.25, 11.5], "texture": "#0"}
			}
		},
		{
			"from": [1, 6, 7.5],
			"to": [8, 13, 9],
			"faces": {
				"north": {"uv": [0.25, 2.25, 2, 4], "texture": "#0"},
				"east": {"uv": [0, 2.25, 0.25, 4], "texture": "#0"},
				"south": {"uv": [2.25, 2.25, 4, 4], "texture": "#0"},
				"west": {"uv": [2, 2.25, 2.25, 4], "texture": "#0"},
				"up": {"uv": [2, 2.25, 0.25, 2], "texture": "#0"},
				"down": {"uv": [3.75, 2, 2, 2.25], "texture": "#0"}
			}
		},
		{
			"from": [7.2, 6, 7.5],
			"to": [14.2, 13, 9],
			"faces": {
				"north": {"uv": [0.25, 0.25, 2, 2], "texture": "#0"},
				"east": {"uv": [0, 0.25, 0.25, 2], "texture": "#0"},
				"south": {"uv": [2.25, 0.25, 4, 2], "texture": "#0"},
				"west": {"uv": [2, 0.25, 2.25, 2], "texture": "#0"},
				"up": {"uv": [2, 0.25, 0.25, 0], "texture": "#0"},
				"down": {"uv": [3.75, 0, 2, 0.25], "texture": "#0"}
			}
		},
		{
			"from": [4, 12, 7.5],
			"to": [11, 16, 9],
			"faces": {
				"north": {"uv": [4.25, 0.25, 6, 1.25], "texture": "#0"},
				"east": {"uv": [4, 0.25, 4.25, 1.25], "texture": "#0"},
				"south": {"uv": [6.25, 0.25, 8, 1.25], "texture": "#0"},
				"west": {"uv": [6, 0.25, 6.25, 1.25], "texture": "#0"},
				"up": {"uv": [6, 0.25, 4.25, 0], "texture": "#0"},
				"down": {"uv": [7.75, 0, 6, 0.25], "texture": "#0"}
			}
		},
		{
			"from": [4, 3, 7.5],
			"to": [11, 7, 9],
			"faces": {
				"north": {"uv": [4, 4, 5.75, 5], "texture": "#0"},
				"east": {"uv": [3.75, 4, 4, 5], "texture": "#0"},
				"south": {"uv": [6, 4, 7.75, 5], "texture": "#0"},
				"west": {"uv": [5.75, 4, 6, 5], "texture": "#0"},
				"up": {"uv": [5.75, 4, 4, 3.75], "texture": "#0"},
				"down": {"uv": [7.5, 3.75, 5.75, 4], "texture": "#0"}
			}
		},
		{
			"from": [5.94975, 13.63604, 7.5],
			"to": [9.94975, 17.63604, 9],
			"rotation": {"angle": 45, "axis": "z", "origin": [8.94975, 9.63604, 7]},
			"faces": {
				"north": {"uv": [8.25, 5, 9.25, 6], "texture": "#0"},
				"east": {"uv": [8, 5, 8.25, 6], "texture": "#0"},
				"south": {"uv": [9.5, 5, 10.5, 6], "texture": "#0"},
				"west": {"uv": [9.25, 5, 9.5, 6], "texture": "#0"},
				"up": {"uv": [9.25, 5, 8.25, 4.75], "texture": "#0"},
				"down": {"uv": [10.25, 4.75, 9.25, 5], "texture": "#0"}
			}
		},
		{
			"from": [5.94975, 1.36396, 7.5],
			"to": [9.94975, 5.36396, 9],
			"rotation": {"angle": -45, "axis": "z", "origin": [8.94975, 9.36396, 7]},
			"faces": {
				"north": {"uv": [8.25, 1.5, 9.25, 2.5], "texture": "#0"},
				"east": {"uv": [8, 1.5, 8.25, 2.5], "texture": "#0"},
				"south": {"uv": [9.5, 1.5, 10.5, 2.5], "texture": "#0"},
				"west": {"uv": [9.25, 1.5, 9.5, 2.5], "texture": "#0"},
				"up": {"uv": [9.25, 1.5, 8.25, 1.25], "texture": "#0"},
				"down": {"uv": [10.25, 1.25, 9.25, 1.5], "texture": "#0"}
			}
		},
		{
			"from": [5.05025, 12.63604, 7.5],
			"to": [9.05025, 16.63604, 9],
			"rotation": {"angle": -45, "axis": "z", "origin": [7.05025, 9.63604, 7]},
			"faces": {
				"north": {"uv": [8.25, 0.25, 9.25, 1.25], "texture": "#0"},
				"east": {"uv": [8, 0.25, 8.25, 1.25], "texture": "#0"},
				"south": {"uv": [9.5, 0.25, 10.5, 1.25], "texture": "#0"},
				"west": {"uv": [9.25, 0.25, 9.5, 1.25], "texture": "#0"},
				"up": {"uv": [9.25, 0.25, 8.25, 0], "texture": "#0"},
				"down": {"uv": [10.25, 0, 9.25, 0.25], "texture": "#0"}
			}
		},
		{
			"from": [5.05025, 2.36396, 7.5],
			"to": [9.05025, 6.36396, 9],
			"rotation": {"angle": 45, "axis": "z", "origin": [7.05025, 9.36396, 7]},
			"faces": {
				"north": {"uv": [8, 3.75, 9, 4.75], "texture": "#0"},
				"east": {"uv": [7.75, 3.75, 8, 4.75], "texture": "#0"},
				"south": {"uv": [9.25, 3.75, 10.25, 4.75], "texture": "#0"},
				"west": {"uv": [9, 3.75, 9.25, 4.75], "texture": "#0"},
				"up": {"uv": [9, 3.75, 8, 3.5], "texture": "#0"},
				"down": {"uv": [10, 3.5, 9, 3.75], "texture": "#0"}
			}
		},
		{
			"from": [6, 3.5, 9],
			"to": [9, 4, 10],
			"faces": {
				"north": {"uv": [11.25, 1.75, 12, 2], "texture": "#0"},
				"east": {"uv": [11, 1.75, 11.25, 2], "texture": "#0"},
				"south": {"uv": [12.25, 1.75, 13, 2], "texture": "#0"},
				"west": {"uv": [12, 1.75, 12.25, 2], "texture": "#0"},
				"up": {"uv": [12, 1.75, 11.25, 1.5], "texture": "#0"},
				"down": {"uv": [12.75, 1.5, 12, 1.75], "texture": "#0"}
			}
		},
		{
			"from": [7.96717, 3.69238, 9],
			"to": [9.96717, 4.19238, 10],
			"rotation": {"angle": 22.5, "axis": "z", "origin": [8.96717, 6.19238, 8]},
			"faces": {
				"north": {"uv": [11.75, 12, 12.25, 12.25], "texture": "#0"},
				"east": {"uv": [11.5, 12, 11.75, 12.25], "texture": "#0"},
				"south": {"uv": [12.5, 12, 13, 12.25], "texture": "#0"},
				"west": {"uv": [12.25, 12, 12.5, 12.25], "texture": "#0"},
				"up": {"uv": [12.25, 12, 11.75, 11.75], "texture": "#0"},
				"down": {"uv": [12.75, 11.75, 12.25, 12], "texture": "#0"}
			}
		},
		{
			"from": [7.96717, 14.80762, 9],
			"to": [9.96717, 15.30762, 10],
			"rotation": {"angle": -22.5, "axis": "z", "origin": [8.96717, 12.80762, 8]},
			"faces": {
				"north": {"uv": [11.75, 3.75, 12.25, 4], "texture": "#0"},
				"east": {"uv": [11.5, 3.75, 11.75, 4], "texture": "#0"},
				"south": {"uv": [12.5, 3.75, 13, 4], "texture": "#0"},
				"west": {"uv": [12.25, 3.75, 12.5, 4], "texture": "#0"},
				"up": {"uv": [12.25, 3.75, 11.75, 3.5], "texture": "#0"},
				"down": {"uv": [12.75, 3.5, 12.25, 3.75], "texture": "#0"}
			}
		},
		{
			"from": [5.03283, 3.69238, 9],
			"to": [7.03283, 4.19238, 10],
			"rotation": {"angle": -22.5, "axis": "z", "origin": [6.03283, 6.19238, 8]},
			"faces": {
				"north": {"uv": [7.5, 12, 8, 12.25], "texture": "#0"},
				"east": {"uv": [7.25, 12, 7.5, 12.25], "texture": "#0"},
				"south": {"uv": [8.25, 12, 8.75, 12.25], "texture": "#0"},
				"west": {"uv": [8, 12, 8.25, 12.25], "texture": "#0"},
				"up": {"uv": [8, 12, 7.5, 11.75], "texture": "#0"},
				"down": {"uv": [8.5, 11.75, 8, 12], "texture": "#0"}
			}
		},
		{
			"from": [5.03283, 14.80762, 9],
			"to": [7.03283, 15.30762, 10],
			"rotation": {"angle": 22.5, "axis": "z", "origin": [6.03283, 12.80762, 8]},
			"faces": {
				"north": {"uv": [11.75, 8.25, 12.25, 8.5], "texture": "#0"},
				"east": {"uv": [11.5, 8.25, 11.75, 8.5], "texture": "#0"},
				"south": {"uv": [12.5, 8.25, 13, 8.5], "texture": "#0"},
				"west": {"uv": [12.25, 8.25, 12.5, 8.5], "texture": "#0"},
				"up": {"uv": [12.25, 8.25, 11.75, 8], "texture": "#0"},
				"down": {"uv": [12.75, 8, 12.25, 8.25], "texture": "#0"}
			}
		},
		{
			"from": [9.49421, 4.53313, 9],
			"to": [11.49421, 5.03313, 10],
			"rotation": {"angle": 45, "axis": "z", "origin": [10.49421, 6.03313, 8]},
			"faces": {
				"north": {"uv": [10.25, 12, 10.75, 12.25], "texture": "#0"},
				"east": {"uv": [10, 12, 10.25, 12.25], "texture": "#0"},
				"south": {"uv": [11, 12, 11.5, 12.25], "texture": "#0"},
				"west": {"uv": [10.75, 12, 11, 12.25], "texture": "#0"},
				"up": {"uv": [10.75, 12, 10.25, 11.75], "texture": "#0"},
				"down": {"uv": [11.25, 11.75, 10.75, 12], "texture": "#0"}
			}
		},
		{
			"from": [9.49421, 13.96687, 9],
			"to": [11.49421, 14.46687, 10],
			"rotation": {"angle": -45, "axis": "z", "origin": [10.49421, 12.96687, 8]},
			"faces": {
				"north": {"uv": [11.75, 3.25, 12.25, 3.5], "texture": "#0"},
				"east": {"uv": [11.5, 3.25, 11.75, 3.5], "texture": "#0"},
				"south": {"uv": [12.5, 3.25, 13, 3.5], "texture": "#0"},
				"west": {"uv": [12.25, 3.25, 12.5, 3.5], "texture": "#0"},
				"up": {"uv": [12.25, 3.25, 11.75, 3], "texture": "#0"},
				"down": {"uv": [12.75, 3, 12.25, 3.25], "texture": "#0"}
			}
		},
		{
			"from": [3.50579, 4.53313, 9],
			"to": [5.50579, 5.03313, 10],
			"rotation": {"angle": -45, "axis": "z", "origin": [4.50579, 6.03313, 8]},
			"faces": {
				"north": {"uv": [11.75, 10.5, 12.25, 10.75], "texture": "#0"},
				"east": {"uv": [11.5, 10.5, 11.75, 10.75], "texture": "#0"},
				"south": {"uv": [12.5, 10.5, 13, 10.75], "texture": "#0"},
				"west": {"uv": [12.25, 10.5, 12.5, 10.75], "texture": "#0"},
				"up": {"uv": [12.25, 10.5, 11.75, 10.25], "texture": "#0"},
				"down": {"uv": [12.75, 10.25, 12.25, 10.5], "texture": "#0"}
			}
		},
		{
			"from": [3.50579, 13.96687, 9],
			"to": [5.50579, 14.46687, 10],
			"rotation": {"angle": 45, "axis": "z", "origin": [4.50579, 12.96687, 8]},
			"faces": {
				"north": {"uv": [11.75, 8.75, 12.25, 9], "texture": "#0"},
				"east": {"uv": [11.5, 8.75, 11.75, 9], "texture": "#0"},
				"south": {"uv": [12.5, 8.75, 13, 9], "texture": "#0"},
				"west": {"uv": [12.25, 8.75, 12.5, 9], "texture": "#0"},
				"up": {"uv": [12.25, 8.75, 11.75, 8.5], "texture": "#0"},
				"down": {"uv": [12.75, 8.5, 12.25, 8.75], "texture": "#0"}
			}
		},
		{
			"from": [13, 8, 9],
			"to": [13.5, 11, 10],
			"faces": {
				"north": {"uv": [8.75, 12.25, 9, 13], "texture": "#0"},
				"east": {"uv": [8.5, 12.25, 8.75, 13], "texture": "#0"},
				"south": {"uv": [9.25, 12.25, 9.5, 13], "texture": "#0"},
				"west": {"uv": [9, 12.25, 9.25, 13], "texture": "#0"},
				"up": {"uv": [9, 12.25, 8.75, 12], "texture": "#0"},
				"down": {"uv": [9.25, 12, 9, 12.25], "texture": "#0"}
			}
		},
		{
			"from": [12.6533, 8.257, 9],
			"to": [13.1533, 10.257, 10],
			"rotation": {"angle": -22.5, "axis": "z", "origin": [7.6533, 8.257, 8]},
			"faces": {
				"north": {"uv": [13, 7.5, 13.25, 8], "texture": "#0"},
				"east": {"uv": [12.75, 7.5, 13, 8], "texture": "#0"},
				"south": {"uv": [13.5, 7.5, 13.75, 8], "texture": "#0"},
				"west": {"uv": [13.25, 7.5, 13.5, 8], "texture": "#0"},
				"up": {"uv": [13.25, 7.5, 13, 7.25], "texture": "#0"},
				"down": {"uv": [13.5, 7.25, 13.25, 7.5], "texture": "#0"}
			}
		},
		{
			"from": [12.6533, 8.743, 9],
			"to": [13.1533, 10.743, 10],
			"rotation": {"angle": 22.5, "axis": "z", "origin": [7.6533, 10.743, 8]},
			"faces": {
				"north": {"uv": [0.25, 12.75, 0.5, 13.25], "texture": "#0"},
				"east": {"uv": [0, 12.75, 0.25, 13.25], "texture": "#0"},
				"south": {"uv": [0.75, 12.75, 1, 13.25], "texture": "#0"},
				"west": {"uv": [0.5, 12.75, 0.75, 13.25], "texture": "#0"},
				"up": {"uv": [0.5, 12.75, 0.25, 12.5], "texture": "#0"},
				"down": {"uv": [0.75, 12.5, 0.5, 12.75], "texture": "#0"}
			}
		},
		{
			"from": [1.8467, 8.257, 9],
			"to": [2.3467, 10.257, 10],
			"rotation": {"angle": 22.5, "axis": "z", "origin": [7.3467, 8.257, 8]},
			"faces": {
				"north": {"uv": [4.5, 13, 4.75, 13.5], "texture": "#0"},
				"east": {"uv": [4.25, 13, 4.5, 13.5], "texture": "#0"},
				"south": {"uv": [5, 13, 5.25, 13.5], "texture": "#0"},
				"west": {"uv": [4.75, 13, 5, 13.5], "texture": "#0"},
				"up": {"uv": [4.75, 13, 4.5, 12.75], "texture": "#0"},
				"down": {"uv": [5, 12.75, 4.75, 13], "texture": "#0"}
			}
		},
		{
			"from": [1.8467, 8.743, 9],
			"to": [2.3467, 10.743, 10],
			"rotation": {"angle": -22.5, "axis": "z", "origin": [7.3467, 10.743, 8]},
			"faces": {
				"north": {"uv": [12.75, 9.75, 13, 10.25], "texture": "#0"},
				"east": {"uv": [12.5, 9.75, 12.75, 10.25], "texture": "#0"},
				"south": {"uv": [13.25, 9.75, 13.5, 10.25], "texture": "#0"},
				"west": {"uv": [13, 9.75, 13.25, 10.25], "texture": "#0"},
				"up": {"uv": [13, 9.75, 12.75, 9.5], "texture": "#0"},
				"down": {"uv": [13.25, 9.5, 13, 9.75], "texture": "#0"}
			}
		},
		{
			"from": [12.43133, 8.62711, 9],
			"to": [12.93133, 10.62711, 10],
			"rotation": {"angle": -45, "axis": "z", "origin": [7.43133, 8.62711, 8]},
			"faces": {
				"north": {"uv": [6.5, 13, 6.75, 13.5], "texture": "#0"},
				"east": {"uv": [6.25, 13, 6.5, 13.5], "texture": "#0"},
				"south": {"uv": [7, 13, 7.25, 13.5], "texture": "#0"},
				"west": {"uv": [6.75, 13, 7, 13.5], "texture": "#0"},
				"up": {"uv": [6.75, 13, 6.5, 12.75], "texture": "#0"},
				"down": {"uv": [7, 12.75, 6.75, 13], "texture": "#0"}
			}
		},
		{
			"from": [12.43133, 8.37289, 9],
			"to": [12.93133, 10.37289, 10],
			"rotation": {"angle": 45, "axis": "z", "origin": [7.43133, 10.37289, 8]},
			"faces": {
				"north": {"uv": [1.25, 12.75, 1.5, 13.25], "texture": "#0"},
				"east": {"uv": [1, 12.75, 1.25, 13.25], "texture": "#0"},
				"south": {"uv": [1.75, 12.75, 2, 13.25], "texture": "#0"},
				"west": {"uv": [1.5, 12.75, 1.75, 13.25], "texture": "#0"},
				"up": {"uv": [1.5, 12.75, 1.25, 12.5], "texture": "#0"},
				"down": {"uv": [1.75, 12.5, 1.5, 12.75], "texture": "#0"}
			}
		},
		{
			"from": [2.06867, 8.62711, 9],
			"to": [2.56867, 10.62711, 10],
			"rotation": {"angle": 45, "axis": "z", "origin": [7.56867, 8.62711, 8]},
			"faces": {
				"north": {"uv": [5.5, 13, 5.75, 13.5], "texture": "#0"},
				"east": {"uv": [5.25, 13, 5.5, 13.5], "texture": "#0"},
				"south": {"uv": [6, 13, 6.25, 13.5], "texture": "#0"},
				"west": {"uv": [5.75, 13, 6, 13.5], "texture": "#0"},
				"up": {"uv": [5.75, 13, 5.5, 12.75], "texture": "#0"},
				"down": {"uv": [6, 12.75, 5.75, 13], "texture": "#0"}
			}
		},
		{
			"from": [2.06867, 8.37289, 9],
			"to": [2.56867, 10.37289, 10],
			"rotation": {"angle": -45, "axis": "z", "origin": [7.56867, 10.37289, 8]},
			"faces": {
				"north": {"uv": [12.75, 12.75, 13, 13.25], "texture": "#0"},
				"east": {"uv": [12.5, 12.75, 12.75, 13.25], "texture": "#0"},
				"south": {"uv": [13.25, 12.75, 13.5, 13.25], "texture": "#0"},
				"west": {"uv": [13, 12.75, 13.25, 13.25], "texture": "#0"},
				"up": {"uv": [13, 12.75, 12.75, 12.5], "texture": "#0"},
				"down": {"uv": [13.25, 12.5, 13, 12.75], "texture": "#0"}
			}
		},
		{
			"from": [6, 15, 9],
			"to": [9, 15.5, 10],
			"faces": {
				"north": {"uv": [11, 7.75, 11.75, 8], "texture": "#0"},
				"east": {"uv": [10.75, 7.75, 11, 8], "texture": "#0"},
				"south": {"uv": [12, 7.75, 12.75, 8], "texture": "#0"},
				"west": {"uv": [11.75, 7.75, 12, 8], "texture": "#0"},
				"up": {"uv": [11.75, 7.75, 11, 7.5], "texture": "#0"},
				"down": {"uv": [12.5, 7.5, 11.75, 7.75], "texture": "#0"}
			}
		},
		{
			"from": [1.5, 8, 9],
			"to": [2, 11, 10],
			"faces": {
				"north": {"uv": [3.75, 12.25, 4, 13], "texture": "#0"},
				"east": {"uv": [3.5, 12.25, 3.75, 13], "texture": "#0"},
				"south": {"uv": [4.25, 12.25, 4.5, 13], "texture": "#0"},
				"west": {"uv": [4, 12.25, 4.25, 13], "texture": "#0"},
				"up": {"uv": [4, 12.25, 3.75, 12], "texture": "#0"},
				"down": {"uv": [4.25, 12, 4, 12.25], "texture": "#0"}
			}
		},
		{
			"from": [6, 3.5, 7],
			"to": [9, 4, 8],
			"faces": {
				"north": {"uv": [8.5, 10.75, 9.25, 11], "texture": "#0"},
				"east": {"uv": [8.25, 10.75, 8.5, 11], "texture": "#0"},
				"south": {"uv": [9.5, 10.75, 10.25, 11], "texture": "#0"},
				"west": {"uv": [9.25, 10.75, 9.5, 11], "texture": "#0"},
				"up": {"uv": [9.25, 10.75, 8.5, 10.5], "texture": "#0"},
				"down": {"uv": [10, 10.5, 9.25, 10.75], "texture": "#0"}
			}
		},
		{
			"from": [7.96717, 3.69238, 7],
			"to": [9.96717, 4.19238, 8],
			"rotation": {"angle": 22.5, "axis": "z", "origin": [8.96717, 6.19238, 9]},
			"faces": {
				"north": {"uv": [9, 11.75, 9.5, 12], "texture": "#0"},
				"east": {"uv": [8.75, 11.75, 9, 12], "texture": "#0"},
				"south": {"uv": [9.75, 11.75, 10.25, 12], "texture": "#0"},
				"west": {"uv": [9.5, 11.75, 9.75, 12], "texture": "#0"},
				"up": {"uv": [9.5, 11.75, 9, 11.5], "texture": "#0"},
				"down": {"uv": [10, 11.5, 9.5, 11.75], "texture": "#0"}
			}
		},
		{
			"from": [7.96717, 14.80762, 7],
			"to": [9.96717, 15.30762, 8],
			"rotation": {"angle": -22.5, "axis": "z", "origin": [8.96717, 12.80762, 9]},
			"faces": {
				"north": {"uv": [11.25, 10, 11.75, 10.25], "texture": "#0"},
				"east": {"uv": [11, 10, 11.25, 10.25], "texture": "#0"},
				"south": {"uv": [12, 10, 12.5, 10.25], "texture": "#0"},
				"west": {"uv": [11.75, 10, 12, 10.25], "texture": "#0"},
				"up": {"uv": [11.75, 10, 11.25, 9.75], "texture": "#0"},
				"down": {"uv": [12.25, 9.75, 11.75, 10], "texture": "#0"}
			}
		},
		{
			"from": [5.03283, 3.69238, 7],
			"to": [7.03283, 4.19238, 8],
			"rotation": {"angle": -22.5, "axis": "z", "origin": [6.03283, 6.19238, 9]},
			"faces": {
				"north": {"uv": [11.25, 2.25, 11.75, 2.5], "texture": "#0"},
				"east": {"uv": [11, 2.25, 11.25, 2.5], "texture": "#0"},
				"south": {"uv": [12, 2.25, 12.5, 2.5], "texture": "#0"},
				"west": {"uv": [11.75, 2.25, 12, 2.5], "texture": "#0"},
				"up": {"uv": [11.75, 2.25, 11.25, 2], "texture": "#0"},
				"down": {"uv": [12.25, 2, 11.75, 2.25], "texture": "#0"}
			}
		},
		{
			"from": [5.03283, 14.80762, 7],
			"to": [7.03283, 15.30762, 8],
			"rotation": {"angle": 22.5, "axis": "z", "origin": [6.03283, 12.80762, 9]},
			"faces": {
				"north": {"uv": [0.25, 11, 0.75, 11.25], "texture": "#0"},
				"east": {"uv": [0, 11, 0.25, 11.25], "texture": "#0"},
				"south": {"uv": [1, 11, 1.5, 11.25], "texture": "#0"},
				"west": {"uv": [0.75, 11, 1, 11.25], "texture": "#0"},
				"up": {"uv": [0.75, 11, 0.25, 10.75], "texture": "#0"},
				"down": {"uv": [1.25, 10.75, 0.75, 11], "texture": "#0"}
			}
		},
		{
			"from": [9.49421, 4.53313, 7],
			"to": [11.49421, 5.03313, 8],
			"rotation": {"angle": 45, "axis": "z", "origin": [10.49421, 6.03313, 9]},
			"faces": {
				"north": {"uv": [6, 9, 6.5, 9.25], "texture": "#0"},
				"east": {"uv": [5.75, 9, 6, 9.25], "texture": "#0"},
				"south": {"uv": [6.75, 9, 7.25, 9.25], "texture": "#0"},
				"west": {"uv": [6.5, 9, 6.75, 9.25], "texture": "#0"},
				"up": {"uv": [6.5, 9, 6, 8.75], "texture": "#0"},
				"down": {"uv": [7, 8.75, 6.5, 9], "texture": "#0"}
			}
		},
		{
			"from": [9.49421, 13.96687, 7],
			"to": [11.49421, 14.46687, 8],
			"rotation": {"angle": -45, "axis": "z", "origin": [10.49421, 12.96687, 9]},
			"faces": {
				"north": {"uv": [8.25, 6.75, 8.75, 7], "texture": "#0"},
				"east": {"uv": [8, 6.75, 8.25, 7], "texture": "#0"},
				"south": {"uv": [9, 6.75, 9.5, 7], "texture": "#0"},
				"west": {"uv": [8.75, 6.75, 9, 7], "texture": "#0"},
				"up": {"uv": [8.75, 6.75, 8.25, 6.5], "texture": "#0"},
				"down": {"uv": [9.25, 6.5, 8.75, 6.75], "texture": "#0"}
			}
		},
		{
			"from": [3.50579, 4.53313, 7],
			"to": [5.50579, 5.03313, 8],
			"rotation": {"angle": -45, "axis": "z", "origin": [4.50579, 6.03313, 9]},
			"faces": {
				"north": {"uv": [2.5, 7, 3, 7.25], "texture": "#0"},
				"east": {"uv": [2.25, 7, 2.5, 7.25], "texture": "#0"},
				"south": {"uv": [3.25, 7, 3.75, 7.25], "texture": "#0"},
				"west": {"uv": [3, 7, 3.25, 7.25], "texture": "#0"},
				"up": {"uv": [3, 7, 2.5, 6.75], "texture": "#0"},
				"down": {"uv": [3.5, 6.75, 3, 7], "texture": "#0"}
			}
		},
		{
			"from": [3.50579, 13.96687, 7],
			"to": [5.50579, 14.46687, 8],
			"rotation": {"angle": 45, "axis": "z", "origin": [4.50579, 12.96687, 9]},
			"faces": {
				"north": {"uv": [6.25, 3.5, 6.75, 3.75], "texture": "#0"},
				"east": {"uv": [6, 3.5, 6.25, 3.75], "texture": "#0"},
				"south": {"uv": [7, 3.5, 7.5, 3.75], "texture": "#0"},
				"west": {"uv": [6.75, 3.5, 7, 3.75], "texture": "#0"},
				"up": {"uv": [6.75, 3.5, 6.25, 3.25], "texture": "#0"},
				"down": {"uv": [7.25, 3.25, 6.75, 3.5], "texture": "#0"}
			}
		},
		{
			"from": [13, 8, 7],
			"to": [13.5, 11, 8],
			"faces": {
				"north": {"uv": [2.75, 12.25, 3, 13], "texture": "#0"},
				"east": {"uv": [2.5, 12.25, 2.75, 13], "texture": "#0"},
				"south": {"uv": [3.25, 12.25, 3.5, 13], "texture": "#0"},
				"west": {"uv": [3, 12.25, 3.25, 13], "texture": "#0"},
				"up": {"uv": [3, 12.25, 2.75, 12], "texture": "#0"},
				"down": {"uv": [3.25, 12, 3, 12.25], "texture": "#0"}
			}
		},
		{
			"from": [12.6533, 8.257, 7],
			"to": [13.1533, 10.257, 8],
			"rotation": {"angle": -22.5, "axis": "z", "origin": [7.6533, 8.257, 9]},
			"faces": {
				"north": {"uv": [12.5, 11, 12.75, 11.5], "texture": "#0"},
				"east": {"uv": [12.25, 11, 12.5, 11.5], "texture": "#0"},
				"south": {"uv": [13, 11, 13.25, 11.5], "texture": "#0"},
				"west": {"uv": [12.75, 11, 13, 11.5], "texture": "#0"},
				"up": {"uv": [12.75, 11, 12.5, 10.75], "texture": "#0"},
				"down": {"uv": [13, 10.75, 12.75, 11], "texture": "#0"}
			}
		},
		{
			"from": [12.6533, 8.743, 7],
			"to": [13.1533, 10.743, 8],
			"rotation": {"angle": 22.5, "axis": "z", "origin": [7.6533, 10.743, 9]},
			"faces": {
				"north": {"uv": [12.5, 4.25, 12.75, 4.75], "texture": "#0"},
				"east": {"uv": [12.25, 4.25, 12.5, 4.75], "texture": "#0"},
				"south": {"uv": [13, 4.25, 13.25, 4.75], "texture": "#0"},
				"west": {"uv": [12.75, 4.25, 13, 4.75], "texture": "#0"},
				"up": {"uv": [12.75, 4.25, 12.5, 4], "texture": "#0"},
				"down": {"uv": [13, 4, 12.75, 4.25], "texture": "#0"}
			}
		},
		{
			"from": [1.8467, 8.257, 7],
			"to": [2.3467, 10.257, 8],
			"rotation": {"angle": 22.5, "axis": "z", "origin": [7.3467, 8.257, 9]},
			"faces": {
				"north": {"uv": [12.5, 2.5, 12.75, 3], "texture": "#0"},
				"east": {"uv": [12.25, 2.5, 12.5, 3], "texture": "#0"},
				"south": {"uv": [13, 2.5, 13.25, 3], "texture": "#0"},
				"west": {"uv": [12.75, 2.5, 13, 3], "texture": "#0"},
				"up": {"uv": [12.75, 2.5, 12.5, 2.25], "texture": "#0"},
				"down": {"uv": [13, 2.25, 12.75, 2.5], "texture": "#0"}
			}
		},
		{
			"from": [1.8467, 8.743, 7],
			"to": [2.3467, 10.743, 8],
			"rotation": {"angle": -22.5, "axis": "z", "origin": [7.3467, 10.743, 9]},
			"faces": {
				"north": {"uv": [11.75, 12.5, 12, 13], "texture": "#0"},
				"east": {"uv": [11.5, 12.5, 11.75, 13], "texture": "#0"},
				"south": {"uv": [12.25, 12.5, 12.5, 13], "texture": "#0"},
				"west": {"uv": [12, 12.5, 12.25, 13], "texture": "#0"},
				"up": {"uv": [12, 12.5, 11.75, 12.25], "texture": "#0"},
				"down": {"uv": [12.25, 12.25, 12, 12.5], "texture": "#0"}
			}
		},
		{
			"from": [12.43133, 8.62711, 7],
			"to": [12.93133, 10.62711, 8],
			"rotation": {"angle": -45, "axis": "z", "origin": [7.43133, 8.62711, 9]},
			"faces": {
				"north": {"uv": [10.75, 12.5, 11, 13], "texture": "#0"},
				"east": {"uv": [10.5, 12.5, 10.75, 13], "texture": "#0"},
				"south": {"uv": [11.25, 12.5, 11.5, 13], "texture": "#0"},
				"west": {"uv": [11, 12.5, 11.25, 13], "texture": "#0"},
				"up": {"uv": [11, 12.5, 10.75, 12.25], "texture": "#0"},
				"down": {"uv": [11.25, 12.25, 11, 12.5], "texture": "#0"}
			}
		},
		{
			"from": [12.43133, 8.37289, 7],
			"to": [12.93133, 10.37289, 8],
			"rotation": {"angle": 45, "axis": "z", "origin": [7.43133, 10.37289, 9]},
			"faces": {
				"north": {"uv": [9.75, 12.5, 10, 13], "texture": "#0"},
				"east": {"uv": [9.5, 12.5, 9.75, 13], "texture": "#0"},
				"south": {"uv": [10.25, 12.5, 10.5, 13], "texture": "#0"},
				"west": {"uv": [10, 12.5, 10.25, 13], "texture": "#0"},
				"up": {"uv": [10, 12.5, 9.75, 12.25], "texture": "#0"},
				"down": {"uv": [10.25, 12.25, 10, 12.5], "texture": "#0"}
			}
		},
		{
			"from": [2.06867, 8.62711, 7],
			"to": [2.56867, 10.62711, 8],
			"rotation": {"angle": 45, "axis": "z", "origin": [7.56867, 8.62711, 9]},
			"faces": {
				"north": {"uv": [7.5, 12.5, 7.75, 13], "texture": "#0"},
				"east": {"uv": [7.25, 12.5, 7.5, 13], "texture": "#0"},
				"south": {"uv": [8, 12.5, 8.25, 13], "texture": "#0"},
				"west": {"uv": [7.75, 12.5, 8, 13], "texture": "#0"},
				"up": {"uv": [7.75, 12.5, 7.5, 12.25], "texture": "#0"},
				"down": {"uv": [8, 12.25, 7.75, 12.5], "texture": "#0"}
			}
		},
		{
			"from": [2.06867, 8.37289, 7],
			"to": [2.56867, 10.37289, 8],
			"rotation": {"angle": -45, "axis": "z", "origin": [7.56867, 10.37289, 9]},
			"faces": {
				"north": {"uv": [2.75, 4.25, 3, 4.75], "texture": "#0"},
				"east": {"uv": [2.5, 4.25, 2.75, 4.75], "texture": "#0"},
				"south": {"uv": [3.25, 4.25, 3.5, 4.75], "texture": "#0"},
				"west": {"uv": [3, 4.25, 3.25, 4.75], "texture": "#0"},
				"up": {"uv": [3, 4.25, 2.75, 4], "texture": "#0"},
				"down": {"uv": [3.25, 4, 3, 4.25], "texture": "#0"}
			}
		},
		{
			"from": [6, 15, 7],
			"to": [9, 15.5, 8],
			"faces": {
				"north": {"uv": [4.25, 3.5, 5, 3.75], "texture": "#0"},
				"east": {"uv": [4, 3.5, 4.25, 3.75], "texture": "#0"},
				"south": {"uv": [5.25, 3.5, 6, 3.75], "texture": "#0"},
				"west": {"uv": [5, 3.5, 5.25, 3.75], "texture": "#0"},
				"up": {"uv": [5, 3.5, 4.25, 3.25], "texture": "#0"},
				"down": {"uv": [5.75, 3.25, 5, 3.5], "texture": "#0"}
			}
		},
		{
			"from": [1.5, 8, 7],
			"to": [2, 11, 8],
			"faces": {
				"north": {"uv": [1.75, 9, 2, 9.75], "texture": "#0"},
				"east": {"uv": [1.5, 9, 1.75, 9.75], "texture": "#0"},
				"south": {"uv": [2.25, 9, 2.5, 9.75], "texture": "#0"},
				"west": {"uv": [2, 9, 2.25, 9.75], "texture": "#0"},
				"up": {"uv": [2, 9, 1.75, 8.75], "texture": "#0"},
				"down": {"uv": [2.25, 8.75, 2, 9], "texture": "#0"}
			}
		},
		{
			"from": [9, 6, 7],
			"to": [11, 13, 8],
			"faces": {
				"north": {"uv": [0.25, 9, 0.75, 10.75], "texture": "#0"},
				"east": {"uv": [0, 9, 0.25, 10.75], "texture": "#0"},
				"south": {"uv": [1, 9, 1.5, 10.75], "texture": "#0"},
				"west": {"uv": [0.75, 9, 1, 10.75], "texture": "#0"},
				"up": {"uv": [0.75, 9, 0.25, 8.75], "texture": "#0"},
				"down": {"uv": [1.25, 8.75, 0.75, 9], "texture": "#0"}
			}
		},
		{
			"from": [1.58579, 10.34315, 7],
			"to": [5.58579, 12.34315, 8],
			"rotation": {"angle": -45, "axis": "z", "origin": [4.58579, 7.34315, 8]},
			"faces": {
				"north": {"uv": [10.75, 0.25, 11.75, 0.75], "texture": "#0"},
				"east": {"uv": [10.5, 0.25, 10.75, 0.75], "texture": "#0"},
				"south": {"uv": [12, 0.25, 13, 0.75], "texture": "#0"},
				"west": {"uv": [11.75, 0.25, 12, 0.75], "texture": "#0"},
				"up": {"uv": [11.75, 0.25, 10.75, 0], "texture": "#0"},
				"down": {"uv": [12.75, 0, 11.75, 0.25], "texture": "#0"}
			}
		},
		{
			"from": [4, 6, 7],
			"to": [6, 13, 8],
			"faces": {
				"north": {"uv": [4.5, 9, 5, 10.75], "texture": "#0"},
				"east": {"uv": [4.25, 9, 4.5, 10.75], "texture": "#0"},
				"south": {"uv": [5.25, 9, 5.75, 10.75], "texture": "#0"},
				"west": {"uv": [5, 9, 5.25, 10.75], "texture": "#0"},
				"up": {"uv": [5, 9, 4.5, 8.75], "texture": "#0"},
				"down": {"uv": [5.5, 8.75, 5, 9], "texture": "#0"}
			}
		},
		{
			"from": [10.74711, 10.84761, 7],
			"to": [14.86211, 12.84761, 8],
			"rotation": {"angle": 45, "axis": "z", "origin": [11.74711, 5.84761, 8]},
			"faces": {
				"north": {"uv": [10.75, 1, 11.75, 1.5], "texture": "#0"},
				"east": {"uv": [10.5, 1, 10.75, 1.5], "texture": "#0"},
				"south": {"uv": [12, 1, 13, 1.5], "texture": "#0"},
				"west": {"uv": [11.75, 1, 12, 1.5], "texture": "#0"},
				"up": {"uv": [11.75, 1, 10.75, 0.75], "texture": "#0"},
				"down": {"uv": [12.75, 0.75, 11.75, 1], "texture": "#0"}
			}
		},
		{
			"from": [9, 6, 9],
			"to": [11, 13, 10],
			"faces": {
				"north": {"uv": [3, 8.75, 3.5, 10.5], "texture": "#0"},
				"east": {"uv": [2.75, 8.75, 3, 10.5], "texture": "#0"},
				"south": {"uv": [3.75, 8.75, 4.25, 10.5], "texture": "#0"},
				"west": {"uv": [3.5, 8.75, 3.75, 10.5], "texture": "#0"},
				"up": {"uv": [3.5, 8.75, 3, 8.5], "texture": "#0"},
				"down": {"uv": [4, 8.5, 3.5, 8.75], "texture": "#0"}
			}
		},
		{
			"from": [1.58579, 10.34315, 9],
			"to": [5.58579, 12.34315, 10],
			"rotation": {"angle": -45, "axis": "z", "origin": [4.58579, 7.34315, 9]},
			"faces": {
				"north": {"uv": [10.5, 9.25, 11.5, 9.75], "texture": "#0"},
				"east": {"uv": [10.25, 9.25, 10.5, 9.75], "texture": "#0"},
				"south": {"uv": [11.75, 9.25, 12.75, 9.75], "texture": "#0"},
				"west": {"uv": [11.5, 9.25, 11.75, 9.75], "texture": "#0"},
				"up": {"uv": [11.5, 9.25, 10.5, 9], "texture": "#0"},
				"down": {"uv": [12.5, 9, 11.5, 9.25], "texture": "#0"}
			}
		},
		{
			"from": [4, 6, 9],
			"to": [6, 13, 10],
			"faces": {
				"north": {"uv": [7.75, 8.5, 8.25, 10.25], "texture": "#0"},
				"east": {"uv": [7.5, 8.5, 7.75, 10.25], "texture": "#0"},
				"south": {"uv": [8.5, 8.5, 9, 10.25], "texture": "#0"},
				"west": {"uv": [8.25, 8.5, 8.5, 10.25], "texture": "#0"},
				"up": {"uv": [8.25, 8.5, 7.75, 8.25], "texture": "#0"},
				"down": {"uv": [8.75, 8.25, 8.25, 8.5], "texture": "#0"}
			}
		},
		{
			"from": [10.74711, 10.84761, 9],
			"to": [14.86211, 12.84761, 10],
			"rotation": {"angle": 45, "axis": "z", "origin": [11.74711, 5.84761, 9]},
			"faces": {
				"north": {"uv": [0.25, 4.25, 1.25, 4.75], "texture": "#0"},
				"east": {"uv": [0, 4.25, 0.25, 4.75], "texture": "#0"},
				"south": {"uv": [1.5, 4.25, 2.5, 4.75], "texture": "#0"},
				"west": {"uv": [1.25, 4.25, 1.5, 4.75], "texture": "#0"},
				"up": {"uv": [1.25, 4.25, 0.25, 4], "texture": "#0"},
				"down": {"uv": [2.25, 4, 1.25, 4.25], "texture": "#0"}
			}
		}
	],
	"display": {
		"gui": {
			"translation": [0.5, -1.5, 0]
		}
	},
	"groups": [
		{
			"name": "Coin Outside",
			"origin": [-3.95899, -0.04101, 8],
			"children": [0, 1, 2, 3, 4, 5, 6, 7, 8, 9, 10, 11, 12, 13, 14, 15]
		},
		{
			"name": "Coin Inside",
			"origin": [7.05025, 9.36396, 8],
			"children": [16, 17, 18, 19, 20, 21, 22, 23,
				{
					"name": "Coin Inside",
					"origin": [7.05025, 9.36396, 8],
					"children": [24, 25, 26, 27, 28, 29, 30, 31]
				}
			]
		},
		{
			"name": "Trim",
			"origin": [8, 8, 8],
			"children": [32, 33, 34, 35, 36, 37, 38, 39, 40, 41, 42, 43, 44, 45, 46, 47, 48, 49, 50, 51,
				{
					"name": "group",
					"origin": [8, 8, 8],
					"children": [52, 53, 54, 55, 56, 57, 58, 59, 60, 61, 62, 63, 64, 65, 66, 67, 68, 69, 70, 71]
				}
			]
		},
		{
			"name": "M",
			"origin": [11.74711, 5.84761, 8],
			"children": [72, 73, 74, 75,
				{
					"name": "group",
					"origin": [11.74711, 5.84761, 8],
					"children": [76, 77, 78, 79]
				}
			]
		}
	]
}