{
	"credit": "Made with Blockbench",
	"textures": {
		"0": "item/misc/partyhat",
		"particle": "item/misc/partyhat"
	},
	"elements": [
		{
			"from": [4, 13.25, 4],
			"to": [12, 19, 12],
			"faces": {
				"north": {"uv": [2, 5, 4, 6.5], "texture": "#0"},
				"east": {"uv": [0, 5, 2, 6.5], "texture": "#0"},
				"south": {"uv": [6, 5, 8, 6.5], "texture": "#0"},
				"west": {"uv": [4, 5, 6, 6.5], "texture": "#0"},
				"up": {"uv": [4, 5, 2, 3], "texture": "#0"},
				"down": {"uv": [6, 3, 4, 5], "texture": "#0"}
			}
		},
		{
			"from": [6.5, 15, 3.5],
			"to": [9.5, 16.5, 6.25],
			"faces": {
				"north": {"uv": [0.25, 9.75, 1.25, 10.75], "texture": "#0"},
				"east": {"uv": [0.25, 11.75, 2.25, 13.25], "texture": "#0"},
				"south": {"uv": [1.25, 10.75, 3.25, 12.25], "texture": "#0"},
				"west": {"uv": [2.5, 11.25, 4.5, 12.75], "texture": "#0"},
				"up": {"uv": [2.75, 12, 0.75, 10], "texture": "#0"},
				"down": {"uv": [3, 10, 1, 12], "texture": "#0"}
			}
		},
		{
			"from": [5.5, 15.5, 3.5],
			"to": [6.5, 19.25, 5.25],
			"faces": {
				"north": {"uv": [0.25, 9.75, 1.25, 10.75], "texture": "#0"},
				"east": {"uv": [0.25, 11.75, 2.25, 13.25], "texture": "#0"},
				"south": {"uv": [1.25, 10.75, 3.25, 12.25], "texture": "#0"},
				"west": {"uv": [2.5, 11.25, 4.5, 12.75], "texture": "#0"},
				"up": {"uv": [2.75, 12, 0.75, 10], "texture": "#0"},
				"down": {"uv": [3, 10, 1, 12], "texture": "#0"}
			}
		},
		{
			"from": [9.5, 15.5, 3.5],
			"to": [10.5, 22.75, 5.25],
			"faces": {
				"north": {"uv": [0.25, 9.75, 1.25, 10.75], "texture": "#0"},
				"east": {"uv": [0.25, 11.75, 2.25, 13.25], "texture": "#0"},
				"south": {"uv": [1.25, 10.75, 3.25, 12.25], "texture": "#0"},
				"west": {"uv": [2.5, 11.25, 4.5, 12.75], "texture": "#0"},
				"up": {"uv": [2.75, 12, 0.75, 10], "texture": "#0"},
				"down": {"uv": [3, 10, 1, 12], "texture": "#0"}
			}
		},
		{
			"from": [6.5, 18.5, 3.5],
			"to": [9.5, 20, 5.25],
			"faces": {
				"north": {"uv": [0.25, 9.75, 1.25, 10.75], "texture": "#0"},
				"east": {"uv": [0.25, 11.75, 2.25, 13.25], "texture": "#0"},
				"south": {"uv": [1.25, 10.75, 3.25, 12.25], "texture": "#0"},
				"west": {"uv": [2.5, 11.25, 4.5, 12.75], "texture": "#0"},
				"up": {"uv": [2.75, 12, 0.75, 10], "texture": "#0"},
				"down": {"uv": [3, 10, 1, 12], "texture": "#0"}
			}
		},
		{
			"from": [6.5, 21.75, 3.5],
			"to": [9.5, 23.25, 5.25],
			"faces": {
				"north": {"uv": [0.25, 9.75, 1.25, 10.75], "texture": "#0"},
				"east": {"uv": [0.25, 11.75, 2.25, 13.25], "texture": "#0"},
				"south": {"uv": [1.25, 10.75, 3.25, 12.25], "texture": "#0"},
				"west": {"uv": [2.5, 11.25, 4.5, 12.75], "texture": "#0"},
				"up": {"uv": [2.75, 12, 0.75, 10], "texture": "#0"},
				"down": {"uv": [3, 10, 1, 12], "texture": "#0"}
			}
		},
		{
			"from": [5.5, 21, 3.5],
			"to": [6.5, 22.75, 5.25],
			"faces": {
				"north": {"uv": [0.25, 9.75, 1.25, 10.75], "texture": "#0"},
				"east": {"uv": [0.25, 11.75, 2.25, 13.25], "texture": "#0"},
				"south": {"uv": [1.25, 10.75, 3.25, 12.25], "texture": "#0"},
				"west": {"uv": [2.5, 11.25, 4.5, 12.75], "texture": "#0"},
				"up": {"uv": [2.75, 12, 0.75, 10], "texture": "#0"},
				"down": {"uv": [3, 10, 1, 12], "texture": "#0"}
			}
		},
		{
			"from": [3, 13, 3],
			"to": [13, 15, 13],
			"faces": {
				"north": {"uv": [2.5, 2.5, 5, 3], "texture": "#0"},
				"east": {"uv": [0, 2.5, 2.5, 3], "texture": "#0"},
				"south": {"uv": [7.5, 2.5, 10, 3], "texture": "#0"},
				"west": {"uv": [5, 2.5, 7.5, 3], "texture": "#0"},
				"up": {"uv": [5, 2.5, 2.5, 0], "texture": "#0"},
				"down": {"uv": [7.5, 0, 5, 2.5], "texture": "#0"}
			}
		},
		{
			"from": [2, 13, 3],
			"to": [3, 14.25, 13],
			"faces": {
				"north": {"uv": [8.5, 9.25, 8.75, 9.5], "texture": "#0"},
				"east": {"uv": [6, 9.25, 8.5, 9.5], "texture": "#0"},
				"south": {"uv": [11.25, 9.25, 11.5, 9.5], "texture": "#0"},
				"west": {"uv": [8.75, 9.25, 11.25, 9.5], "texture": "#0"},
				"up": {"uv": [8.75, 9.25, 8.5, 6.75], "texture": "#0"},
				"down": {"uv": [9, 6.75, 8.75, 9.25], "texture": "#0"}
			}
		},
		{
			"from": [13, 13, 3],
			"to": [14, 14.25, 13],
			"faces": {
				"north": {"uv": [8, 6.5, 8.25, 6.75], "texture": "#0"},
				"east": {"uv": [5.5, 6.5, 8, 6.75], "texture": "#0"},
				"south": {"uv": [10.75, 6.5, 11, 6.75], "texture": "#0"},
				"west": {"uv": [8.25, 6.5, 10.75, 6.75], "texture": "#0"},
				"up": {"uv": [8.25, 6.5, 8, 4], "texture": "#0"},
				"down": {"uv": [8.5, 4, 8.25, 6.5], "texture": "#0"}
			}
		},
		{
			"from": [3.03144, 13, 13.00003],
			"to": [13.03144, 14.25, 14.00003],
			"faces": {
				"north": {"uv": [6.25, 3.75, 8.75, 4], "texture": "#0"},
				"east": {"uv": [6, 3.75, 6.25, 4], "texture": "#0"},
				"south": {"uv": [9, 3.75, 11.5, 4], "texture": "#0"},
				"west": {"uv": [8.75, 3.75, 9, 4], "texture": "#0"},
				"up": {"uv": [8.75, 3.75, 6.25, 3.5], "texture": "#0"},
				"down": {"uv": [11.25, 3.5, 8.75, 3.75], "texture": "#0"}
			}
		},
		{
			"from": [3.03144, 13, 1.99997],
			"to": [13.03144, 14.25, 2.99997],
			"faces": {
				"north": {"uv": [6.25, 3.25, 8.75, 3.5], "texture": "#0"},
				"east": {"uv": [6, 3.25, 6.25, 3.5], "texture": "#0"},
				"south": {"uv": [9, 3.25, 11.5, 3.5], "texture": "#0"},
				"west": {"uv": [8.75, 3.25, 9, 3.5], "texture": "#0"},
				"up": {"uv": [8.75, 3.25, 6.25, 3], "texture": "#0"},
				"down": {"uv": [11.25, 3, 8.75, 3.25], "texture": "#0"}
			}
		},
		{
			"from": [5, 17, 5],
			"to": [11, 23, 11],
			"faces": {
				"north": {"uv": [1.5, 8, 3, 9.5], "texture": "#0"},
				"east": {"uv": [0, 8, 1.5, 9.5], "texture": "#0"},
				"south": {"uv": [4.5, 8, 6, 9.5], "texture": "#0"},
				"west": {"uv": [3, 8, 4.5, 9.5], "texture": "#0"},
				"up": {"uv": [3, 8, 1.5, 6.5], "texture": "#0"},
				"down": {"uv": [4.5, 6.5, 3, 8], "texture": "#0"}
			}
		},
		{
			"from": [6, 21, 6],
			"to": [10, 26, 10],
			"faces": {
				"north": {"uv": [8.5, 1, 9.5, 2.25], "texture": "#0"},
				"east": {"uv": [7.5, 1, 8.5, 2.25], "texture": "#0"},
				"south": {"uv": [10.5, 1, 11.5, 2.25], "texture": "#0"},
				"west": {"uv": [9.5, 1, 10.5, 2.25], "texture": "#0"},
				"up": {"uv": [9.5, 1, 8.5, 0], "texture": "#0"},
				"down": {"uv": [10.5, 0, 9.5, 1], "texture": "#0"}
			}
		},
		{
			"from": [7, 24, 7],
			"to": [9, 28, 9],
			"faces": {
				"north": {"uv": [0.5, 3.5, 1, 4.5], "texture": "#0"},
				"east": {"uv": [0, 3.5, 0.5, 4.5], "texture": "#0"},
				"south": {"uv": [1.5, 3.5, 2, 4.5], "texture": "#0"},
				"west": {"uv": [1, 3.5, 1.5, 4.5], "texture": "#0"},
				"up": {"uv": [1, 3.5, 0.5, 3], "texture": "#0"},
				"down": {"uv": [1.5, 3, 1, 3.5], "texture": "#0"}
			}
		},
		{
			"from": [6.5, 27, 6.5],
			"to": [9.5, 30, 9.5],
			"rotation": {"angle": 45, "axis": "z", "origin": [7.96422, 28.49994, 8.03584]},
			"faces": {
				"north": {"uv": [9.25, 4.75, 10, 5.5], "texture": "#0"},
				"east": {"uv": [8.5, 4.75, 9.25, 5.5], "texture": "#0"},
				"south": {"uv": [10.75, 4.75, 11.5, 5.5], "texture": "#0"},
				"west": {"uv": [10, 4.75, 10.75, 5.5], "texture": "#0"},
				"up": {"uv": [10, 4.75, 9.25, 4], "texture": "#0"},
				"down": {"uv": [10.75, 4, 10, 4.75], "texture": "#0"}
			}
		},
		{
			"from": [6.5, 27, 6.75],
			"to": [9.5, 30, 9.25],
			"faces": {
				"north": {"uv": [0.5, 0.5, 1.25, 1.25], "texture": "#0"},
				"east": {"uv": [0, 0.5, 0.5, 1.25], "texture": "#0"},
				"south": {"uv": [1.75, 0.5, 2.5, 1.25], "texture": "#0"},
				"west": {"uv": [1.25, 0.5, 1.75, 1.25], "texture": "#0"},
				"up": {"uv": [1.25, 0.5, 0.5, 0], "texture": "#0"},
				"down": {"uv": [2, 0, 1.25, 0.5], "texture": "#0"}
			}
		}
	],
	"display": {
		"thirdperson_righthand": {
			"translation": [0, -2.75, 1],
			"scale": [0.55, 0.55, 0.55]
		},
		"firstperson_righthand": {
			"rotation": [0, 148.25, -5.5],
			"translation": [1.13, -1.55, 1.13],
			"scale": [0.68, 0.68, 0.68]
		},
		"ground": {
			"translation": [0, 2, 0],
			"scale": [0.5, 0.5, 0.5]
		},
		"gui": {
			"rotation": [0, -147, 0],
			"translation": [0, -13, 0]
		},
		"head": {
			"rotation": [0, 0, 8],
			"translation": [0.75, -0.25, -0.25],
			"scale": [1.2518, 1.20492, 1.22055]
		},
		"fixed": {
			"translation": [0, -12.5, 0]
		}
	}
}