{
	"credit": "Made with Blockbench",
	"textures": {
		"0": "item/water/atlas",
		"particle": "item/water/atlas"
	},
	"elements": [
		{
			"from": [8, -5, 5],
			"to": [12, 7, 9],
			"faces": {
				"north": {"uv": [5, 10.5, 6, 14], "texture": "#0"},
				"east": {"uv": [4, 11, 5, 14], "texture": "#0"},
				"south": {"uv": [5, 11, 6, 14], "texture": "#0"},
				"west": {"uv": [6, 11, 7, 14], "texture": "#0"},
				"up": {"uv": [6, 11, 5, 10], "texture": "#0"},
				"down": {"uv": [7, 10, 6, 11], "texture": "#0"}
			}
		},
		{
			"from": [4, -5, 6],
			"to": [8, 7, 10],
			"faces": {
				"north": {"uv": [9, 1, 10, 4], "texture": "#0"},
				"east": {"uv": [8, 1, 9, 4], "texture": "#0"},
				"south": {"uv": [11, 1, 12, 4], "texture": "#0"},
				"west": {"uv": [10, 1, 11, 4], "texture": "#0"},
				"up": {"uv": [10, 1, 9, 0], "texture": "#0"},
				"down": {"uv": [11, 0, 10, 1], "texture": "#0"}
			}
		},
		{
			"from": [0, 4, 5],
			"to": [4, 16, 9],
			"rotation": {"angle": 22.5, "axis": "x", "origin": [8, 12, 13]},
			"faces": {
				"north": {"uv": [1, 9, 2, 12], "texture": "#0"},
				"east": {"uv": [0, 9, 1, 12], "texture": "#0"},
				"south": {"uv": [3, 9, 4, 12], "texture": "#0"},
				"west": {"uv": [2, 9, 3, 12], "texture": "#0"},
				"up": {"uv": [2, 9, 1, 8], "texture": "#0"},
				"down": {"uv": [3, 8, 2, 9], "texture": "#0"}
			}
		},
		{
			"from": [-1, 7, 1],
			"to": [3, 9, 5],
			"faces": {
				"north": {"uv": [9, 12, 10, 12.5], "texture": "#0"},
				"east": {"uv": [8, 12, 9, 12.5], "texture": "#0"},
				"south": {"uv": [11, 12, 12, 12.5], "texture": "#0"},
				"west": {"uv": [10, 12, 11, 12.5], "texture": "#0"},
				"up": {"uv": [11, 14.75, 9, 12.75], "texture": "#0"},
				"down": {"uv": [11, 11, 10, 12], "texture": "#0"}
			}
		},
		{
			"from": [4, 7, 6],
			"to": [12, 19, 10],
			"faces": {
				"north": {"uv": [8, 8, 10, 11], "texture": "#0"},
				"east": {"uv": [8, 13, 9, 16], "texture": "#0"},
				"south": {"uv": [11, 8, 13, 11], "texture": "#0"},
				"west": {"uv": [8, 13, 9, 16], "texture": "#0"},
				"up": {"uv": [10, 8, 8, 7], "texture": "#0"},
				"down": {"uv": [12, 7, 10, 8], "texture": "#0"}
			}
		},
		{
			"from": [4, 7, 5.3],
			"to": [12, 19, 10.4],
			"faces": {
				"north": {"uv": [0, 12.75, 2, 15.75], "texture": "#0"},
				"east": {"uv": [7, 8, 8, 11], "texture": "#0"},
				"south": {"uv": [2, 12.75, 4, 15.75], "texture": "#0"},
				"west": {"uv": [10, 8, 11, 11], "texture": "#0"},
				"up": {"uv": [10, 8, 8, 7], "texture": "#0"},
				"down": {"uv": [16, 8.25, 14, 9.25], "texture": "#0"}
			}
		},
		{
			"from": [5, 14, 5.6],
			"to": [6, 15, 6.7],
			"faces": {
				"north": {"uv": [9.5, 9, 9.75, 9.25], "texture": "#0"},
				"east": {"uv": [9.5, 9, 9.75, 9.25], "texture": "#0"},
				"south": {"uv": [9.5, 9, 9.75, 9.25], "texture": "#0"},
				"west": {"uv": [9.5, 9, 9.75, 9.25], "texture": "#0"},
				"up": {"uv": [9.75, 9.25, 9.5, 9], "texture": "#0"},
				"down": {"uv": [9.75, 9, 9.5, 9.25], "texture": "#0"}
			}
		},
		{
			"from": [3.4, 9, 5.2],
			"to": [12.7, 12, 10.5],
			"faces": {
				"north": {"uv": [6.25, 6.25, 8.5, 7], "texture": "#0"},
				"east": {"uv": [5, 6.25, 6.25, 7], "texture": "#0"},
				"south": {"uv": [9.75, 6.25, 12, 7], "texture": "#0"},
				"west": {"uv": [8.5, 6.25, 9.75, 7], "texture": "#0"},
				"up": {"uv": [8.5, 6.25, 6.25, 5], "texture": "#0"},
				"down": {"uv": [10.75, 5, 8.5, 6.25], "texture": "#0"}
			}
		},
		{
			"from": [4, 18, 4],
			"to": [12, 28, 12],
			"rotation": {"angle": -22.5, "axis": "y", "origin": [7.97382, 22.99995, 8.02623]},
			"faces": {
				"north": {"uv": [2, 2, 4, 4], "texture": "#0"},
				"east": {"uv": [0, 2, 2, 4], "texture": "#0"},
				"south": {"uv": [6, 2, 8, 4], "texture": "#0"},
				"west": {"uv": [4, 2, 6, 4], "texture": "#0"},
				"up": {"uv": [4, 2, 2, 0], "texture": "#0"},
				"down": {"uv": [6, 0, 4, 2], "texture": "#0"}
			}
		},
		{
			"from": [5, 17, 5],
			"to": [11, 29, 11],
			"rotation": {"angle": -22.5, "axis": "y", "origin": [7.97382, 22.99995, 8.02623]},
			"faces": {
				"north": {"uv": [2, 2, 4, 4], "texture": "#0"},
				"east": {"uv": [0, 2, 2, 4], "texture": "#0"},
				"south": {"uv": [6, 2, 8, 4], "texture": "#0"},
				"west": {"uv": [4, 2, 6, 4], "texture": "#0"},
				"up": {"uv": [3.75, 1.75, 2.25, 0.25], "texture": "#0"},
				"down": {"uv": [5.75, 0.25, 4.25, 1.75], "texture": "#0"}
			}
		},
		{
			"from": [3, 19, 4],
			"to": [13, 27, 12],
			"rotation": {"angle": -22.5, "axis": "y", "origin": [7.97382, 22.99995, 8.02623]},
			"faces": {
				"north": {"uv": [2, 2, 4, 4], "texture": "#0"},
				"east": {"uv": [0, 2, 2, 4], "texture": "#0"},
				"south": {"uv": [6, 2, 8, 4], "texture": "#0"},
				"west": {"uv": [4, 2, 6, 4], "texture": "#0"},
				"up": {"uv": [4, 2, 2, 0], "texture": "#0"},
				"down": {"uv": [6, 0, 4, 2], "texture": "#0"}
			}
		},
		{
			"from": [2, 20, 5],
			"to": [14, 26, 11],
			"rotation": {"angle": -22.5, "axis": "y", "origin": [7.97382, 22.99995, 8.02623]},
			"faces": {
				"north": {"uv": [2, 2, 4, 4], "texture": "#0"},
				"east": {"uv": [0.25, 2.25, 1.75, 3.75], "texture": "#0"},
				"south": {"uv": [6, 2, 8, 4], "texture": "#0"},
				"west": {"uv": [4.25, 2.25, 5.75, 3.75], "texture": "#0"},
				"up": {"uv": [4, 2, 2, 0], "texture": "#0"},
				"down": {"uv": [6, 0, 4, 2], "texture": "#0"}
			}
		},
		{
			"from": [4, 19, 3],
			"to": [12, 27, 13],
			"rotation": {"angle": -22.5, "axis": "y", "origin": [7.97382, 22.99995, 8.02623]},
			"faces": {
				"north": {"uv": [2, 2, 4, 4], "texture": "#0"},
				"east": {"uv": [0, 2, 2, 4], "texture": "#0"},
				"south": {"uv": [6, 2, 8, 4], "texture": "#0"},
				"west": {"uv": [4, 2, 6, 4], "texture": "#0"},
				"up": {"uv": [4, 2, 2, 0], "texture": "#0"},
				"down": {"uv": [6, 0, 4, 2], "texture": "#0"}
			}
		},
		{
			"from": [5, 20, 2],
			"to": [11, 26, 14],
			"rotation": {"angle": -22.5, "axis": "y", "origin": [7.97382, 22.99995, 8.02623]},
			"faces": {
				"north": {"uv": [2.25, 2.25, 3.75, 3.75], "texture": "#0"},
				"east": {"uv": [0, 2, 2, 4], "texture": "#0"},
				"south": {"uv": [6.25, 2.25, 7.75, 3.75], "texture": "#0"},
				"west": {"uv": [4, 2, 6, 4], "texture": "#0"},
				"up": {"uv": [4, 2, 2, 0], "texture": "#0"},
				"down": {"uv": [6, 0, 4, 2], "texture": "#0"}
			}
		},
		{
			"from": [12, 15, -2],
			"to": [16, 19, 10],
			"rotation": {"angle": -22.5, "axis": "y", "origin": [13, 17, 8]},
			"faces": {
				"north": {"uv": [3, 7, 4, 8], "texture": "#0"},
				"east": {"uv": [0, 7, 3, 8], "texture": "#0"},
				"south": {"uv": [7, 7, 8, 8], "texture": "#0"},
				"west": {"uv": [4, 7, 7, 8], "texture": "#0"},
				"up": {"uv": [4, 7, 3, 4], "texture": "#0"},
				"down": {"uv": [5, 4, 4, 7], "texture": "#0"}
			}
		},
		{
			"from": [11.3, 14.2, 0],
			"to": [16.8, 19.7, 1],
			"rotation": {"angle": -22.5, "axis": "y", "origin": [13, 17, 8]},
			"faces": {
				"north": {"uv": [9, 5.25, 10, 6.25], "texture": "#0"},
				"east": {"uv": [6.5, 5.25, 7.75, 6], "texture": "#0"},
				"south": {"uv": [9, 5.25, 10, 6.25], "texture": "#0"},
				"west": {"uv": [5, 6.25, 7.75, 6.5], "texture": "#0"},
				"up": {"uv": [8.25, 5.75, 7, 5.5], "texture": "#0"},
				"down": {"uv": [8, 5.25, 7, 5.5], "texture": "#0"}
			}
		},
		{
			"from": [7.3, -3, 4.3],
			"to": [12.8, -2, 9.8],
			"faces": {
				"north": {"uv": [8.25, 5.75, 7, 5.5], "rotation": 180, "texture": "#0"},
				"east": {"uv": [6.5, 5.25, 7.75, 6], "rotation": 90, "texture": "#0"},
				"south": {"uv": [8, 5.25, 7, 5.5], "texture": "#0"},
				"west": {"uv": [5, 6.25, 7.75, 6.5], "rotation": 270, "texture": "#0"},
				"up": {"uv": [9, 5.25, 10, 6.25], "texture": "#0"},
				"down": {"uv": [9, 5.25, 10, 6.25], "rotation": 180, "texture": "#0"}
			}
		},
		{
			"from": [3.3, -3, 5.3],
			"to": [8.8, -2, 10.8],
			"faces": {
				"north": {"uv": [8.25, 5.75, 7, 5.5], "rotation": 180, "texture": "#0"},
				"east": {"uv": [6.5, 5.25, 7.75, 6], "rotation": 90, "texture": "#0"},
				"south": {"uv": [8, 5.25, 7, 5.5], "texture": "#0"},
				"west": {"uv": [5, 6.25, 7.75, 6.5], "rotation": 270, "texture": "#0"},
				"up": {"uv": [9, 5.25, 10, 6.25], "texture": "#0"},
				"down": {"uv": [9, 5.25, 10, 6.25], "rotation": 180, "texture": "#0"}
			}
		},
		{
			"from": [12.74841, 15.54442, -0.38894],
			"to": [22.74841, 22.54442, -0.38894],
			"rotation": {"angle": -22.5, "axis": "y", "origin": [17.71865, 17.53248, -0.85646]},
			"faces": {
				"north": {"uv": [11.5, 12.75, 16, 16], "texture": "#0"},
				"east": {"uv": [10.75, 4.25, 11, 6.25], "texture": "#0"},
				"south": {"uv": [11.5, 12.75, 16, 16], "texture": "#0"},
				"west": {"uv": [13, 4.25, 13.25, 6.25], "texture": "#0"},
				"up": {"uv": [13, 4.25, 11, 4], "texture": "#0"},
				"down": {"uv": [15, 4, 13, 4.25], "texture": "#0"}
			}
		}
	],
	"display": {
		"thirdperson_righthand": {
			"rotation": [75, 0, -9.8],
			"translation": [1.5, 10.5, 53.75],
			"scale": [1.85, 1.7, 1.85]
		},
		"firstperson_righthand": {
			"rotation": [13.75, 0, 0],
			"scale": [0.5, 0.5, 0.5]
		},
		"gui": {
			"rotation": [-1, -180, 11],
			"translation": [-0.25, -1.5, 0],
			"scale": [0.5, 0.5, 0.5]
		},
		"head": {
			"rotation": [3.5, -6.25, 0],
			"translation": [0.25, -4.75, 1.5],
			"scale": [3.5, 3, 3.5]
		}
	},
	"groups": [0, 1, 2, 3, 4, 5, 6, 7, 8, 9, 10, 11, 12, 13,
		{
			"name": "group",
			"origin": [14, 17, 8],
			"children": [14, 15, 16, 17, 18]
		}
	]
}