{
	"credit": "Made with Blockbench",
	"textures": {
		"0": "item/water/captain",
		"particle": "item/water/captain"
	},
	"elements": [
		{
			"from": [8, -5, 6],
			"to": [12, 7, 10],
			"rotation": {"angle": 0, "axis": "x", "origin": [16, 1, 12]},
			"faces": {
				"north": {"uv": [6.5, 6.5, 7, 8], "texture": "#0"},
				"east": {"uv": [6, 6.5, 6.5, 8], "texture": "#0"},
				"south": {"uv": [7.5, 6.5, 8, 8], "texture": "#0"},
				"west": {"uv": [7, 6.5, 7.5, 8], "texture": "#0"},
				"up": {"uv": [7, 6.5, 6.5, 6], "texture": "#0"},
				"down": {"uv": [7.5, 6, 7, 6.5], "texture": "#0"}
			}
		},
		{
			"from": [4, -5, 6],
			"to": [8, 7, 10],
			"faces": {
				"north": {"uv": [4.5, 6.5, 5, 8], "texture": "#0"},
				"east": {"uv": [4, 6.5, 4.5, 8], "texture": "#0"},
				"south": {"uv": [5.5, 6.5, 6, 8], "texture": "#0"},
				"west": {"uv": [5, 6.5, 5.5, 8], "texture": "#0"},
				"up": {"uv": [5, 6.5, 4.5, 6], "texture": "#0"},
				"down": {"uv": [5.5, 6, 5, 6.5], "texture": "#0"}
			}
		},
		{
			"from": [12, 7, 6],
			"to": [16, 19, 10],
			"faces": {
				"north": {"uv": [2.5, 5.25, 3, 6.75], "texture": "#0"},
				"east": {"uv": [2, 5.25, 2.5, 6.75], "texture": "#0"},
				"south": {"uv": [3.5, 5.25, 4, 6.75], "texture": "#0"},
				"west": {"uv": [3, 5.25, 3.5, 6.75], "texture": "#0"},
				"up": {"uv": [3, 5.25, 2.5, 4.75], "texture": "#0"},
				"down": {"uv": [3.5, 4.75, 3, 5.25], "texture": "#0"}
			}
		},
		{
			"from": [0, 4, 5],
			"to": [4, 16, 9],
			"rotation": {"angle": 22.5, "axis": "x", "origin": [8, 12, 13]},
			"faces": {
				"north": {"uv": [0.5, 5.25, 1, 6.75], "texture": "#0"},
				"east": {"uv": [0, 5.25, 0.5, 6.75], "texture": "#0"},
				"south": {"uv": [1.5, 5.25, 2, 6.75], "texture": "#0"},
				"west": {"uv": [1, 5.25, 1.5, 6.75], "texture": "#0"},
				"up": {"uv": [1, 5.25, 0.5, 4.75], "texture": "#0"},
				"down": {"uv": [1.5, 4.75, 1, 5.25], "texture": "#0"}
			}
		},
		{
			"from": [4, 7, 6],
			"to": [12, 19, 10],
			"faces": {
				"north": {"uv": [4.5, 4.5, 5.5, 6], "texture": "#0"},
				"east": {"uv": [4, 4.5, 4.5, 6], "texture": "#0"},
				"south": {"uv": [6, 4.5, 7, 6], "texture": "#0"},
				"west": {"uv": [5.5, 4.5, 6, 6], "texture": "#0"},
				"up": {"uv": [5.5, 4.5, 4.5, 4], "texture": "#0"},
				"down": {"uv": [6.5, 4, 5.5, 4.5], "texture": "#0"}
			}
		},
		{
			"from": [7, 7, 10],
			"to": [9, 19, 11],
			"faces": {
				"north": {"uv": [0.125, 7.875, 0.375, 9.375], "texture": "#0"},
				"east": {"uv": [0, 7.875, 0.125, 9.375], "texture": "#0"},
				"south": {"uv": [0.5, 7.875, 0.75, 9.375], "texture": "#0"},
				"west": {"uv": [0.375, 7.875, 0.5, 9.375], "texture": "#0"},
				"up": {"uv": [0.375, 7.875, 0.125, 7.75], "texture": "#0"},
				"down": {"uv": [0.625, 7.75, 0.375, 7.875], "texture": "#0"}
			}
		},
		{
			"from": [2, 12, 10],
			"to": [14, 14, 11],
			"faces": {
				"north": {"uv": [6.25, 1.375, 7.75, 1.625], "texture": "#0"},
				"east": {"uv": [6.125, 1.375, 6.25, 1.625], "texture": "#0"},
				"south": {"uv": [7.875, 1.375, 9.375, 1.625], "texture": "#0"},
				"west": {"uv": [7.75, 1.375, 7.875, 1.625], "texture": "#0"},
				"up": {"uv": [7.75, 1.375, 6.25, 1.25], "texture": "#0"},
				"down": {"uv": [9.25, 1.25, 7.75, 1.375], "texture": "#0"}
			}
		},
		{
			"from": [-2, 12.3, 10],
			"to": [11, 14.3, 11],
			"rotation": {"angle": -45, "axis": "z", "origin": [6, 9, 16]},
			"faces": {
				"north": {"uv": [3.125, 3.125, 4.75, 3.375], "texture": "#0"},
				"east": {"uv": [3, 3.125, 3.125, 3.375], "texture": "#0"},
				"south": {"uv": [4.875, 3.125, 6.5, 3.375], "texture": "#0"},
				"west": {"uv": [4.75, 3.125, 4.875, 3.375], "texture": "#0"},
				"up": {"uv": [4.75, 3.125, 3.125, 3], "texture": "#0"},
				"down": {"uv": [6.375, 3, 4.75, 3.125], "texture": "#0"}
			}
		},
		{
			"from": [7.3, 10, 10],
			"to": [9.3, 23, 11],
			"rotation": {"angle": -45, "axis": "z", "origin": [4, 15, 16]},
			"faces": {
				"north": {"uv": [7.125, 4.125, 7.375, 5.75], "texture": "#0"},
				"east": {"uv": [7, 4.125, 7.125, 5.75], "texture": "#0"},
				"south": {"uv": [7.5, 4.125, 7.75, 5.75], "texture": "#0"},
				"west": {"uv": [7.375, 4.125, 7.5, 5.75], "texture": "#0"},
				"up": {"uv": [7.375, 4.125, 7.125, 4], "texture": "#0"},
				"down": {"uv": [7.625, 4, 7.375, 4.125], "texture": "#0"}
			}
		},
		{
			"from": [4, 9, 10],
			"to": [12, 17, 12],
			"faces": {
				"north": {"uv": [5, 0.25, 6, 1.25], "texture": "#0"},
				"east": {"uv": [4.75, 0.25, 5, 1.25], "texture": "#0"},
				"south": {"uv": [6.25, 0.25, 7.25, 1.25], "texture": "#0"},
				"west": {"uv": [6, 0.25, 6.25, 1.25], "texture": "#0"},
				"up": {"uv": [6, 0.25, 5, 0], "texture": "#0"},
				"down": {"uv": [7, 0, 6, 0.25], "texture": "#0"}
			}
		},
		{
			"from": [6.00176, 10.99126, 10],
			"to": [10.00176, 14.99126, 12],
			"rotation": {"angle": 45, "axis": "z", "origin": [7.99651, 12.99475, 11.00873]},
			"faces": {
				"north": {"uv": [5, 0.25, 6, 1.25], "rotation": 270, "texture": "#0"},
				"east": {"uv": [6, 0.25, 5, 0], "rotation": 90, "texture": "#0"},
				"south": {"uv": [8.125, 7.5, 8.625, 8], "rotation": 90, "texture": "#0"},
				"west": {"uv": [7, 0, 6, 0.25], "rotation": 90, "texture": "#0"},
				"up": {"uv": [6, 0.25, 6.25, 1.25], "rotation": 90, "texture": "#0"},
				"down": {"uv": [4.75, 0.25, 5, 1.25], "rotation": 90, "texture": "#0"}
			}
		},
		{
			"from": [4, 19, 4],
			"to": [12, 26, 12],
			"faces": {
				"north": {"uv": [1, 3.875, 2, 4.75], "texture": "#0"},
				"east": {"uv": [0, 3.875, 1, 4.75], "texture": "#0"},
				"south": {"uv": [3, 3.875, 4, 4.75], "texture": "#0"},
				"west": {"uv": [2, 3.875, 3, 4.75], "texture": "#0"},
				"up": {"uv": [2, 3.875, 1, 2.875], "texture": "#0"},
				"down": {"uv": [3, 2.875, 2, 3.875], "texture": "#0"}
			}
		},
		{
			"from": [3, 19, 6],
			"to": [13, 26, 9],
			"faces": {
				"north": {"uv": [3.625, 1.875, 4.875, 2.75], "texture": "#0"},
				"east": {"uv": [3.25, 1.875, 3.625, 2.75], "texture": "#0"},
				"south": {"uv": [5.25, 1.875, 6.5, 2.75], "texture": "#0"},
				"west": {"uv": [4.875, 1.875, 5.25, 2.75], "texture": "#0"},
				"up": {"uv": [4.875, 1.875, 3.625, 1.5], "texture": "#0"},
				"down": {"uv": [6.125, 1.5, 4.875, 1.875], "texture": "#0"}
			}
		},
		{
			"from": [3.75, 17, 3],
			"to": [12.25, 22, 6],
			"faces": {
				"north": {"uv": [6.5, 3.375, 7.5, 4], "texture": "#0"},
				"east": {"uv": [6.125, 3.375, 6.5, 4], "texture": "#0"},
				"south": {"uv": [7.875, 3.375, 8.875, 4], "texture": "#0"},
				"west": {"uv": [7.5, 3.375, 7.875, 4], "texture": "#0"},
				"up": {"uv": [7.5, 3.375, 6.5, 3], "texture": "#0"},
				"down": {"uv": [8.5, 3, 7.5, 3.375], "texture": "#0"}
			}
		},
		{
			"from": [3, 24, 4],
			"to": [13, 27, 13],
			"rotation": {"angle": 22.5, "axis": "x", "origin": [12, 25, 14]},
			"faces": {
				"north": {"uv": [1.125, 1.125, 2.375, 1.5], "texture": "#0"},
				"east": {"uv": [0, 1.125, 1.125, 1.5], "texture": "#0"},
				"south": {"uv": [3.5, 1.125, 4.75, 1.5], "texture": "#0"},
				"west": {"uv": [2.375, 1.125, 3.5, 1.5], "texture": "#0"},
				"up": {"uv": [2.375, 1.125, 1.125, 0], "texture": "#0"},
				"down": {"uv": [3.625, 0, 2.375, 1.125], "texture": "#0"}
			}
		},
		{
			"from": [4, 26, 2],
			"to": [12, 27, 12],
			"faces": {
				"north": {"uv": [1.25, 2.75, 2.25, 2.875], "texture": "#0"},
				"east": {"uv": [0, 2.75, 1.25, 2.875], "texture": "#0"},
				"south": {"uv": [3.5, 2.75, 4.5, 2.875], "texture": "#0"},
				"west": {"uv": [2.25, 2.75, 3.5, 2.875], "texture": "#0"},
				"up": {"uv": [2.25, 2.75, 1.25, 1.5], "texture": "#0"},
				"down": {"uv": [3.25, 1.5, 2.25, 2.75], "texture": "#0"}
			}
		},
		{
			"from": [4, 27, 4],
			"to": [12, 29, 7],
			"faces": {
				"north": {"uv": [6.5, 2.75, 7.5, 3], "texture": "#0"},
				"east": {"uv": [6.125, 2.75, 6.5, 3], "texture": "#0"},
				"south": {"uv": [7.875, 2.75, 8.875, 3], "texture": "#0"},
				"west": {"uv": [7.5, 2.75, 7.875, 3], "texture": "#0"},
				"up": {"uv": [7.5, 2.75, 6.5, 2.375], "texture": "#0"},
				"down": {"uv": [8.5, 2.375, 7.5, 2.75], "texture": "#0"}
			}
		},
		{
			"name": "seagull1",
			"from": [13.5, 21, 5],
			"to": [16.5, 24, 10],
			"rotation": {"angle": -22.5, "axis": "y", "origin": [14.02753, 25.26763, 7.50987]},
			"faces": {
				"north": {"uv": [0.625, 7.375, 1, 7.75], "texture": "#0"},
				"east": {"uv": [0, 7.375, 0.625, 7.75], "texture": "#0"},
				"south": {"uv": [1.625, 7.375, 2, 7.75], "texture": "#0"},
				"west": {"uv": [1, 7.375, 1.625, 7.75], "texture": "#0"},
				"up": {"uv": [1, 7.375, 0.625, 6.75], "texture": "#0"},
				"down": {"uv": [1.375, 6.75, 1, 7.375], "texture": "#0"}
			}
		},
		{
			"name": "seagull2",
			"from": [14.5, 20.86786, 8.67283],
			"to": [15.5, 22.86786, 12.67283],
			"rotation": {"angle": -22.5, "axis": "y", "origin": [14.02753, 25.26763, 7.50987]},
			"faces": {
				"north": {"uv": [7, 2.125, 7.125, 2.375], "texture": "#0"},
				"east": {"uv": [6.5, 2.125, 7, 2.375], "texture": "#0"},
				"south": {"uv": [7.625, 2.125, 7.75, 2.375], "texture": "#0"},
				"west": {"uv": [7.125, 2.125, 7.625, 2.375], "texture": "#0"},
				"up": {"uv": [7.125, 2.125, 7, 1.625], "texture": "#0"},
				"down": {"uv": [7.25, 1.625, 7.125, 2.125], "texture": "#0"}
			}
		},
		{
			"name": "seagull3",
			"from": [14.1, 24, 3],
			"to": [15.9, 25, 5],
			"rotation": {"angle": -22.5, "axis": "y", "origin": [14.02753, 25.26763, 7.50987]},
			"faces": {
				"north": {"uv": [0.25, 3.125, 0.5, 3.25], "texture": "#0"},
				"east": {"uv": [0, 3.125, 0.25, 3.25], "texture": "#0"},
				"south": {"uv": [0.75, 3.125, 1, 3.25], "texture": "#0"},
				"west": {"uv": [0.5, 3.125, 0.75, 3.25], "texture": "#0"},
				"up": {"uv": [0.5, 3.125, 0.25, 2.875], "texture": "#0"},
				"down": {"uv": [0.75, 2.875, 0.5, 3.125], "texture": "#0"}
			}
		},
		{
			"name": "seagull4",
			"from": [14, 23, 4.8],
			"to": [16, 26, 6.8],
			"rotation": {"angle": -22.5, "axis": "y", "origin": [14.02753, 25.26763, 7.50987]},
			"faces": {
				"north": {"uv": [0.25, 0.25, 0.5, 0.625], "texture": "#0"},
				"east": {"uv": [0, 0.25, 0.25, 0.625], "texture": "#0"},
				"south": {"uv": [0.75, 0.25, 1, 0.625], "texture": "#0"},
				"west": {"uv": [0.5, 0.25, 0.75, 0.625], "texture": "#0"},
				"up": {"uv": [0.5, 0.25, 0.25, 0], "texture": "#0"},
				"down": {"uv": [0.75, 0, 0.5, 0.25], "texture": "#0"}
			}
		},
		{
			"name": "seagull5",
			"from": [14.5, 19, 7],
			"to": [15.5, 21, 9],
			"rotation": {"angle": -22.5, "axis": "y", "origin": [14.02753, 25.26763, 7.50987]},
			"faces": {
				"north": {"uv": [0.25, 3.5, 0.375, 3.75], "texture": "#0"},
				"east": {"uv": [0, 3.5, 0.25, 3.75], "texture": "#0"},
				"south": {"uv": [0.625, 3.5, 0.75, 3.75], "texture": "#0"},
				"west": {"uv": [0.375, 3.5, 0.625, 3.75], "texture": "#0"},
				"up": {"uv": [0.375, 3.5, 0.25, 3.25], "texture": "#0"},
				"down": {"uv": [0.5, 3.25, 0.375, 3.5], "texture": "#0"}
			}
		},
		{
			"name": "seagull7",
			"from": [15.96813, 20.00943, 6],
			"to": [16.96813, 24.00943, 10],
			"rotation": {"angle": -22.5, "axis": "y", "origin": [15.02753, 25.26763, 7.50987]},
			"faces": {
				"north": {"uv": [7.75, 0.5, 7.875, 1], "texture": "#0"},
				"east": {"uv": [7.25, 0.5, 7.75, 1], "texture": "#0"},
				"south": {"uv": [8.375, 0.5, 8.5, 1], "texture": "#0"},
				"west": {"uv": [7.875, 0.5, 8.375, 1], "texture": "#0"},
				"up": {"uv": [7.875, 0.5, 7.75, 0], "texture": "#0"},
				"down": {"uv": [8, 0, 7.875, 0.5], "texture": "#0"}
			}
		},
		{
			"name": "seagull8",
			"from": [13.03187, 20.00943, 5],
			"to": [14.03187, 24.00943, 9],
			"rotation": {"angle": -22.5, "axis": "y", "origin": [13.02753, 25.26763, 7.50987]},
			"faces": {
				"north": {"uv": [0.5, 2, 0.625, 2.5], "texture": "#0"},
				"east": {"uv": [0, 2, 0.5, 2.5], "texture": "#0"},
				"south": {"uv": [1.125, 2, 1.25, 2.5], "texture": "#0"},
				"west": {"uv": [0.625, 2, 1.125, 2.5], "texture": "#0"},
				"up": {"uv": [0.625, 2, 0.5, 1.5], "texture": "#0"},
				"down": {"uv": [0.75, 1.5, 0.625, 2], "texture": "#0"}
			}
		},
		{
			"from": [6, 21, -2],
			"to": [7, 22, 5],
			"rotation": {"angle": -22.5, "axis": "x", "origin": [13, 23, 7]},
			"faces": {
				"north": {"uv": [2.875, 7.625, 3, 7.75], "texture": "#0"},
				"east": {"uv": [2, 7.625, 2.875, 7.75], "texture": "#0"},
				"south": {"uv": [3.875, 7.625, 4, 7.75], "texture": "#0"},
				"west": {"uv": [3, 7.625, 3.875, 7.75], "texture": "#0"},
				"up": {"uv": [3, 7.625, 2.875, 6.75], "texture": "#0"},
				"down": {"uv": [3.125, 6.75, 3, 7.625], "texture": "#0"}
			}
		},
		{
			"from": [5.5, 20.2, -3],
			"to": [7.5, 22.2, -1],
			"rotation": {"angle": -22.5, "axis": "x", "origin": [13, 23, 4]},
			"faces": {
				"north": {"uv": [0.25, 0.875, 0.5, 1.125], "texture": "#0"},
				"east": {"uv": [0, 0.875, 0.25, 1.125], "texture": "#0"},
				"south": {"uv": [0.75, 0.875, 1, 1.125], "texture": "#0"},
				"west": {"uv": [0.5, 0.875, 0.75, 1.125], "texture": "#0"},
				"up": {"uv": [0.5, 0.875, 0.25, 0.625], "texture": "#0"},
				"down": {"uv": [0.75, 0.625, 0.5, 0.875], "texture": "#0"}
			}
		}
	],
	"display": {
		"thirdperson_righthand": {
			"rotation": [75, 0, -9.8],
			"translation": [1.5, 10.5, 53.75],
			"scale": [1.85, 1.7, 1.85]
		},
		"firstperson_righthand": {
			"rotation": [13.75, 0, 0],
			"scale": [0.5, 0.5, 0.5]
		},
		"gui": {
			"rotation": [-1, -180, 11],
			"translation": [-0.25, -1.5, 0],
			"scale": [0.5, 0.5, 0.5]
		},
		"head": {
			"rotation": [3.5, -6.25, 0],
			"translation": [0.25, -4.75, 1.5],
			"scale": [3.5, 3, 3.5]
		}
	},
	"groups": [0, 1, 2, 3, 4, 5, 6, 7, 8, 9, 10, 11, 12, 13,
		{
			"name": "group",
			"origin": [12, 28, 14],
			"children": [14, 15, 16]
		},
		{
			"name": "Seagull",
			"origin": [25, 35, 15],
			"children": [17, 18, 19, 20, 21, 22, 23]
		},
		{
			"name": "group",
			"origin": [12, 23, 8],
			"children": [24, 25]
		}
	]
}