{
	"credit": "Made with Blockbench",
	"textures": {
		"0": "item/water/pirate",
		"particle": "item/water/pirate"
	},
	"elements": [
		{
			"from": [8, -5, 6],
			"to": [12, 7, 10],
			"rotation": {"angle": 0, "axis": "x", "origin": [16, 6, 15]},
			"faces": {
				"north": {"uv": [5, 6.5, 5.5, 8], "texture": "#0"},
				"east": {"uv": [4.5, 6.5, 5, 8], "texture": "#0"},
				"south": {"uv": [6, 6.5, 6.5, 8], "texture": "#0"},
				"west": {"uv": [5.5, 6.5, 6, 8], "texture": "#0"},
				"up": {"uv": [5.5, 6.5, 5, 6], "texture": "#0"},
				"down": {"uv": [6, 6, 5.5, 6.5], "texture": "#0"}
			}
		},
		{
			"from": [4, -5, 6],
			"to": [8, 7, 10],
			"rotation": {"angle": 0, "axis": "x", "origin": [12, 1, 12]},
			"faces": {
				"north": {"uv": [0.5, 6.5, 1, 8], "texture": "#0"},
				"east": {"uv": [0, 6.5, 0.5, 8], "texture": "#0"},
				"south": {"uv": [1.5, 6.5, 2, 8], "texture": "#0"},
				"west": {"uv": [1, 6.5, 1.5, 8], "texture": "#0"},
				"up": {"uv": [1, 6.5, 0.5, 6], "texture": "#0"},
				"down": {"uv": [1.5, 6, 1, 6.5], "texture": "#0"}
			}
		},
		{
			"from": [12, 9, 6],
			"to": [16, 21, 10],
			"rotation": {"angle": -22.5, "axis": "x", "origin": [20, 17, 14]},
			"faces": {
				"north": {"uv": [3, 6, 3.5, 7.5], "texture": "#0"},
				"east": {"uv": [2.5, 6, 3, 7.5], "texture": "#0"},
				"south": {"uv": [4, 6, 4.5, 7.5], "texture": "#0"},
				"west": {"uv": [3.5, 6, 4, 7.5], "texture": "#0"},
				"up": {"uv": [3.5, 6, 3, 5.5], "texture": "#0"},
				"down": {"uv": [4, 5.5, 3.5, 6], "texture": "#0"}
			}
		},
		{
			"from": [13, 10, 3],
			"to": [15, 12, 13],
			"rotation": {"angle": -22.5, "axis": "x", "origin": [20, 17, 14]},
			"faces": {
				"north": {"uv": [5.5, 1.625, 5.75, 1.875], "texture": "#0"},
				"east": {"uv": [4.25, 1.625, 5.5, 1.875], "texture": "#0"},
				"south": {"uv": [7, 1.625, 7.25, 1.875], "texture": "#0"},
				"west": {"uv": [5.75, 1.625, 7, 1.875], "texture": "#0"},
				"up": {"uv": [5.75, 1.625, 5.5, 0.375], "texture": "#0"},
				"down": {"uv": [6, 0.375, 5.75, 1.625], "texture": "#0"}
			}
		},
		{
			"from": [4, 7, 6],
			"to": [12, 19, 10],
			"faces": {
				"north": {"uv": [4.5, 4.5, 5.5, 6], "texture": "#0"},
				"east": {"uv": [4, 4.5, 4.5, 6], "texture": "#0"},
				"south": {"uv": [6, 4.5, 7, 6], "texture": "#0"},
				"west": {"uv": [5.5, 4.5, 6, 6], "texture": "#0"},
				"up": {"uv": [5.5, 4.5, 4.5, 4], "texture": "#0"},
				"down": {"uv": [6.5, 4, 5.5, 4.5], "texture": "#0"}
			}
		},
		{
			"from": [4, 19, 4],
			"to": [12, 27, 12],
			"faces": {
				"north": {"uv": [1, 4, 2, 5], "texture": "#0"},
				"east": {"uv": [0, 4, 1, 5], "texture": "#0"},
				"south": {"uv": [3, 4, 4, 5], "texture": "#0"},
				"west": {"uv": [2, 4, 3, 5], "texture": "#0"},
				"up": {"uv": [2, 4, 1, 3], "texture": "#0"},
				"down": {"uv": [3, 3, 2, 4], "texture": "#0"}
			}
		},
		{
			"from": [5, 17, 3],
			"to": [11, 22, 5],
			"faces": {
				"north": {"uv": [6.25, 2.125, 7, 2.75], "texture": "#0"},
				"east": {"uv": [6, 2.125, 6.25, 2.75], "texture": "#0"},
				"south": {"uv": [7.25, 2.125, 8, 2.75], "texture": "#0"},
				"west": {"uv": [7, 2.125, 7.25, 2.75], "texture": "#0"},
				"up": {"uv": [7, 2.125, 6.25, 1.875], "texture": "#0"},
				"down": {"uv": [7.75, 1.875, 7, 2.125], "texture": "#0"}
			}
		},
		{
			"from": [12, 17, 5],
			"to": [13, 25, 6],
			"faces": {
				"north": {"uv": [0.625, 1.75, 0.75, 2.75], "texture": "#0"},
				"east": {"uv": [0.5, 1.75, 0.625, 2.75], "texture": "#0"},
				"south": {"uv": [0.875, 1.75, 1, 2.75], "texture": "#0"},
				"west": {"uv": [0.75, 1.75, 0.875, 2.75], "texture": "#0"},
				"up": {"uv": [0.75, 1.75, 0.625, 1.625], "texture": "#0"},
				"down": {"uv": [0.875, 1.625, 0.75, 1.75], "texture": "#0"}
			}
		},
		{
			"from": [3, 17, 5],
			"to": [4, 25, 6],
			"faces": {
				"north": {"uv": [0.125, 1.75, 0.25, 2.75], "texture": "#0"},
				"east": {"uv": [0, 1.75, 0.125, 2.75], "texture": "#0"},
				"south": {"uv": [0.375, 1.75, 0.5, 2.75], "texture": "#0"},
				"west": {"uv": [0.25, 1.75, 0.375, 2.75], "texture": "#0"},
				"up": {"uv": [0.25, 1.75, 0.125, 1.625], "texture": "#0"},
				"down": {"uv": [0.375, 1.625, 0.25, 1.75], "texture": "#0"}
			}
		},
		{
			"from": [1, 16.00869, -4.9703],
			"to": [3, 20.00869, -3.9703],
			"rotation": {"angle": 22.5, "axis": "x", "origin": [1.99129, 16.98949, 8.0192]},
			"faces": {
				"north": {"uv": [0.125, 3.125, 0.375, 3.625], "texture": "#0"},
				"east": {"uv": [0, 3.125, 0.125, 3.625], "texture": "#0"},
				"south": {"uv": [0.5, 3.125, 0.75, 3.625], "texture": "#0"},
				"west": {"uv": [0.375, 3.125, 0.5, 3.625], "texture": "#0"},
				"up": {"uv": [0.375, 3.125, 0.125, 3], "texture": "#0"},
				"down": {"uv": [0.625, 3, 0.375, 3.125], "texture": "#0"}
			}
		},
		{
			"from": [1, 19.00869, -3.9703],
			"to": [3, 20.00869, -0.9703],
			"rotation": {"angle": 22.5, "axis": "x", "origin": [1.99129, 16.98949, 8.0192]},
			"faces": {
				"north": {"uv": [0.375, 1, 0.625, 1.125], "texture": "#0"},
				"east": {"uv": [0, 1, 0.375, 1.125], "texture": "#0"},
				"south": {"uv": [1, 1, 1.25, 1.125], "texture": "#0"},
				"west": {"uv": [0.625, 1, 1, 1.125], "texture": "#0"},
				"up": {"uv": [0.625, 1, 0.375, 0.625], "texture": "#0"},
				"down": {"uv": [0.875, 0.625, 0.625, 1], "texture": "#0"}
			}
		},
		{
			"from": [1, 16.00869, -0.9703],
			"to": [3, 20.00869, 0.0297],
			"rotation": {"angle": 22.5, "axis": "x", "origin": [1.99129, 16.98949, 8.0192]},
			"faces": {
				"north": {"uv": [3.125, 3.125, 3.375, 3.625], "texture": "#0"},
				"east": {"uv": [3, 3.125, 3.125, 3.625], "texture": "#0"},
				"south": {"uv": [3.5, 3.125, 3.75, 3.625], "texture": "#0"},
				"west": {"uv": [3.375, 3.125, 3.5, 3.625], "texture": "#0"},
				"up": {"uv": [3.375, 3.125, 3.125, 3], "texture": "#0"},
				"down": {"uv": [3.625, 3, 3.375, 3.125], "texture": "#0"}
			}
		},
		{
			"from": [1, 16.00869, 0.0297],
			"to": [3, 18.00869, 3.0297],
			"rotation": {"angle": 22.5, "axis": "x", "origin": [1.99129, 16.98949, 8.0192]},
			"faces": {
				"north": {"uv": [0.375, 0.375, 0.625, 0.625], "texture": "#0"},
				"east": {"uv": [0, 0.375, 0.375, 0.625], "texture": "#0"},
				"south": {"uv": [1, 0.375, 1.25, 0.625], "texture": "#0"},
				"west": {"uv": [0.625, 0.375, 1, 0.625], "texture": "#0"},
				"up": {"uv": [0.625, 0.375, 0.375, 0], "texture": "#0"},
				"down": {"uv": [0.875, 0, 0.625, 0.375], "texture": "#0"}
			}
		},
		{
			"from": [0, 15.00869, 1.0297],
			"to": [4, 19.00869, 10.0297],
			"rotation": {"angle": 22.5, "axis": "x", "origin": [1.99129, 16.98949, 8.0192]},
			"faces": {
				"north": {"uv": [5, 3, 5.5, 3.5], "texture": "#0"},
				"east": {"uv": [3.875, 3, 5, 3.5], "texture": "#0"},
				"south": {"uv": [6.625, 3, 7.125, 3.5], "texture": "#0"},
				"west": {"uv": [5.5, 3, 6.625, 3.5], "texture": "#0"},
				"up": {"uv": [5.5, 3, 5, 1.875], "texture": "#0"},
				"down": {"uv": [6, 1.875, 5.5, 3], "texture": "#0"}
			}
		},
		{
			"from": [3, 25, 3],
			"to": [13, 26, 13],
			"faces": {
				"north": {"uv": [1.25, 2.875, 2.5, 3], "texture": "#0"},
				"east": {"uv": [0, 2.875, 1.25, 3], "texture": "#0"},
				"south": {"uv": [3.75, 2.875, 5, 3], "texture": "#0"},
				"west": {"uv": [2.5, 2.875, 3.75, 3], "texture": "#0"},
				"up": {"uv": [2.5, 2.875, 1.25, 1.625], "texture": "#0"},
				"down": {"uv": [3.75, 1.625, 2.5, 2.875], "texture": "#0"}
			}
		},
		{
			"from": [2, 26, 3],
			"to": [14, 29, 13],
			"faces": {
				"north": {"uv": [1.25, 1.25, 2.75, 1.625], "texture": "#0"},
				"east": {"uv": [0, 1.25, 1.25, 1.625], "texture": "#0"},
				"south": {"uv": [4, 1.25, 5.5, 1.625], "texture": "#0"},
				"west": {"uv": [2.75, 1.25, 4, 1.625], "texture": "#0"},
				"up": {"uv": [2.75, 1.25, 1.25, 0], "texture": "#0"},
				"down": {"uv": [4.25, 0, 2.75, 1.25], "texture": "#0"}
			}
		},
		{
			"from": [4, 26, 1],
			"to": [12, 30, 5],
			"faces": {
				"north": {"uv": [0.5, 5.5, 1.5, 6], "texture": "#0"},
				"east": {"uv": [0, 5.5, 0.5, 6], "texture": "#0"},
				"south": {"uv": [2, 5.5, 3, 6], "texture": "#0"},
				"west": {"uv": [1.5, 5.5, 2, 6], "texture": "#0"},
				"up": {"uv": [1.5, 5.5, 0.5, 5], "texture": "#0"},
				"down": {"uv": [2.5, 5, 1.5, 5.5], "texture": "#0"}
			}
		},
		{
			"from": [4, 26, 11],
			"to": [12, 30, 14],
			"faces": {
				"north": {"uv": [6.375, 0.375, 7.375, 0.875], "texture": "#0"},
				"east": {"uv": [6, 0.375, 6.375, 0.875], "texture": "#0"},
				"south": {"uv": [7.75, 0.375, 8.75, 0.875], "texture": "#0"},
				"west": {"uv": [7.375, 0.375, 7.75, 0.875], "texture": "#0"},
				"up": {"uv": [7.375, 0.375, 6.375, 0], "texture": "#0"},
				"down": {"uv": [8.375, 0, 7.375, 0.375], "texture": "#0"}
			}
		}
	],
	"display": {
		"thirdperson_righthand": {
			"rotation": [75, 0, -9.8],
			"translation": [1.5, 10.5, 53.75],
			"scale": [1.85, 1.7, 1.85]
		},
		"firstperson_righthand": {
			"rotation": [13.75, 0, 0],
			"scale": [0.5, 0.5, 0.5]
		},
		"gui": {
			"rotation": [-1, -180, 11],
			"translation": [-0.25, -1.5, 0],
			"scale": [0.5, 0.5, 0.5]
		},
		"head": {
			"rotation": [3.5, -6.25, 0],
			"translation": [0.25, -4.75, 1.5],
			"scale": [3.5, 3, 3.5]
		}
	},
	"groups": [0, 1, 2, 3, 4, 5, 6, 7, 8,
		{
			"name": "group",
			"origin": [1.99129, 16.98949, -7.9808],
			"children": [9, 10, 11, 12, 13]
		},
		{
			"name": "group",
			"origin": [12, 23, 14],
			"children": [14, 15, 16, 17]
		}
	]
}