{
	"credit": "Made with Blockbench",
	"textures": {
		"0": "item/water/poseidon",
		"particle": "item/water/poseidon"
	},
	"elements": [
		{
			"from": [8, -5, 6],
			"to": [12, 7, 10],
			"faces": {
				"north": {"uv": [7.75, 0.5, 8.25, 2], "texture": "#0"},
				"east": {"uv": [7.25, 0.5, 7.75, 2], "texture": "#0"},
				"south": {"uv": [8.75, 0.5, 9.25, 2], "texture": "#0"},
				"west": {"uv": [8.25, 0.5, 8.75, 2], "texture": "#0"},
				"up": {"uv": [8.25, 0.5, 7.75, 0], "texture": "#0"},
				"down": {"uv": [8.75, 0, 8.25, 0.5], "texture": "#0"}
			}
		},
		{
			"from": [4, -5, 6],
			"to": [8, 7, 10],
			"faces": {
				"north": {"uv": [0.5, 7.75, 1, 9.25], "texture": "#0"},
				"east": {"uv": [0, 7.75, 0.5, 9.25], "texture": "#0"},
				"south": {"uv": [1.5, 7.75, 2, 9.25], "texture": "#0"},
				"west": {"uv": [1, 7.75, 1.5, 9.25], "texture": "#0"},
				"up": {"uv": [1, 7.75, 0.5, 7.25], "texture": "#0"},
				"down": {"uv": [1.5, 7.25, 1, 7.75], "texture": "#0"}
			}
		},
		{
			"from": [0, 5, 6],
			"to": [4, 16, 10],
			"rotation": {"angle": -22.5, "axis": "z", "origin": [8, 12, 14]},
			"faces": {
				"north": {"uv": [7.25, 7.25, 7.75, 8.75], "texture": "#0"},
				"east": {"uv": [6.75, 7.25, 7.25, 8.75], "texture": "#0"},
				"south": {"uv": [8.25, 7.25, 8.75, 8.75], "texture": "#0"},
				"west": {"uv": [7.75, 7.25, 8.25, 8.75], "texture": "#0"},
				"up": {"uv": [7.75, 7.25, 7.25, 6.75], "texture": "#0"},
				"down": {"uv": [8.25, 6.75, 7.75, 7.25], "texture": "#0"}
			}
		},
		{
			"from": [-0.5, 4, 5.5],
			"to": [4.6, 8, 10.6],
			"rotation": {"angle": -22.5, "axis": "z", "origin": [8, 12, 14]},
			"faces": {
				"north": {"uv": [7.5, 6.25, 8.125, 6.75], "texture": "#0"},
				"east": {"uv": [6.875, 6.25, 7.5, 6.75], "texture": "#0"},
				"south": {"uv": [8.75, 6.25, 9.375, 6.75], "texture": "#0"},
				"west": {"uv": [8.125, 6.25, 8.75, 6.75], "texture": "#0"},
				"up": {"uv": [8.125, 6.25, 7.5, 5.625], "texture": "#0"},
				"down": {"uv": [8.75, 5.625, 8.125, 6.25], "texture": "#0"}
			}
		},
		{
			"from": [19, 14.5, 6],
			"to": [24.1, 19.6, 11],
			"rotation": {"angle": -45, "axis": "y", "origin": [28, 23, 2]},
			"faces": {
				"north": {"uv": [7.375, 5, 8, 5.625], "texture": "#0"},
				"east": {"uv": [6.75, 5, 7.375, 5.625], "texture": "#0"},
				"south": {"uv": [8.625, 5, 9.25, 5.625], "texture": "#0"},
				"west": {"uv": [8, 5, 8.625, 5.625], "texture": "#0"},
				"up": {"uv": [8, 5, 7.375, 4.375], "texture": "#0"},
				"down": {"uv": [8.625, 4.375, 8, 5], "texture": "#0"}
			}
		},
		{
			"from": [-1, 8, 5],
			"to": [5, 10, 11],
			"rotation": {"angle": -22.5, "axis": "z", "origin": [8, 12, 14]},
			"faces": {
				"north": {"uv": [0.75, 4.25, 1.5, 4.5], "texture": "#0"},
				"east": {"uv": [0, 4.25, 0.75, 4.5], "texture": "#0"},
				"south": {"uv": [2.25, 4.25, 3, 4.5], "texture": "#0"},
				"west": {"uv": [1.5, 4.25, 2.25, 4.5], "texture": "#0"},
				"up": {"uv": [1.5, 4.25, 0.75, 3.5], "texture": "#0"},
				"down": {"uv": [2.25, 3.5, 1.5, 4.25], "texture": "#0"}
			}
		},
		{
			"from": [4, 7, 6],
			"to": [12, 19, 10],
			"faces": {
				"north": {"uv": [3.5, 6.625, 4.5, 8.125], "texture": "#0"},
				"east": {"uv": [3, 6.625, 3.5, 8.125], "texture": "#0"},
				"south": {"uv": [5, 6.625, 6, 8.125], "texture": "#0"},
				"west": {"uv": [4.5, 6.625, 5, 8.125], "texture": "#0"},
				"up": {"uv": [4.5, 6.625, 3.5, 6.125], "texture": "#0"},
				"down": {"uv": [5.5, 6.125, 4.5, 6.625], "texture": "#0"}
			}
		},
		{
			"from": [3, 6, 5],
			"to": [13, 9, 11],
			"faces": {
				"north": {"uv": [4.25, 5.75, 5.5, 6.125], "texture": "#0"},
				"east": {"uv": [3.5, 5.75, 4.25, 6.125], "texture": "#0"},
				"south": {"uv": [6.25, 5.75, 7.5, 6.125], "texture": "#0"},
				"west": {"uv": [5.5, 5.75, 6.25, 6.125], "texture": "#0"},
				"up": {"uv": [5.5, 5.75, 4.25, 5], "texture": "#0"},
				"down": {"uv": [6.75, 5, 5.5, 5.75], "texture": "#0"}
			}
		},
		{
			"from": [7, -5, 5],
			"to": [13, 6, 11],
			"faces": {
				"north": {"uv": [5, 1.5, 5.75, 2.875], "texture": "#0"},
				"east": {"uv": [4.25, 1.5, 5, 2.875], "texture": "#0"},
				"south": {"uv": [6.5, 1.5, 7.25, 2.875], "texture": "#0"},
				"west": {"uv": [5.75, 1.5, 6.5, 2.875], "texture": "#0"},
				"up": {"uv": [5.75, 1.5, 5, 0.75], "texture": "#0"},
				"down": {"uv": [6.5, 0.75, 5.75, 1.5], "texture": "#0"}
			}
		},
		{
			"from": [4, 14, 5],
			"to": [12, 18, 9],
			"faces": {
				"north": {"uv": [0.5, 6.75, 1.5, 7.25], "texture": "#0"},
				"east": {"uv": [0, 6.75, 0.5, 7.25], "texture": "#0"},
				"south": {"uv": [2, 6.75, 3, 7.25], "texture": "#0"},
				"west": {"uv": [1.5, 6.75, 2, 7.25], "texture": "#0"},
				"up": {"uv": [1.5, 6.75, 0.5, 6.25], "texture": "#0"},
				"down": {"uv": [2.5, 6.25, 1.5, 6.75], "texture": "#0"}
			}
		},
		{
			"from": [5, 9, 5],
			"to": [11, 14, 9],
			"faces": {
				"north": {"uv": [2.5, 8.625, 3.25, 9.25], "texture": "#0"},
				"east": {"uv": [2, 8.625, 2.5, 9.25], "texture": "#0"},
				"south": {"uv": [3.75, 8.625, 4.5, 9.25], "texture": "#0"},
				"west": {"uv": [3.25, 8.625, 3.75, 9.25], "texture": "#0"},
				"up": {"uv": [3.25, 8.625, 2.5, 8.125], "texture": "#0"},
				"down": {"uv": [4, 8.125, 3.25, 8.625], "texture": "#0"}
			}
		},
		{
			"from": [4, 19, 4],
			"to": [12, 27, 12],
			"faces": {
				"north": {"uv": [4, 4, 5, 5], "texture": "#0"},
				"east": {"uv": [3, 4, 4, 5], "texture": "#0"},
				"south": {"uv": [6, 4, 7, 5], "texture": "#0"},
				"west": {"uv": [5, 4, 6, 5], "texture": "#0"},
				"up": {"uv": [5, 4, 4, 3], "texture": "#0"},
				"down": {"uv": [6, 3, 5, 4], "texture": "#0"}
			}
		},
		{
			"from": [3, 26, 3],
			"to": [13, 28, 13],
			"faces": {
				"north": {"uv": [1.25, 1.25, 2.5, 1.5], "texture": "#0"},
				"east": {"uv": [0, 1.25, 1.25, 1.5], "texture": "#0"},
				"south": {"uv": [3.75, 1.25, 5, 1.5], "texture": "#0"},
				"west": {"uv": [2.5, 1.25, 3.75, 1.5], "texture": "#0"},
				"up": {"uv": [2.5, 1.25, 1.25, 0], "texture": "#0"},
				"down": {"uv": [3.75, 0, 2.5, 1.25], "texture": "#0"}
			}
		},
		{
			"from": [7, 28, 3],
			"to": [9, 31, 5],
			"faces": {
				"north": {"uv": [0.25, 1.75, 0.5, 2.125], "texture": "#0"},
				"east": {"uv": [0, 1.75, 0.25, 2.125], "texture": "#0"},
				"south": {"uv": [0.75, 1.75, 1, 2.125], "texture": "#0"},
				"west": {"uv": [0.5, 1.75, 0.75, 2.125], "texture": "#0"},
				"up": {"uv": [0.5, 1.75, 0.25, 1.5], "texture": "#0"},
				"down": {"uv": [0.75, 1.5, 0.5, 1.75], "texture": "#0"}
			}
		},
		{
			"from": [11, 28, 3],
			"to": [13, 30, 5],
			"faces": {
				"north": {"uv": [8.875, 4.75, 9.125, 5], "texture": "#0"},
				"east": {"uv": [8.625, 4.75, 8.875, 5], "texture": "#0"},
				"south": {"uv": [9.375, 4.75, 9.625, 5], "texture": "#0"},
				"west": {"uv": [9.125, 4.75, 9.375, 5], "texture": "#0"},
				"up": {"uv": [9.125, 4.75, 8.875, 4.5], "texture": "#0"},
				"down": {"uv": [9.375, 4.5, 9.125, 4.75], "texture": "#0"}
			}
		},
		{
			"from": [11, 28, 11],
			"to": [13, 30, 13],
			"faces": {
				"north": {"uv": [1.75, 7.5, 2, 7.75], "texture": "#0"},
				"east": {"uv": [1.5, 7.5, 1.75, 7.75], "texture": "#0"},
				"south": {"uv": [2.25, 7.5, 2.5, 7.75], "texture": "#0"},
				"west": {"uv": [2, 7.5, 2.25, 7.75], "texture": "#0"},
				"up": {"uv": [2, 7.5, 1.75, 7.25], "texture": "#0"},
				"down": {"uv": [2.25, 7.25, 2, 7.5], "texture": "#0"}
			}
		},
		{
			"from": [3, 28, 11],
			"to": [5, 30, 13],
			"faces": {
				"north": {"uv": [7.25, 4.125, 7.5, 4.375], "texture": "#0"},
				"east": {"uv": [7, 4.125, 7.25, 4.375], "texture": "#0"},
				"south": {"uv": [7.75, 4.125, 8, 4.375], "texture": "#0"},
				"west": {"uv": [7.5, 4.125, 7.75, 4.375], "texture": "#0"},
				"up": {"uv": [7.5, 4.125, 7.25, 3.875], "texture": "#0"},
				"down": {"uv": [7.75, 3.875, 7.5, 4.125], "texture": "#0"}
			}
		},
		{
			"from": [7, 28, 11],
			"to": [9, 31, 13],
			"faces": {
				"north": {"uv": [3.25, 1.75, 3.5, 2.125], "texture": "#0"},
				"east": {"uv": [3, 1.75, 3.25, 2.125], "texture": "#0"},
				"south": {"uv": [3.75, 1.75, 4, 2.125], "texture": "#0"},
				"west": {"uv": [3.5, 1.75, 3.75, 2.125], "texture": "#0"},
				"up": {"uv": [3.5, 1.75, 3.25, 1.5], "texture": "#0"},
				"down": {"uv": [3.75, 1.5, 3.5, 1.75], "texture": "#0"}
			}
		},
		{
			"from": [11, 28, 7],
			"to": [13, 30, 9],
			"faces": {
				"north": {"uv": [4, 0.75, 4.25, 1], "texture": "#0"},
				"east": {"uv": [3.75, 0.75, 4, 1], "texture": "#0"},
				"south": {"uv": [4.5, 0.75, 4.75, 1], "texture": "#0"},
				"west": {"uv": [4.25, 0.75, 4.5, 1], "texture": "#0"},
				"up": {"uv": [4.25, 0.75, 4, 0.5], "texture": "#0"},
				"down": {"uv": [4.5, 0.5, 4.25, 0.75], "texture": "#0"}
			}
		},
		{
			"from": [3, 28, 7],
			"to": [5, 30, 9],
			"faces": {
				"north": {"uv": [2.5, 3.75, 2.75, 4], "texture": "#0"},
				"east": {"uv": [2.25, 3.75, 2.5, 4], "texture": "#0"},
				"south": {"uv": [3, 3.75, 3.25, 4], "texture": "#0"},
				"west": {"uv": [2.75, 3.75, 3, 4], "texture": "#0"},
				"up": {"uv": [2.75, 3.75, 2.5, 3.5], "texture": "#0"},
				"down": {"uv": [3, 3.5, 2.75, 3.75], "texture": "#0"}
			}
		},
		{
			"from": [3, 28, 3],
			"to": [5, 30, 5],
			"faces": {
				"north": {"uv": [8.5, 7, 8.75, 7.25], "texture": "#0"},
				"east": {"uv": [8.25, 7, 8.5, 7.25], "texture": "#0"},
				"south": {"uv": [9, 7, 9.25, 7.25], "texture": "#0"},
				"west": {"uv": [8.75, 7, 9, 7.25], "texture": "#0"},
				"up": {"uv": [8.75, 7, 8.5, 6.75], "texture": "#0"},
				"down": {"uv": [9, 6.75, 8.75, 7], "texture": "#0"}
			}
		},
		{
			"from": [4, 17, 3],
			"to": [12, 22, 5],
			"faces": {
				"north": {"uv": [7.5, 2.25, 8.5, 2.875], "texture": "#0"},
				"east": {"uv": [7.25, 2.25, 7.5, 2.875], "texture": "#0"},
				"south": {"uv": [8.75, 2.25, 9.75, 2.875], "texture": "#0"},
				"west": {"uv": [8.5, 2.25, 8.75, 2.875], "texture": "#0"},
				"up": {"uv": [8.5, 2.25, 7.5, 2], "texture": "#0"},
				"down": {"uv": [9.5, 2, 8.5, 2.25], "texture": "#0"}
			}
		},
		{
			"from": [5, 14, 3],
			"to": [11, 17, 5],
			"faces": {
				"north": {"uv": [8.875, 4.125, 9.625, 4.5], "texture": "#0"},
				"east": {"uv": [8.625, 4.125, 8.875, 4.5], "texture": "#0"},
				"south": {"uv": [9.875, 4.125, 10.625, 4.5], "texture": "#0"},
				"west": {"uv": [9.625, 4.125, 9.875, 4.5], "texture": "#0"},
				"up": {"uv": [9.625, 4.125, 8.875, 3.875], "texture": "#0"},
				"down": {"uv": [10.375, 3.875, 9.625, 4.125], "texture": "#0"}
			}
		},
		{
			"from": [3, 16, 5],
			"to": [13, 26, 9],
			"faces": {
				"north": {"uv": [0.5, 5, 1.75, 6.25], "texture": "#0"},
				"east": {"uv": [0, 5, 0.5, 6.25], "texture": "#0"},
				"south": {"uv": [2.25, 5, 3.5, 6.25], "texture": "#0"},
				"west": {"uv": [1.75, 5, 2.25, 6.25], "texture": "#0"},
				"up": {"uv": [1.75, 5, 0.5, 4.5], "texture": "#0"},
				"down": {"uv": [3, 4.5, 1.75, 5], "texture": "#0"}
			}
		},
		{
			"from": [11, 15, 6],
			"to": [23, 19, 10],
			"rotation": {"angle": 45, "axis": "y", "origin": [13, 16, 8]},
			"faces": {
				"north": {"uv": [6.5, 3.375, 8, 3.875], "texture": "#0"},
				"east": {"uv": [6, 3.375, 6.5, 3.875], "texture": "#0"},
				"south": {"uv": [8.5, 3.375, 10, 3.875], "texture": "#0"},
				"west": {"uv": [8, 3.375, 8.5, 3.875], "texture": "#0"},
				"up": {"uv": [8, 3.375, 6.5, 2.875], "texture": "#0"},
				"down": {"uv": [9.5, 2.875, 8, 3.375], "texture": "#0"}
			}
		},
		{
			"from": [17, 14, 5],
			"to": [19, 20, 11],
			"rotation": {"angle": 45, "axis": "y", "origin": [13, 16, 8]},
			"faces": {
				"north": {"uv": [8.75, 8.75, 9, 9.5], "texture": "#0"},
				"east": {"uv": [8, 8.75, 8.75, 9.5], "texture": "#0"},
				"south": {"uv": [9.75, 8.75, 10, 9.5], "texture": "#0"},
				"west": {"uv": [9, 8.75, 9.75, 9.5], "texture": "#0"},
				"up": {"uv": [9, 8.75, 8.75, 8], "texture": "#0"},
				"down": {"uv": [9.25, 8, 9, 8.75], "texture": "#0"}
			}
		},
		{
			"from": [21, -5, 7],
			"to": [22, 21, 9],
			"rotation": {"angle": 45, "axis": "y", "origin": [13, 16, 8]},
			"faces": {
				"north": {"uv": [6.25, 6.375, 6.375, 9.625], "texture": "#0"},
				"east": {"uv": [6, 6.375, 6.25, 9.625], "texture": "#0"},
				"south": {"uv": [6.625, 6.375, 6.75, 9.625], "texture": "#0"},
				"west": {"uv": [6.375, 6.375, 6.625, 9.625], "texture": "#0"},
				"up": {"uv": [6.375, 6.375, 6.25, 6.125], "texture": "#0"},
				"down": {"uv": [6.5, 6.125, 6.375, 6.375], "texture": "#0"}
			}
		},
		{
			"from": [18, 21, 7],
			"to": [25, 23, 9],
			"rotation": {"angle": 45, "axis": "y", "origin": [13, 28, 8]},
			"faces": {
				"north": {"uv": [4, 0.25, 4.875, 0.5], "texture": "#0"},
				"east": {"uv": [3.75, 0.25, 4, 0.5], "texture": "#0"},
				"south": {"uv": [5.125, 0.25, 6, 0.5], "texture": "#0"},
				"west": {"uv": [4.875, 0.25, 5.125, 0.5], "texture": "#0"},
				"up": {"uv": [4.875, 0.25, 4, 0], "texture": "#0"},
				"down": {"uv": [5.75, 0, 4.875, 0.25], "texture": "#0"}
			}
		},
		{
			"from": [18, 22, 7],
			"to": [19, 30, 9],
			"rotation": {"angle": 45, "axis": "y", "origin": [13, 27, 8]},
			"faces": {
				"north": {"uv": [4.75, 8.375, 4.875, 9.375], "texture": "#0"},
				"east": {"uv": [4.5, 8.375, 4.75, 9.375], "texture": "#0"},
				"south": {"uv": [5.125, 8.375, 5.25, 9.375], "texture": "#0"},
				"west": {"uv": [4.875, 8.375, 5.125, 9.375], "texture": "#0"},
				"up": {"uv": [4.875, 8.375, 4.75, 8.125], "texture": "#0"},
				"down": {"uv": [5, 8.125, 4.875, 8.375], "texture": "#0"}
			}
		},
		{
			"from": [21, 23, 7],
			"to": [22, 31, 9],
			"rotation": {"angle": 45, "axis": "y", "origin": [13, 28, 8]},
			"faces": {
				"north": {"uv": [6.75, 0.25, 6.875, 1.25], "texture": "#0"},
				"east": {"uv": [6.5, 0.25, 6.75, 1.25], "texture": "#0"},
				"south": {"uv": [7.125, 0.25, 7.25, 1.25], "texture": "#0"},
				"west": {"uv": [6.875, 0.25, 7.125, 1.25], "texture": "#0"},
				"up": {"uv": [6.875, 0.25, 6.75, 0], "texture": "#0"},
				"down": {"uv": [7, 0, 6.875, 0.25], "texture": "#0"}
			}
		},
		{
			"from": [24, 22, 7],
			"to": [25, 30, 9],
			"rotation": {"angle": 45, "axis": "y", "origin": [13, 27, 8]},
			"faces": {
				"north": {"uv": [0.25, 0.25, 0.375, 1.25], "texture": "#0"},
				"east": {"uv": [0, 0.25, 0.25, 1.25], "texture": "#0"},
				"south": {"uv": [0.625, 0.25, 0.75, 1.25], "texture": "#0"},
				"west": {"uv": [0.375, 0.25, 0.625, 1.25], "texture": "#0"},
				"up": {"uv": [0.375, 0.25, 0.25, 0], "texture": "#0"},
				"down": {"uv": [0.5, 0, 0.375, 0.25], "texture": "#0"}
			}
		}
	],
	"display": {
		"thirdperson_righthand": {
			"rotation": [75, 0, -9.8],
			"translation": [1.5, 10.5, 53.75],
			"scale": [1.85, 1.7, 1.85]
		},
		"firstperson_righthand": {
			"rotation": [13.75, 0, 0],
			"scale": [0.5, 0.5, 0.5]
		},
		"gui": {
			"rotation": [-1, -180, 11],
			"translation": [-0.25, -1.5, 0],
			"scale": [0.5, 0.5, 0.5]
		},
		"head": {
			"rotation": [3.5, -6.25, 0],
			"translation": [0.25, -4.75, 1.5],
			"scale": [3.5, 3, 3.5]
		}
	}
}