{
	"credit": "Made with Blockbench",
	"textures": {
		"0": "item/wearables/catinthehat",
		"particle": "item/wearables/catinthehat"
	},
	"elements": [
		{
			"from": [-1, -1, -1],
			"to": [17, 2, 17],
			"faces": {
				"north": {"uv": [4.5, 2.25, 2.25, 2.5], "texture": "#0"},
				"east": {"uv": [6.75, 2.25, 4.5, 2.5], "texture": "#0"},
				"south": {"uv": [9, 2.25, 6.75, 2.5], "texture": "#0"},
				"west": {"uv": [2.25, 2.25, 0, 2.5], "texture": "#0"},
				"up": {"uv": [2.25, 2.25, 4.5, 0], "texture": "#0"},
				"down": {"uv": [4.5, 0, 6.75, 2.25], "texture": "#0"}
			}
		},
		{
			"from": [1, -1, 17],
			"to": [15, 2, 18],
			"faces": {
				"north": {"uv": [10.375, 7, 8.625, 7.25], "texture": "#0"},
				"east": {"uv": [10.5, 7, 10.375, 7.25], "texture": "#0"},
				"south": {"uv": [12.25, 7, 10.5, 7.25], "texture": "#0"},
				"west": {"uv": [8.625, 7, 8.5, 7.25], "texture": "#0"},
				"up": {"uv": [8.625, 7, 10.375, 6.875], "texture": "#0"},
				"down": {"uv": [10.375, 6.875, 12.125, 7], "texture": "#0"}
			}
		},
		{
			"from": [17, -1, 1],
			"to": [18, 2, 15],
			"faces": {
				"north": {"uv": [8.625, 1.75, 8.5, 2], "texture": "#0"},
				"east": {"uv": [10.375, 1.75, 8.625, 2], "texture": "#0"},
				"south": {"uv": [10.5, 1.75, 10.375, 2], "texture": "#0"},
				"west": {"uv": [8.5, 1.75, 6.75, 2], "texture": "#0"},
				"up": {"uv": [8.5, 1.75, 8.625, 0], "texture": "#0"},
				"down": {"uv": [8.625, 0, 8.75, 1.75], "texture": "#0"}
			}
		},
		{
			"from": [-2, -1, 1],
			"to": [-1, 2, 15],
			"faces": {
				"north": {"uv": [8.375, 8.25, 8.25, 8.5], "texture": "#0"},
				"east": {"uv": [10.125, 8.25, 8.375, 8.5], "texture": "#0"},
				"south": {"uv": [10.25, 8.25, 10.125, 8.5], "texture": "#0"},
				"west": {"uv": [8.25, 8.25, 6.5, 8.5], "texture": "#0"},
				"up": {"uv": [8.25, 8.25, 8.375, 6.5], "texture": "#0"},
				"down": {"uv": [8.375, 6.5, 8.5, 8.25], "texture": "#0"}
			}
		},
		{
			"from": [1, -1, -2],
			"to": [15, 2, -1],
			"faces": {
				"north": {"uv": [10.375, 6.625, 8.625, 6.875], "texture": "#0"},
				"east": {"uv": [10.5, 6.625, 10.375, 6.875], "texture": "#0"},
				"south": {"uv": [12.25, 6.625, 10.5, 6.875], "texture": "#0"},
				"west": {"uv": [8.625, 6.625, 8.5, 6.875], "texture": "#0"},
				"up": {"uv": [8.625, 6.625, 10.375, 6.5], "texture": "#0"},
				"down": {"uv": [10.375, 6.5, 12.125, 6.625], "texture": "#0"}
			}
		},
		{
			"from": [0, -0.75, 3],
			"to": [1, 8.25, 13],
			"faces": {
				"north": {"uv": [6.375, 9.75, 6.25, 10.875], "texture": "#0"},
				"east": {"uv": [7.625, 9.75, 6.375, 10.875], "texture": "#0"},
				"south": {"uv": [7.75, 9.75, 7.625, 10.875], "texture": "#0"},
				"west": {"uv": [6.25, 9.75, 5, 10.875], "texture": "#0"},
				"up": {"uv": [6.25, 9.75, 6.375, 8.5], "texture": "#0"},
				"down": {"uv": [6.375, 8.5, 6.5, 9.75], "texture": "#0"}
			}
		},
		{
			"from": [1, -0.75, 1],
			"to": [15, 8.25, 15],
			"faces": {
				"north": {"uv": [3.5, 4.25, 1.75, 5.375], "texture": "#0"},
				"east": {"uv": [5.25, 4.25, 3.5, 5.375], "texture": "#0"},
				"south": {"uv": [7, 4.25, 5.25, 5.375], "texture": "#0"},
				"west": {"uv": [1.75, 4.25, 0, 5.375], "texture": "#0"},
				"up": {"uv": [1.75, 4.25, 3.5, 2.5], "texture": "#0"},
				"down": {"uv": [3.5, 2.5, 5.25, 4.25], "texture": "#0"}
			}
		},
		{
			"from": [3, -0.75, 15],
			"to": [13, 8.25, 16],
			"faces": {
				"north": {"uv": [11.875, 7.375, 10.625, 8.5], "texture": "#0"},
				"east": {"uv": [12, 7.375, 11.875, 8.5], "texture": "#0"},
				"south": {"uv": [13.25, 7.375, 12, 8.5], "texture": "#0"},
				"west": {"uv": [10.625, 7.375, 10.5, 8.5], "texture": "#0"},
				"up": {"uv": [10.625, 7.375, 11.875, 7.25], "texture": "#0"},
				"down": {"uv": [11.875, 7.25, 13.125, 7.375], "texture": "#0"}
			}
		},
		{
			"from": [15, -0.75, 3],
			"to": [16, 8.25, 13],
			"faces": {
				"north": {"uv": [9.125, 9.75, 9, 10.875], "texture": "#0"},
				"east": {"uv": [10.375, 9.75, 9.125, 10.875], "texture": "#0"},
				"south": {"uv": [10.5, 9.75, 10.375, 10.875], "texture": "#0"},
				"west": {"uv": [9, 9.75, 7.75, 10.875], "texture": "#0"},
				"up": {"uv": [9, 9.75, 9.125, 8.5], "texture": "#0"},
				"down": {"uv": [9.125, 8.5, 9.25, 9.75], "texture": "#0"}
			}
		},
		{
			"from": [3, -0.75, 0],
			"to": [13, 8.25, 1],
			"faces": {
				"north": {"uv": [11.875, 3.875, 10.625, 5], "texture": "#0"},
				"east": {"uv": [12, 3.875, 11.875, 5], "texture": "#0"},
				"south": {"uv": [13.25, 3.875, 12, 5], "texture": "#0"},
				"west": {"uv": [10.625, 3.875, 10.5, 5], "texture": "#0"},
				"up": {"uv": [10.625, 3.875, 11.875, 3.75], "texture": "#0"},
				"down": {"uv": [11.875, 3.75, 13.125, 3.875], "texture": "#0"}
			}
		},
		{
			"from": [-1.5, 5.5, 3.25],
			"to": [0.25, 18.7, 12.75],
			"rotation": {"angle": 22.5, "axis": "z", "origin": [8.03403, 11.49994, 8.03409]},
			"faces": {
				"north": {"uv": [3.75, 9.625, 3.625, 11.125], "texture": "#0"},
				"east": {"uv": [4.875, 9.625, 3.75, 11.125], "texture": "#0"},
				"south": {"uv": [5, 9.625, 4.875, 11.125], "texture": "#0"},
				"west": {"uv": [3.625, 9.625, 2.5, 11.125], "texture": "#0"},
				"up": {"uv": [3.625, 9.625, 3.75, 8.5], "texture": "#0"},
				"down": {"uv": [3.75, 8.5, 3.875, 9.625], "texture": "#0"}
			}
		},
		{
			"from": [-0.5, 5.5, 1.25],
			"to": [13.25, 18.7, 14.75],
			"rotation": {"angle": 22.5, "axis": "z", "origin": [8.03403, 11.49994, 8.03409]},
			"faces": {
				"north": {"uv": [3.25, 7, 1.625, 8.5], "texture": "#0"},
				"east": {"uv": [4.875, 7, 3.25, 8.5], "texture": "#0"},
				"south": {"uv": [6.5, 7, 4.875, 8.5], "texture": "#0"},
				"west": {"uv": [1.625, 7, 0, 8.5], "texture": "#0"},
				"up": {"uv": [1.625, 7, 3.25, 5.375], "texture": "#0"},
				"down": {"uv": [3.25, 5.375, 4.875, 7], "texture": "#0"}
			}
		},
		{
			"from": [1.5, 5.5, 14.25],
			"to": [11.25, 18.7, 15.75],
			"rotation": {"angle": 22.5, "axis": "z", "origin": [8.03403, 11.49994, 8.03409]},
			"faces": {
				"north": {"uv": [11.75, 10.625, 10.625, 12.125], "texture": "#0"},
				"east": {"uv": [11.875, 10.625, 11.75, 12.125], "texture": "#0"},
				"south": {"uv": [13, 10.625, 11.875, 12.125], "texture": "#0"},
				"west": {"uv": [10.625, 10.625, 10.5, 12.125], "texture": "#0"},
				"up": {"uv": [10.625, 10.625, 11.75, 10.5], "texture": "#0"},
				"down": {"uv": [11.75, 10.5, 12.875, 10.625], "texture": "#0"}
			}
		},
		{
			"from": [12.5, 5.5, 3.25],
			"to": [14.25, 18.7, 12.75],
			"rotation": {"angle": 22.5, "axis": "z", "origin": [8.03403, 11.49994, 8.03409]},
			"faces": {
				"north": {"uv": [1.25, 9.625, 1.125, 11.125], "texture": "#0"},
				"east": {"uv": [2.375, 9.625, 1.25, 11.125], "texture": "#0"},
				"south": {"uv": [2.5, 9.625, 2.375, 11.125], "texture": "#0"},
				"west": {"uv": [1.125, 9.625, 0, 11.125], "texture": "#0"},
				"up": {"uv": [1.125, 9.625, 1.25, 8.5], "texture": "#0"},
				"down": {"uv": [1.25, 8.5, 1.375, 9.625], "texture": "#0"}
			}
		},
		{
			"from": [1.5, 5.5, 0.25],
			"to": [11.25, 18.7, 1.75],
			"rotation": {"angle": 22.5, "axis": "z", "origin": [8.03403, 11.49994, 8.03409]},
			"faces": {
				"north": {"uv": [10, 0.125, 8.875, 1.625], "texture": "#0"},
				"east": {"uv": [10.125, 0.125, 10, 1.625], "texture": "#0"},
				"south": {"uv": [11.25, 0.125, 10.125, 1.625], "texture": "#0"},
				"west": {"uv": [8.875, 0.125, 8.75, 1.625], "texture": "#0"},
				"up": {"uv": [8.875, 0.125, 10, 0], "texture": "#0"},
				"down": {"uv": [10, 0, 11.125, 0.125], "texture": "#0"}
			}
		},
		{
			"from": [-3.34007, 13.51167, 3.75],
			"to": [-2.34007, 23.71167, 12.5],
			"rotation": {"angle": 45, "axis": "z", "origin": [3.44393, 14.98894, 8.03217]},
			"faces": {
				"north": {"uv": [10.375, 8.5, 10.25, 9.625], "texture": "#0"},
				"east": {"uv": [11.375, 8.5, 10.375, 9.625], "texture": "#0"},
				"south": {"uv": [11.5, 8.5, 11.375, 9.625], "texture": "#0"},
				"west": {"uv": [10.25, 8.5, 9.25, 9.625], "texture": "#0"},
				"up": {"uv": [10.25, 8.5, 10.375, 7.5], "texture": "#0"},
				"down": {"uv": [10.375, 7.5, 10.5, 8.5], "texture": "#0"}
			}
		},
		{
			"from": [-2.34007, 13.51167, 1.75],
			"to": [11.65993, 23.71167, 14.5],
			"rotation": {"angle": 45, "axis": "z", "origin": [3.44393, 14.98894, 8.03217]},
			"faces": {
				"north": {"uv": [8.75, 5.375, 7, 6.5], "texture": "#0"},
				"east": {"uv": [10.25, 5.375, 8.75, 6.5], "texture": "#0"},
				"south": {"uv": [12, 5.375, 10.25, 6.5], "texture": "#0"},
				"west": {"uv": [7, 5.375, 5.5, 6.5], "texture": "#0"},
				"up": {"uv": [7, 5.375, 8.75, 3.875], "texture": "#0"},
				"down": {"uv": [8.75, 3.875, 10.5, 5.375], "texture": "#0"}
			}
		},
		{
			"from": [-0.34007, 13.51167, 13.5],
			"to": [9.65993, 23.46167, 15.5],
			"rotation": {"angle": 45, "axis": "z", "origin": [3.44393, 14.98894, 8.03217]},
			"faces": {
				"north": {"uv": [10, 2.75, 8.75, 3.75], "texture": "#0"},
				"east": {"uv": [10.25, 2.75, 10, 3.75], "texture": "#0"},
				"south": {"uv": [11.5, 2.75, 10.25, 3.75], "texture": "#0"},
				"west": {"uv": [8.75, 2.75, 8.5, 3.75], "texture": "#0"},
				"up": {"uv": [8.75, 2.75, 10, 2.5], "texture": "#0"},
				"down": {"uv": [10, 2.5, 11.25, 2.75], "texture": "#0"}
			}
		},
		{
			"from": [11.65993, 13.51167, 3.75],
			"to": [12.65993, 23.71167, 12.5],
			"rotation": {"angle": 45, "axis": "z", "origin": [3.44393, 14.98894, 8.03217]},
			"faces": {
				"north": {"uv": [1.125, 1, 1, 2.125], "texture": "#0"},
				"east": {"uv": [2.125, 1, 1.125, 2.125], "texture": "#0"},
				"south": {"uv": [2.25, 1, 2.125, 2.125], "texture": "#0"},
				"west": {"uv": [1, 1, 0, 2.125], "texture": "#0"},
				"up": {"uv": [1, 1, 1.125, 0], "texture": "#0"},
				"down": {"uv": [1.125, 0, 1.25, 1], "texture": "#0"}
			}
		},
		{
			"from": [-0.34007, 13.51167, 0.5],
			"to": [9.65993, 23.46167, 3.5],
			"rotation": {"angle": 45, "axis": "z", "origin": [3.44393, 14.98894, 8.03217]},
			"faces": {
				"north": {"uv": [6.875, 2.875, 5.625, 3.875], "texture": "#0"},
				"east": {"uv": [7.25, 2.875, 6.875, 3.875], "texture": "#0"},
				"south": {"uv": [8.5, 2.875, 7.25, 3.875], "texture": "#0"},
				"west": {"uv": [5.625, 2.875, 5.25, 3.875], "texture": "#0"},
				"up": {"uv": [5.625, 2.875, 6.875, 2.5], "texture": "#0"},
				"down": {"uv": [6.875, 2.5, 8.125, 2.875], "texture": "#0"}
			}
		}
	],
	"display": {
		"thirdperson_righthand": {
			"translation": [0, 3, 1],
			"scale": [0.55, 0.55, 0.55]
		},
		"firstperson_righthand": {
			"rotation": [0, -90, 25],
			"translation": [1.13, 3.2, 1.13],
			"scale": [0.68, 0.68, 0.68]
		},
		"ground": {
			"translation": [0, 5, 0],
			"scale": [0.5, 0.5, 0.5]
		},
		"gui": {
			"rotation": [0, -37, 0],
			"translation": [0.25, -2.25, 0],
			"scale": [0.5, 0.5, 0.5]
		},
		"head": {
			"rotation": [-2, -15, -4],
			"translation": [0.25, 14, 0],
			"scale": [0.91, 0.91, 0.91]
		}
	},
	"groups": [0, 1, 2, 3, 4,
		{
			"name": "group",
			"origin": [8, 8, 8],
			"children": [5, 6, 7, 8, 9]
		},
		{
			"name": "group",
			"origin": [8, 8, 8],
			"children": [10, 11, 12, 13, 14]
		},
		{
			"name": "group",
			"origin": [8, 8, 8],
			"children": [15, 16, 17, 18, 19]
		}
	]
}