{
	"credit": "Made with Blockbench",
	"textures": {
		"0": "item/wearables/darthvader",
		"particle": "item/wearables/darthvader"
	},
	"elements": [
		{
			"from": [0, -0.75, 0],
			"to": [16, 12.5, 16],
			"faces": {
				"north": {"uv": [4.375, 0, 6.375, 1.625], "texture": "#0"},
				"east": {"uv": [6.375, 2, 8.375, 3.625], "texture": "#0"},
				"south": {"uv": [6.375, 3.625, 8.375, 5.25], "texture": "#0"},
				"west": {"uv": [4.375, 7.625, 6.375, 9.25], "texture": "#0"},
				"up": {"uv": [0, 2.25, 2, 4.25], "texture": "#0"},
				"down": {"uv": [2.375, 5.75, 4.375, 7.75], "texture": "#0"}
			}
		},
		{
			"from": [6, 12.25, -1.5],
			"to": [10, 20.25, 16],
			"faces": {
				"north": {"uv": [2.375, 4.25, 2.875, 5.25], "texture": "#0"},
				"east": {"uv": [6.375, 5.25, 8.625, 6.25], "texture": "#0"},
				"south": {"uv": [2.875, 4.25, 3.375, 5.25], "texture": "#0"},
				"west": {"uv": [2, 7.75, 4.25, 8.75], "texture": "#0"},
				"up": {"uv": [3.5, 8.75, 4, 11], "texture": "#0"},
				"down": {"uv": [0, 8.875, 0.5, 11.125], "texture": "#0"}
			}
		},
		{
			"from": [6, 12.25, -2.5],
			"to": [10, 19.5, 17],
			"faces": {
				"north": {"uv": [3.375, 4.25, 3.875, 5.125], "texture": "#0"},
				"east": {"uv": [8.125, 8.125, 10.625, 9], "texture": "#0"},
				"south": {"uv": [9.125, 3.5, 9.625, 4.375], "texture": "#0"},
				"west": {"uv": [8.125, 0, 10.625, 0.875], "texture": "#0"},
				"up": {"uv": [2.5, 8.75, 3, 11.25], "texture": "#0"},
				"down": {"uv": [3, 8.75, 3.5, 11.25], "texture": "#0"}
			}
		},
		{
			"from": [0, 12.5, -2],
			"to": [16, 19, 16],
			"faces": {
				"north": {"uv": [8.375, 1.75, 10.375, 2.625], "texture": "#0"},
				"east": {"uv": [8.125, 0.875, 10.375, 1.75], "texture": "#0"},
				"south": {"uv": [8.375, 2.625, 10.375, 3.5], "texture": "#0"},
				"west": {"uv": [8.125, 6.25, 10.375, 7.125], "texture": "#0"},
				"up": {"uv": [0, 0, 2, 2.25], "texture": "#0"},
				"down": {"uv": [2, 2, 4, 4.25], "texture": "#0"}
			}
		},
		{
			"from": [1, 17.75, -1],
			"to": [15, 19.75, 15],
			"faces": {
				"north": {"uv": [8.625, 5.875, 10.375, 6.125], "texture": "#0"},
				"east": {"uv": [2, 1.75, 4, 2], "texture": "#0"},
				"south": {"uv": [8.125, 9, 9.875, 9.25], "texture": "#0"},
				"west": {"uv": [8.625, 5.625, 10.625, 5.875], "texture": "#0"},
				"up": {"uv": [6.375, 6.375, 8.125, 8.375], "texture": "#0"},
				"down": {"uv": [6.375, 0, 8.125, 2], "texture": "#0"}
			}
		},
		{
			"from": [1, 0, -3],
			"to": [15, 8, 0],
			"faces": {
				"north": {"uv": [0.25, 12.125, 1.875, 13.125], "texture": "#0"},
				"east": {"uv": [2, 6, 2.375, 7], "texture": "#0"},
				"south": {"uv": [8.125, 7.125, 9.875, 8.125], "texture": "#0"},
				"west": {"uv": [4.25, 9.25, 4.625, 10.25], "texture": "#0"},
				"up": {"uv": [4, 3.5, 5.75, 3.875], "texture": "#0"},
				"down": {"uv": [8.625, 5.25, 10.375, 5.625], "texture": "#0"}
			}
		},
		{
			"from": [9, 8, -1.25],
			"to": [15, 11.5, 0],
			"faces": {
				"north": {"uv": [2.375, 5.25, 3.125, 5.75], "texture": "#0"},
				"east": {"uv": [3.875, 4.25, 4, 4.75], "texture": "#0"},
				"south": {"uv": [3.125, 5.25, 3.875, 5.75], "texture": "#0"},
				"west": {"uv": [3.875, 5.25, 4, 5.75], "texture": "#0"},
				"up": {"uv": [9.875, 8, 10.625, 8.125], "texture": "#0"},
				"down": {"uv": [9.875, 9.625, 10.625, 9.75], "texture": "#0"}
			}
		},
		{
			"from": [1, 8, -1.25],
			"to": [7, 11.5, 0],
			"faces": {
				"north": {"uv": [9.125, 4.375, 9.875, 4.875], "texture": "#0"},
				"east": {"uv": [6.25, 3.5, 6.375, 4], "texture": "#0"},
				"south": {"uv": [4.625, 9.25, 5.375, 9.75], "texture": "#0"},
				"west": {"uv": [2.25, 7, 2.375, 7.5], "texture": "#0"},
				"up": {"uv": [10.125, 5.125, 10.875, 5.25], "texture": "#0"},
				"down": {"uv": [4.25, 10.25, 5, 10.375], "texture": "#0"}
			}
		},
		{
			"from": [6.25, 5.25, -4.25],
			"to": [9.75, 8.5, 0],
			"faces": {
				"north": {"uv": [5.75, 3.5, 6.25, 4], "texture": "#0"},
				"east": {"uv": [8.375, 9.25, 8.875, 9.75], "texture": "#0"},
				"south": {"uv": [8.875, 9.25, 9.375, 9.75], "texture": "#0"},
				"west": {"uv": [9.375, 9.375, 9.875, 9.875], "texture": "#0"},
				"up": {"uv": [9.625, 3.5, 10.125, 4], "texture": "#0"},
				"down": {"uv": [4.625, 9.75, 5.125, 10.25], "texture": "#0"}
			}
		},
		{
			"from": [6.25, 8, -2],
			"to": [9.75, 12.5, 0],
			"faces": {
				"north": {"uv": [5.375, 9.25, 5.875, 9.875], "texture": "#0"},
				"east": {"uv": [2, 7, 2.25, 7.625], "texture": "#0"},
				"south": {"uv": [5.875, 9.25, 6.375, 9.875], "texture": "#0"},
				"west": {"uv": [1.75, 7.875, 2, 8.5], "texture": "#0"},
				"up": {"uv": [9.875, 7.5, 10.375, 7.75], "texture": "#0"},
				"down": {"uv": [9.875, 7.75, 10.375, 8], "texture": "#0"}
			}
		},
		{
			"from": [9.75, 11.5, -1.75],
			"to": [14.75, 12.5, 0],
			"faces": {
				"north": {"uv": [3.375, 5.125, 4, 5.25], "texture": "#0"},
				"east": {"uv": [2, 7.625, 2.25, 7.75], "texture": "#0"},
				"south": {"uv": [5.375, 10.25, 6, 10.375], "texture": "#0"},
				"west": {"uv": [8.125, 1.75, 8.375, 1.875], "texture": "#0"},
				"up": {"uv": [9.625, 4, 10.25, 4.25], "texture": "#0"},
				"down": {"uv": [5.375, 9.875, 6, 10.125], "texture": "#0"}
			}
		},
		{
			"from": [1.25, 11.5, -1.75],
			"to": [6.25, 12.5, 0],
			"faces": {
				"north": {"uv": [6, 10.25, 6.625, 10.375], "texture": "#0"},
				"east": {"uv": [8.125, 1.875, 8.375, 2], "texture": "#0"},
				"south": {"uv": [6.625, 10.25, 7.25, 10.375], "texture": "#0"},
				"west": {"uv": [1.75, 8.5, 2, 8.625], "texture": "#0"},
				"up": {"uv": [9.375, 9.875, 10, 10.125], "texture": "#0"},
				"down": {"uv": [9.875, 4.25, 10.5, 4.5], "texture": "#0"}
			}
		},
		{
			"from": [1, 0, -4.25],
			"to": [15, 1, -3],
			"faces": {
				"north": {"uv": [4, 3.875, 5.75, 4], "texture": "#0"},
				"east": {"uv": [3.875, 4.75, 4, 4.875], "texture": "#0"},
				"south": {"uv": [6.375, 6.25, 8.125, 6.375], "texture": "#0"},
				"west": {"uv": [3.875, 4.875, 4, 5], "texture": "#0"},
				"up": {"uv": [9.125, 4.875, 10.875, 5], "texture": "#0"},
				"down": {"uv": [9.125, 5, 10.875, 5.125], "texture": "#0"}
			}
		},
		{
			"from": [14, 0, -4.75],
			"to": [15, 1, -4.25],
			"faces": {
				"north": {"uv": [4.25, 8.375, 4.375, 8.5], "texture": "#0"},
				"east": {"uv": [4.25, 8.5, 4.375, 8.625], "texture": "#0"},
				"south": {"uv": [1.75, 8.625, 1.875, 8.75], "texture": "#0"},
				"west": {"uv": [1.875, 8.625, 2, 8.75], "texture": "#0"},
				"up": {"uv": [4.25, 8.625, 4.375, 8.75], "texture": "#0"},
				"down": {"uv": [4.25, 8.75, 4.375, 8.875], "texture": "#0"}
			}
		},
		{
			"from": [1, 0, -4.75],
			"to": [2, 1, -4.25],
			"faces": {
				"north": {"uv": [4.25, 8.875, 4.375, 9], "texture": "#0"},
				"east": {"uv": [4.25, 9, 4.375, 9.125], "texture": "#0"},
				"south": {"uv": [4.25, 9.125, 4.375, 9.25], "texture": "#0"},
				"west": {"uv": [9.625, 4.25, 9.75, 4.375], "texture": "#0"},
				"up": {"uv": [9.75, 4.25, 9.875, 4.375], "texture": "#0"},
				"down": {"uv": [6, 9.875, 6.125, 10], "texture": "#0"}
			}
		},
		{
			"from": [10, 7, -4],
			"to": [17.75, 8, -3],
			"rotation": {"angle": -45, "axis": "z", "origin": [8, 8, 8]},
			"faces": {
				"north": {"uv": [9.125, 5.125, 10.125, 5.25], "texture": "#0"},
				"east": {"uv": [3.875, 5, 4, 5.125], "texture": "#0"},
				"south": {"uv": [9.375, 9.25, 10.375, 9.375], "texture": "#0"},
				"west": {"uv": [2.25, 7.5, 2.375, 7.625], "texture": "#0"},
				"up": {"uv": [9.875, 4.5, 10.875, 4.625], "texture": "#0"},
				"down": {"uv": [9.875, 4.625, 10.875, 4.75], "texture": "#0"}
			}
		},
		{
			"from": [-1.75, 7, -4],
			"to": [6, 8, -3],
			"rotation": {"angle": 45, "axis": "z", "origin": [8, 8, 8]},
			"faces": {
				"north": {"uv": [9.875, 4.75, 10.875, 4.875], "texture": "#0"},
				"east": {"uv": [2.25, 7.625, 2.375, 7.75], "texture": "#0"},
				"south": {"uv": [9.875, 7.125, 10.875, 7.25], "texture": "#0"},
				"west": {"uv": [4.25, 7.75, 4.375, 7.875], "texture": "#0"},
				"up": {"uv": [9.875, 7.25, 10.875, 7.375], "texture": "#0"},
				"down": {"uv": [9.875, 7.375, 10.875, 7.5], "texture": "#0"}
			}
		},
		{
			"from": [17.5, -1, -2.25],
			"to": [18.5, 13, 16.25],
			"rotation": {"angle": 22.5, "axis": "z", "origin": [16.50259, 6.51487, 7.98257]},
			"faces": {
				"north": {"uv": [8.375, 9.75, 8.5, 11.5], "texture": "#0"},
				"east": {"uv": [2, 0, 4.375, 1.75], "texture": "#0"},
				"south": {"uv": [8.5, 9.75, 8.625, 11.5], "texture": "#0"},
				"west": {"uv": [4, 4, 6.375, 5.75], "texture": "#0"},
				"up": {"uv": [1.5, 8.875, 1.625, 11.25], "texture": "#0"},
				"down": {"uv": [1.625, 8.875, 1.75, 11.25], "texture": "#0"}
			}
		},
		{
			"from": [-2.5, -1, -2.25],
			"to": [-1.5, 13, 16.25],
			"rotation": {"angle": -22.5, "axis": "z", "origin": [-0.50259, 6.51487, 7.98257]},
			"faces": {
				"north": {"uv": [8.625, 9.75, 8.75, 11.5], "texture": "#0"},
				"east": {"uv": [4, 1.75, 6.375, 3.5], "texture": "#0"},
				"south": {"uv": [8.75, 9.75, 8.875, 11.5], "texture": "#0"},
				"west": {"uv": [0, 4.25, 2.375, 6], "texture": "#0"},
				"up": {"uv": [8.125, 9.25, 8.25, 11.625], "texture": "#0"},
				"down": {"uv": [8.25, 9.25, 8.375, 11.625], "texture": "#0"}
			}
		},
		{
			"from": [0.26484, -2, 15.97998],
			"to": [15.76484, 13, 17.22998],
			"rotation": {"angle": 0, "axis": "x", "origin": [8.03313, 5.98523, 16.47643]},
			"faces": {
				"north": {"uv": [4.375, 5.75, 6.375, 7.625], "texture": "#0"},
				"east": {"uv": [5.125, 9.75, 5.25, 11.625], "texture": "#0"},
				"south": {"uv": [0, 6, 2, 7.875], "texture": "#0"},
				"west": {"uv": [5.25, 9.75, 5.375, 11.625], "texture": "#0"},
				"up": {"uv": [1.625, 4.375, 1.75, 6.375], "texture": "#0"},
				"down": {"uv": [6.125, 8.625, 6.25, 10.625], "texture": "#0"}
			}
		},
		{
			"from": [6.01484, -2, 15.97998],
			"to": [10.01484, 13.5, 17.72998],
			"rotation": {"angle": 0, "axis": "x", "origin": [8.03313, 5.98523, 16.47643]},
			"faces": {
				"north": {"uv": [0.5, 8.875, 1, 10.875], "texture": "#0"},
				"east": {"uv": [7.875, 8.375, 8.125, 10.375], "texture": "#0"},
				"south": {"uv": [1, 8.875, 1.5, 10.875], "texture": "#0"},
				"west": {"uv": [4, 8.75, 4.25, 10.75], "texture": "#0"},
				"up": {"uv": [9, 9.875, 9.25, 10.375], "texture": "#0"},
				"down": {"uv": [9.375, 9.875, 9.625, 10.375], "texture": "#0"}
			}
		},
		{
			"from": [12.26484, -4.25, 15.97998],
			"to": [17.76484, 9.5, 16.97998],
			"rotation": {"angle": 22.5, "axis": "z", "origin": [8.03313, 5.98523, 16.47643]},
			"faces": {
				"north": {"uv": [6.375, 8.375, 7.125, 10.125], "texture": "#0"},
				"east": {"uv": [8.875, 9.75, 9, 11.5], "texture": "#0"},
				"south": {"uv": [7.125, 8.375, 7.875, 10.125], "texture": "#0"},
				"west": {"uv": [9, 9.75, 9.125, 11.5], "texture": "#0"},
				"up": {"uv": [3.5, 10.125, 3.625, 10.875], "texture": "#0"},
				"down": {"uv": [3.625, 10.125, 3.75, 10.875], "texture": "#0"}
			}
		},
		{
			"from": [-1.76484, -4.25, 15.97998],
			"to": [3.73516, 9.5, 16.97998],
			"rotation": {"angle": -22.5, "axis": "z", "origin": [7.96687, 5.98523, 16.47643]},
			"faces": {
				"north": {"uv": [8.375, 3.5, 9.125, 5.25], "texture": "#0"},
				"east": {"uv": [9.125, 9.75, 9.25, 11.5], "texture": "#0"},
				"south": {"uv": [1.75, 8.75, 2.5, 10.5], "texture": "#0"},
				"west": {"uv": [9.25, 9.75, 9.375, 11.5], "texture": "#0"},
				"up": {"uv": [3.75, 10.125, 3.875, 10.875], "texture": "#0"},
				"down": {"uv": [3.875, 10.125, 4, 10.875], "texture": "#0"}
			}
		},
		{
			"from": [10, 12, -3],
			"to": [16, 13, -2],
			"faces": {
				"north": {"uv": [9.875, 9.75, 10.625, 9.875], "texture": "#0"},
				"east": {"uv": [4.25, 7.875, 4.375, 8], "texture": "#0"},
				"south": {"uv": [10, 10, 10.75, 10.125], "texture": "#0"},
				"west": {"uv": [4.25, 8, 4.375, 8.125], "texture": "#0"},
				"up": {"uv": [10, 9.875, 10.75, 10], "texture": "#0"},
				"down": {"uv": [5.375, 10.125, 6.125, 10.25], "texture": "#0"}
			}
		},
		{
			"from": [0, 12, -3],
			"to": [6, 13, -2],
			"faces": {
				"north": {"uv": [6.125, 10.125, 6.875, 10.25], "texture": "#0"},
				"east": {"uv": [4.25, 8.125, 4.375, 8.25], "texture": "#0"},
				"south": {"uv": [6.875, 10.125, 7.625, 10.25], "texture": "#0"},
				"west": {"uv": [4.25, 8.25, 4.375, 8.375], "texture": "#0"},
				"up": {"uv": [9.375, 10.125, 10.125, 10.25], "texture": "#0"},
				"down": {"uv": [10.125, 10.125, 10.875, 10.25], "texture": "#0"}
			}
		}
	],
	"display": {
		"thirdperson_righthand": {
			"rotation": [65, 0, 0],
			"translation": [0, 2.5, 1],
			"scale": [0.3, 0.3, 0.3]
		},
		"firstperson_righthand": {
			"rotation": [0, -90, 25],
			"translation": [1.13, 3.2, 1.13],
			"scale": [0.3, 0.3, 0.3]
		},
		"ground": {
			"translation": [0, 4.25, 0],
			"scale": [0.5, 0.5, 0.5]
		},
		"gui": {
			"rotation": [18, -147, 0],
			"translation": [0.25, 0, 0],
			"scale": [0.5, 0.5, 0.5]
		},
		"head": {
			"translation": [0, 1.5, 0.25],
			"scale": [0.91, 0.91, 0.91]
		}
	}
}