{
	"credit": "Made with Blockbench",
	"textures": {
		"0": "item/wearables/devil",
		"particle": "item/wearables/devil"
	},
	"elements": [
		{
			"from": [13, 13, 6],
			"to": [17.5, 17, 10],
			"rotation": {"angle": 45, "axis": "z", "origin": [14.98776, 15.01222, 8.00004]},
			"faces": {
				"north": {"uv": [2, 6, 4, 8], "texture": "#0"},
				"east": {"uv": [0, 6, 2, 8], "texture": "#0"},
				"south": {"uv": [6, 6, 8, 8], "texture": "#0"},
				"west": {"uv": [4, 6, 6, 8], "texture": "#0"},
				"up": {"uv": [4, 6, 2, 4], "texture": "#0"},
				"down": {"uv": [6, 4, 4, 6], "texture": "#0"}
			}
		},
		{
			"from": [-1.5, 13, 6],
			"to": [3, 17, 10],
			"rotation": {"angle": -45, "axis": "z", "origin": [1.01224, 15.01222, 8.00004]},
			"faces": {
				"north": {"uv": [2, 2, 4, 4], "texture": "#0"},
				"east": {"uv": [0, 2, 2, 4], "texture": "#0"},
				"south": {"uv": [6, 2, 8, 4], "texture": "#0"},
				"west": {"uv": [4, 2, 6, 4], "texture": "#0"},
				"up": {"uv": [4, 2, 2, 0], "texture": "#0"},
				"down": {"uv": [6, 0, 4, 2], "texture": "#0"}
			}
		},
		{
			"from": [17, 13.5, 6.5],
			"to": [19.75, 16.5, 9.5],
			"rotation": {"angle": 45, "axis": "z", "origin": [14.98776, 15.01222, 8.00004]},
			"faces": {
				"north": {"uv": [8, 4, 9, 5.5], "texture": "#0"},
				"east": {"uv": [6.5, 4, 8, 5.5], "texture": "#0"},
				"south": {"uv": [10.5, 4, 11.5, 5.5], "texture": "#0"},
				"west": {"uv": [9, 4, 10.5, 5.5], "texture": "#0"},
				"up": {"uv": [9, 4, 8, 2.5], "texture": "#0"},
				"down": {"uv": [10, 2.5, 9, 4], "texture": "#0"}
			}
		},
		{
			"from": [-3.75, 13.5, 6.5],
			"to": [-1, 16.5, 9.5],
			"rotation": {"angle": -45, "axis": "z", "origin": [1.01224, 15.01222, 8.00004]},
			"faces": {
				"north": {"uv": [8, 8, 9, 9.5], "texture": "#0"},
				"east": {"uv": [6.5, 8, 8, 9.5], "texture": "#0"},
				"south": {"uv": [10.5, 8, 11.5, 9.5], "texture": "#0"},
				"west": {"uv": [9, 8, 10.5, 9.5], "texture": "#0"},
				"up": {"uv": [9, 8, 8, 6.5], "texture": "#0"},
				"down": {"uv": [10, 6.5, 9, 8], "texture": "#0"}
			}
		},
		{
			"from": [17.19439, 17.71202, 7],
			"to": [19.19439, 20.71202, 9],
			"rotation": {"angle": -22.5, "axis": "z", "origin": [18.16921, 18.21199, 8.00007]},
			"faces": {
				"north": {"uv": [9, 10.5, 10, 12], "texture": "#0"},
				"east": {"uv": [8, 10.5, 9, 12], "texture": "#0"},
				"south": {"uv": [11, 10.5, 12, 12], "texture": "#0"},
				"west": {"uv": [10, 10.5, 11, 12], "texture": "#0"},
				"up": {"uv": [10, 10.5, 9, 9.5], "texture": "#0"},
				"down": {"uv": [11, 9.5, 10, 10.5], "texture": "#0"}
			}
		},
		{
			"from": [-3.19439, 17.71202, 7],
			"to": [-1.19439, 20.71202, 9],
			"rotation": {"angle": 22.5, "axis": "z", "origin": [-2.16921, 18.21199, 8.00007]},
			"faces": {
				"north": {"uv": [5, 10.5, 6, 12], "texture": "#0"},
				"east": {"uv": [4, 10.5, 5, 12], "texture": "#0"},
				"south": {"uv": [7, 10.5, 8, 12], "texture": "#0"},
				"west": {"uv": [6, 10.5, 7, 12], "texture": "#0"},
				"up": {"uv": [6, 10.5, 5, 9.5], "texture": "#0"},
				"down": {"uv": [7, 9.5, 6, 10.5], "texture": "#0"}
			}
		},
		{
			"from": [18.59638, 19.48421, 7.25],
			"to": [19.84638, 21.98421, 8.75],
			"faces": {
				"north": {"uv": [0.5, 4.5, 1, 5.5], "texture": "#0"},
				"east": {"uv": [0, 4.5, 0.5, 5.5], "texture": "#0"},
				"south": {"uv": [1.5, 4.5, 2, 5.5], "texture": "#0"},
				"west": {"uv": [1, 4.5, 1.5, 5.5], "texture": "#0"},
				"up": {"uv": [1, 4.5, 0.5, 4], "texture": "#0"},
				"down": {"uv": [1.5, 4, 1, 4.5], "texture": "#0"}
			}
		},
		{
			"from": [-3.84638, 19.48421, 7.25],
			"to": [-2.59638, 21.98421, 8.75],
			"faces": {
				"north": {"uv": [0.5, 0.5, 1, 1.5], "texture": "#0"},
				"east": {"uv": [0, 0.5, 0.5, 1.5], "texture": "#0"},
				"south": {"uv": [1.5, 0.5, 2, 1.5], "texture": "#0"},
				"west": {"uv": [1, 0.5, 1.5, 1.5], "texture": "#0"},
				"up": {"uv": [1, 0.5, 0.5, 0], "texture": "#0"},
				"down": {"uv": [1.5, 0, 1, 0.5], "texture": "#0"}
			}
		},
		{
			"from": [6.5, -1.5, 0],
			"to": [9.5, -0.5, 1.5],
			"faces": {
				"north": {"uv": [8.5, 6, 10, 6.5], "texture": "#0"},
				"east": {"uv": [8, 6, 8.5, 6.5], "texture": "#0"},
				"south": {"uv": [10.5, 6, 12, 6.5], "texture": "#0"},
				"west": {"uv": [10, 6, 10.5, 6.5], "texture": "#0"},
				"up": {"uv": [10, 6, 8.5, 5.5], "texture": "#0"},
				"down": {"uv": [11.5, 5.5, 10, 6], "texture": "#0"}
			}
		},
		{
			"from": [7.5, -2.5, 0.5],
			"to": [8.5, -1.5, 1.5],
			"faces": {
				"north": {"uv": [4.5, 8.5, 5, 9], "texture": "#0"},
				"east": {"uv": [4, 8.5, 4.5, 9], "texture": "#0"},
				"south": {"uv": [5.5, 8.5, 6, 9], "texture": "#0"},
				"west": {"uv": [5, 8.5, 5.5, 9], "texture": "#0"},
				"up": {"uv": [5, 8.5, 4.5, 8], "texture": "#0"},
				"down": {"uv": [5.5, 8, 5, 8.5], "texture": "#0"}
			}
		},
		{
			"from": [6, -0.5, -0.5],
			"to": [10, 1.5, 1.5],
			"faces": {
				"north": {"uv": [7, 1, 9, 2], "texture": "#0"},
				"east": {"uv": [6, 1, 7, 2], "texture": "#0"},
				"south": {"uv": [10, 1, 12, 2], "texture": "#0"},
				"west": {"uv": [9, 1, 10, 2], "texture": "#0"},
				"up": {"uv": [9, 1, 7, 0], "texture": "#0"},
				"down": {"uv": [11, 0, 9, 1], "texture": "#0"}
			}
		},
		{
			"from": [6.25, 0, 0],
			"to": [9.75, 2, 2],
			"faces": {
				"north": {"uv": [1, 9, 2.5, 10], "texture": "#0"},
				"east": {"uv": [0, 9, 1, 10], "texture": "#0"},
				"south": {"uv": [3.5, 9, 5, 10], "texture": "#0"},
				"west": {"uv": [2.5, 9, 3.5, 10], "texture": "#0"},
				"up": {"uv": [2.5, 9, 1, 8], "texture": "#0"},
				"down": {"uv": [4, 8, 2.5, 9], "texture": "#0"}
			}
		}
	],
	"display": {
		"thirdperson_righthand": {
			"translation": [0, 3, 1],
			"scale": [0.55, 0.55, 0.55]
		},
		"firstperson_righthand": {
			"rotation": [0, -90, 25],
			"translation": [1.13, 3.2, 1.13],
			"scale": [0.68, 0.68, 0.68]
		},
		"ground": {
			"translation": [0, 5, 0],
			"scale": [0.5, 0.5, 0.5]
		},
		"gui": {
			"rotation": [0, -154, 0],
			"translation": [0, -0.75, 0],
			"scale": [0.7, 0.7, 0.7]
		},
		"head": {
			"rotation": [0, -1, 0],
			"scale": [0.91, 0.91, 0.91]
		}
	}
}