{
	"credit": "ManaLabs Inc",
	"texture_size": [128, 128],
	"textures": {
		"0": "item/wearables/emerald_helmet",
		"particle": "item/wearables/emerald_helmet"
	},
	"elements": [
		{
			"from": [0, 0, 4],
			"to": [16, 16, 16],
			"rotation": {"angle": 0, "axis": "y", "origin": [8, 8, 12]},
			"faces": {
				"north": {"uv": [1.5, 1.5, 3.5, 3.5], "texture": "#0"},
				"east": {"uv": [0, 1.5, 1.5, 3.5], "texture": "#0"},
				"south": {"uv": [5, 1.5, 7, 3.5], "texture": "#0"},
				"west": {"uv": [3.5, 1.5, 5, 3.5], "texture": "#0"},
				"up": {"uv": [3.5, 1.5, 1.5, 0], "texture": "#0"},
				"down": {"uv": [5.5, 0, 3.5, 1.5], "texture": "#0"}
			}
		},
		{
			"from": [1, 0, 16],
			"to": [15, 14, 18],
			"rotation": {"angle": 0, "axis": "x", "origin": [8.01745, 6.9843, 16.99822]},
			"faces": {
				"north": {"uv": [0.25, 9.75, 2, 11.5], "texture": "#0"},
				"east": {"uv": [0, 9.75, 0.25, 11.5], "texture": "#0"},
				"south": {"uv": [2.25, 9.75, 4, 11.5], "texture": "#0"},
				"west": {"uv": [2, 9.75, 2.25, 11.5], "texture": "#0"},
				"up": {"uv": [2, 9.75, 0.25, 9.5], "texture": "#0"},
				"down": {"uv": [3.75, 9.5, 2, 9.75], "texture": "#0"}
			}
		},
		{
			"from": [-0.75, 1, 4],
			"to": [16.75, 8, 12],
			"rotation": {"angle": 0, "axis": "x", "origin": [8.00611, 4.50001, 7.99388]},
			"faces": {
				"north": {"uv": [8, 1, 10.125, 1.875], "texture": "#0"},
				"east": {"uv": [7, 1, 8, 1.875], "texture": "#0"},
				"south": {"uv": [11.125, 1, 13.25, 1.875], "texture": "#0"},
				"west": {"uv": [10.125, 1, 11.125, 1.875], "texture": "#0"},
				"up": {"uv": [10.125, 1, 8, 0], "texture": "#0"},
				"down": {"uv": [12.25, 0, 10.125, 1], "texture": "#0"}
			}
		},
		{
			"from": [7.5, 9, 7],
			"to": [8.5, 18, 19],
			"rotation": {"angle": 0, "axis": "y", "origin": [8, 8, 12]},
			"faces": {
				"north": {"uv": [2.25, 5.75, 2.375, 6.5], "texture": "#0"},
				"east": {"uv": [0, 5.75, 2.25, 6.5], "texture": "#0"},
				"south": {"uv": [4.625, 5.75, 4.75, 6.5], "texture": "#0"},
				"west": {"uv": [2.375, 5.75, 4.625, 6.5], "texture": "#0"},
				"up": {"uv": [2.375, 5.75, 2.25, 3.5], "texture": "#0"},
				"down": {"uv": [2.5, 3.5, 2.375, 5.75], "texture": "#0"}
			}
		},
		{
			"from": [8, 18, 1],
			"to": [8, 24, 19],
			"rotation": {"angle": 0, "axis": "y", "origin": [8, 8, 12]},
			"faces": {
				"north": {"uv": [2.25, 8.75, 2.25, 9.5], "texture": "#0"},
				"east": {"uv": [2.25, 8.75, 0, 9.5], "texture": "#0"},
				"south": {"uv": [4.5, 8.75, 4.5, 9.5], "texture": "#0"},
				"west": {"uv": [0, 8.75, 2.25, 9.5], "texture": "#0"},
				"up": {"uv": [2.25, 8.75, 2.25, 6.5], "texture": "#0"},
				"down": {"uv": [2.25, 6.5, 2.25, 8.75], "texture": "#0"}
			}
		},
		{
			"from": [1.49741, 9.75, 2.54159],
			"to": [14.49741, 14.75, 10.54159],
			"rotation": {"angle": 22.5, "axis": "x", "origin": [7.98745, 11.50384, 5.79772]},
			"faces": {
				"north": {"uv": [11, 7.5, 12.625, 8.125], "texture": "#0"},
				"east": {"uv": [10, 7.5, 11, 8.125], "texture": "#0"},
				"south": {"uv": [13.625, 7.5, 15.25, 8.125], "texture": "#0"},
				"west": {"uv": [12.625, 7.5, 13.625, 8.125], "texture": "#0"},
				"up": {"uv": [12.625, 7.5, 11, 6.5], "texture": "#0"},
				"down": {"uv": [14.25, 6.5, 12.625, 7.5], "texture": "#0"}
			}
		},
		{
			"from": [1.49741, 5.40608, 1.27185],
			"to": [14.49741, 10.40608, 9.27185],
			"rotation": {"angle": -22.5, "axis": "x", "origin": [7.98844, 11.91066, 6.77736]},
			"faces": {
				"north": {"uv": [5.75, 7.5, 7.375, 8.125], "texture": "#0"},
				"east": {"uv": [4.75, 7.5, 5.75, 8.125], "texture": "#0"},
				"south": {"uv": [8.375, 7.5, 10, 8.125], "texture": "#0"},
				"west": {"uv": [7.375, 7.5, 8.375, 8.125], "texture": "#0"},
				"up": {"uv": [7.375, 7.5, 5.75, 6.5], "texture": "#0"},
				"down": {"uv": [9, 6.5, 7.375, 7.5], "texture": "#0"}
			}
		},
		{
			"from": [0.51917, 0.25, -4.23074],
			"to": [12.01917, 8, 7.01926],
			"rotation": {"angle": -45, "axis": "y", "origin": [4.01921, 3.9808, 5.00005]},
			"faces": {
				"north": {"uv": [6.125, 4.875, 7.5, 5.75], "texture": "#0"},
				"east": {"uv": [4.75, 4.875, 6.125, 5.75], "texture": "#0"},
				"south": {"uv": [8.875, 4.875, 10.25, 5.75], "texture": "#0"},
				"west": {"uv": [7.5, 4.875, 8.875, 5.75], "texture": "#0"},
				"up": {"uv": [7.5, 4.875, 6.125, 3.5], "texture": "#0"},
				"down": {"uv": [8.875, 3.5, 7.5, 4.875], "texture": "#0"}
			}
		}
	],
	"display": {
		"thirdperson_righthand": {
			"rotation": [49, 38, -2],
			"scale": [0.4, 0.4, 0.4]
		},
		"ground": {
			"translation": [0, 2, 0],
			"scale": [0.6, 0.6, 0.6]
		},
		"gui": {
			"rotation": [25, 154, -1],
			"translation": [-0.25, -1.25, 0],
			"scale": [0.6, 0.6, 0.6]
		},
		"head": {
			"translation": [0, 0.75, -3],
			"scale": [1.04336, 1.1, 1.1]
		},
		"fixed": {
			"translation": [-0.5, -1.75, -4],
			"scale": [0.8, 0.8, 0.8]
		}
	}
}