{
	"credit": "Made with Blockbench",
	"textures": {
		"0": "item/wearables/flowercrownyellow",
		"particle": "item/wearables/flowercrownyellow"
	},
	"elements": [
		{
			"from": [-1, 13, -1],
			"to": [17, 14, 17],
			"faces": {
				"north": {"uv": [2.25, 2.25, 4.5, 2.375], "texture": "#0"},
				"east": {"uv": [0, 2.25, 2.25, 2.375], "texture": "#0"},
				"south": {"uv": [6.75, 2.25, 9, 2.375], "texture": "#0"},
				"west": {"uv": [4.5, 2.25, 6.75, 2.375], "texture": "#0"},
				"up": {"uv": [4.5, 2.25, 2.25, 0], "texture": "#0"},
				"down": {"uv": [6.75, 0, 4.5, 2.25], "texture": "#0"}
			}
		},
		{
			"from": [10, 12, 16.25],
			"to": [13, 15, 18.25],
			"faces": {
				"north": {"uv": [0.25, 2.625, 0.625, 3], "texture": "#0"},
				"east": {"uv": [0, 2.625, 0.25, 3], "texture": "#0"},
				"south": {"uv": [0.875, 2.625, 1.25, 3], "texture": "#0"},
				"west": {"uv": [0.625, 2.625, 0.875, 3], "texture": "#0"},
				"up": {"uv": [0.625, 2.625, 0.25, 2.375], "texture": "#0"},
				"down": {"uv": [1, 2.375, 0.625, 2.625], "texture": "#0"}
			}
		},
		{
			"from": [16.72299, 12, 10.52714],
			"to": [18.72299, 15, 13.52714],
			"faces": {
				"north": {"uv": [1.25, 1.5, 1.5, 1.875], "texture": "#0"},
				"east": {"uv": [0.875, 1.5, 1.25, 1.875], "texture": "#0"},
				"south": {"uv": [1.875, 1.5, 2.125, 1.875], "texture": "#0"},
				"west": {"uv": [1.5, 1.5, 1.875, 1.875], "texture": "#0"},
				"up": {"uv": [1.5, 1.5, 1.25, 1.125], "texture": "#0"},
				"down": {"uv": [1.75, 1.125, 1.5, 1.5], "texture": "#0"}
			}
		},
		{
			"from": [-2.72299, 12, 10.52714],
			"to": [-0.72299, 15, 13.52714],
			"faces": {
				"north": {"uv": [0.375, 1.125, 0.625, 1.5], "texture": "#0"},
				"east": {"uv": [0, 1.125, 0.375, 1.5], "texture": "#0"},
				"south": {"uv": [1, 1.125, 1.25, 1.5], "texture": "#0"},
				"west": {"uv": [0.625, 1.125, 1, 1.5], "texture": "#0"},
				"up": {"uv": [0.625, 1.125, 0.375, 0.75], "texture": "#0"},
				"down": {"uv": [0.875, 0.75, 0.625, 1.125], "texture": "#0"}
			}
		},
		{
			"from": [10, 12, -2.25],
			"to": [13, 15, -0.25],
			"faces": {
				"north": {"uv": [2.75, 2.75, 3.125, 3.125], "texture": "#0"},
				"east": {"uv": [2.5, 2.75, 2.75, 3.125], "texture": "#0"},
				"south": {"uv": [3.375, 2.75, 3.75, 3.125], "texture": "#0"},
				"west": {"uv": [3.125, 2.75, 3.375, 3.125], "texture": "#0"},
				"up": {"uv": [3.125, 2.75, 2.75, 2.5], "texture": "#0"},
				"down": {"uv": [3.5, 2.5, 3.125, 2.75], "texture": "#0"}
			}
		},
		{
			"from": [3, 12, -2.25],
			"to": [6, 15, -0.25],
			"rotation": {"angle": 45, "axis": "z", "origin": [4.47427, 13.51001, -1.23426]},
			"faces": {
				"north": {"uv": [0.25, 3.25, 0.625, 3.625], "texture": "#0"},
				"east": {"uv": [0, 3.25, 0.25, 3.625], "texture": "#0"},
				"south": {"uv": [0.875, 3.25, 1.25, 3.625], "texture": "#0"},
				"west": {"uv": [0.625, 3.25, 0.875, 3.625], "texture": "#0"},
				"up": {"uv": [0.625, 3.25, 0.25, 3], "texture": "#0"},
				"down": {"uv": [1, 3, 0.625, 3.25], "texture": "#0"}
			}
		},
		{
			"from": [3, 12, 16.25],
			"to": [6, 15, 18.25],
			"rotation": {"angle": 45, "axis": "z", "origin": [4.47427, 13.51001, 17.23426]},
			"faces": {
				"north": {"uv": [1.5, 2.625, 1.875, 3], "texture": "#0"},
				"east": {"uv": [1.25, 2.625, 1.5, 3], "texture": "#0"},
				"south": {"uv": [2.125, 2.625, 2.5, 3], "texture": "#0"},
				"west": {"uv": [1.875, 2.625, 2.125, 3], "texture": "#0"},
				"up": {"uv": [1.875, 2.625, 1.5, 2.375], "texture": "#0"},
				"down": {"uv": [2.25, 2.375, 1.875, 2.625], "texture": "#0"}
			}
		},
		{
			"from": [16.72299, 12, 3.52714],
			"to": [18.72299, 15, 6.52714],
			"rotation": {"angle": -45, "axis": "x", "origin": [17.70725, 13.51001, 5.0014]},
			"faces": {
				"north": {"uv": [1.25, 0.75, 1.5, 1.125], "texture": "#0"},
				"east": {"uv": [0.875, 0.75, 1.25, 1.125], "texture": "#0"},
				"south": {"uv": [1.875, 0.75, 2.125, 1.125], "texture": "#0"},
				"west": {"uv": [1.5, 0.75, 1.875, 1.125], "texture": "#0"},
				"up": {"uv": [1.5, 0.75, 1.25, 0.375], "texture": "#0"},
				"down": {"uv": [1.75, 0.375, 1.5, 0.75], "texture": "#0"}
			}
		},
		{
			"from": [-2.72299, 12, 3.52714],
			"to": [-0.72299, 15, 6.52714],
			"rotation": {"angle": -45, "axis": "x", "origin": [-1.70725, 13.51001, 5.0014]},
			"faces": {
				"north": {"uv": [0.375, 0.375, 0.625, 0.75], "texture": "#0"},
				"east": {"uv": [0, 0.375, 0.375, 0.75], "texture": "#0"},
				"south": {"uv": [1, 0.375, 1.25, 0.75], "texture": "#0"},
				"west": {"uv": [0.625, 0.375, 1, 0.75], "texture": "#0"},
				"up": {"uv": [0.625, 0.375, 0.375, 0], "texture": "#0"},
				"down": {"uv": [0.875, 0, 0.625, 0.375], "texture": "#0"}
			}
		},
		{
			"from": [-3.72299, 12.5, 6.02714],
			"to": [-2.72299, 14.75, 7.52714],
			"rotation": {"angle": -45, "axis": "x", "origin": [-1.70725, 13.51001, 5.0014]},
			"faces": {
				"north": {"uv": [0.375, 0.375, 0.625, 0.75], "texture": "#0"},
				"east": {"uv": [0, 0.375, 0.375, 0.75], "texture": "#0"},
				"south": {"uv": [1, 0.375, 1.25, 0.75], "texture": "#0"},
				"west": {"uv": [1.375, 0.75, 1.75, 1.125], "texture": "#0"},
				"up": {"uv": [0.625, 0.375, 0.375, 0], "texture": "#0"},
				"down": {"uv": [0.875, 0, 0.625, 0.375], "texture": "#0"}
			}
		},
		{
			"from": [-3.72299, 12.5, 13.02714],
			"to": [-2.72299, 14.75, 14.52714],
			"faces": {
				"north": {"uv": [0.375, 0.375, 0.625, 0.75], "texture": "#0"},
				"east": {"uv": [0, 0.375, 0.375, 0.75], "texture": "#0"},
				"south": {"uv": [1, 0.375, 1.25, 0.75], "texture": "#0"},
				"west": {"uv": [1.375, 0.75, 1.75, 1.125], "texture": "#0"},
				"up": {"uv": [0.625, 0.375, 0.375, 0], "texture": "#0"},
				"down": {"uv": [0.875, 0, 0.625, 0.375], "texture": "#0"}
			}
		},
		{
			"from": [18.27701, 12.5, 13.02714],
			"to": [19.27701, 14.75, 14.52714],
			"faces": {
				"north": {"uv": [0.375, 0.375, 0.625, 0.75], "texture": "#0"},
				"east": {"uv": [0, 0.375, 0.375, 0.75], "texture": "#0"},
				"south": {"uv": [1, 0.375, 1.25, 0.75], "texture": "#0"},
				"west": {"uv": [1.375, 0.75, 1.75, 1.125], "texture": "#0"},
				"up": {"uv": [0.625, 0.375, 0.375, 0], "texture": "#0"},
				"down": {"uv": [0.875, 0, 0.625, 0.375], "texture": "#0"}
			}
		},
		{
			"from": [12.31848, 12.5, -2.98285],
			"to": [13.81848, 14.75, -1.98285],
			"faces": {
				"north": {"uv": [0, 0.375, 0.375, 0.75], "texture": "#0"},
				"east": {"uv": [1, 0.375, 1.25, 0.75], "texture": "#0"},
				"south": {"uv": [1.375, 0.75, 1.75, 1.125], "texture": "#0"},
				"west": {"uv": [0.375, 0.375, 0.625, 0.75], "texture": "#0"},
				"up": {"uv": [0.625, 0.375, 0.375, 0], "rotation": 270, "texture": "#0"},
				"down": {"uv": [0.875, 0, 0.625, 0.375], "rotation": 90, "texture": "#0"}
			}
		},
		{
			"from": [5.31848, 12.5, -2.98285],
			"to": [6.81848, 14.75, -1.98285],
			"rotation": {"angle": -45, "axis": "z", "origin": [4.29275, 13.51001, -3.9986]},
			"faces": {
				"north": {"uv": [0, 0.375, 0.375, 0.75], "texture": "#0"},
				"east": {"uv": [1, 0.375, 1.25, 0.75], "texture": "#0"},
				"south": {"uv": [1.375, 0.75, 1.75, 1.125], "texture": "#0"},
				"west": {"uv": [0.375, 0.375, 0.625, 0.75], "texture": "#0"},
				"up": {"uv": [0.625, 0.375, 0.375, 0], "rotation": 270, "texture": "#0"},
				"down": {"uv": [0.875, 0, 0.625, 0.375], "rotation": 90, "texture": "#0"}
			}
		},
		{
			"from": [5.31848, 12.5, 18.01715],
			"to": [6.81848, 14.75, 19.01715],
			"rotation": {"angle": -45, "axis": "z", "origin": [4.29275, 13.51001, -3.9986]},
			"faces": {
				"north": {"uv": [0, 0.375, 0.375, 0.75], "texture": "#0"},
				"east": {"uv": [1, 0.375, 1.25, 0.75], "texture": "#0"},
				"south": {"uv": [1.375, 0.75, 1.75, 1.125], "texture": "#0"},
				"west": {"uv": [0.375, 0.375, 0.625, 0.75], "texture": "#0"},
				"up": {"uv": [0.625, 0.375, 0.375, 0], "rotation": 270, "texture": "#0"},
				"down": {"uv": [0.875, 0, 0.625, 0.375], "rotation": 90, "texture": "#0"}
			}
		},
		{
			"from": [10.33947, 11.03541, 18.01715],
			"to": [12.58947, 12.53541, 19.01715],
			"faces": {
				"north": {"uv": [0, 0.375, 0.375, 0.75], "rotation": 270, "texture": "#0"},
				"east": {"uv": [0.625, 0.375, 0.375, 0], "texture": "#0"},
				"south": {"uv": [1.375, 0.75, 1.75, 1.125], "rotation": 90, "texture": "#0"},
				"west": {"uv": [0.875, 0, 0.625, 0.375], "rotation": 180, "texture": "#0"},
				"up": {"uv": [0.375, 0.375, 0.625, 0.75], "rotation": 90, "texture": "#0"},
				"down": {"uv": [1, 0.375, 1.25, 0.75], "rotation": 90, "texture": "#0"}
			}
		},
		{
			"from": [18.27701, 7.5, 8.02714],
			"to": [19.27701, 9.75, 9.52714],
			"rotation": {"angle": 45, "axis": "x", "origin": [20.29275, 13.51001, 12.0014]},
			"faces": {
				"north": {"uv": [0.375, 0.375, 0.625, 0.75], "texture": "#0"},
				"east": {"uv": [0, 0.375, 0.375, 0.75], "texture": "#0"},
				"south": {"uv": [1, 0.375, 1.25, 0.75], "texture": "#0"},
				"west": {"uv": [1.375, 0.75, 1.75, 1.125], "texture": "#0"},
				"up": {"uv": [0.625, 0.375, 0.375, 0], "texture": "#0"},
				"down": {"uv": [0.875, 0, 0.625, 0.375], "texture": "#0"}
			}
		},
		{
			"from": [18.27701, 7.5, 8.02714],
			"to": [19.27701, 9.75, 9.52714],
			"rotation": {"angle": 45, "axis": "x", "origin": [20.29275, 13.51001, 12.0014]},
			"faces": {
				"north": {"uv": [0.375, 0.375, 0.625, 0.75], "texture": "#0"},
				"east": {"uv": [0, 0.375, 0.375, 0.75], "texture": "#0"},
				"south": {"uv": [1, 0.375, 1.25, 0.75], "texture": "#0"},
				"west": {"uv": [1.375, 0.75, 1.75, 1.125], "texture": "#0"},
				"up": {"uv": [0.625, 0.375, 0.375, 0], "texture": "#0"},
				"down": {"uv": [0.875, 0, 0.625, 0.375], "texture": "#0"}
			}
		},
		{
			"from": [-3.72299, 12.5, 6.02714],
			"to": [-2.72299, 14.75, 7.52714],
			"rotation": {"angle": 45, "axis": "x", "origin": [-1.70725, 13.51001, 5.0014]},
			"faces": {
				"north": {"uv": [0.375, 0.375, 0.625, 0.75], "texture": "#0"},
				"east": {"uv": [0, 0.375, 0.375, 0.75], "texture": "#0"},
				"south": {"uv": [1, 0.375, 1.25, 0.75], "texture": "#0"},
				"west": {"uv": [1.375, 0.75, 1.75, 1.125], "texture": "#0"},
				"up": {"uv": [0.625, 0.375, 0.375, 0], "texture": "#0"},
				"down": {"uv": [0.875, 0, 0.625, 0.375], "texture": "#0"}
			}
		},
		{
			"from": [-3.72299, 10.98428, 10.9914],
			"to": [-2.72299, 12.48428, 13.2414],
			"faces": {
				"north": {"uv": [0.875, 0, 0.625, 0.375], "rotation": 180, "texture": "#0"},
				"east": {"uv": [0, 0.375, 0.375, 0.75], "rotation": 270, "texture": "#0"},
				"south": {"uv": [0.625, 0.375, 0.375, 0], "texture": "#0"},
				"west": {"uv": [1.375, 0.75, 1.75, 1.125], "rotation": 90, "texture": "#0"},
				"up": {"uv": [0.375, 0.375, 0.625, 0.75], "rotation": 180, "texture": "#0"},
				"down": {"uv": [1, 0.375, 1.25, 0.75], "texture": "#0"}
			}
		},
		{
			"from": [18.27701, 10.98428, 10.9914],
			"to": [19.27701, 12.48428, 13.2414],
			"faces": {
				"north": {"uv": [0.875, 0, 0.625, 0.375], "rotation": 180, "texture": "#0"},
				"east": {"uv": [0, 0.375, 0.375, 0.75], "rotation": 270, "texture": "#0"},
				"south": {"uv": [0.625, 0.375, 0.375, 0], "texture": "#0"},
				"west": {"uv": [1.375, 0.75, 1.75, 1.125], "rotation": 90, "texture": "#0"},
				"up": {"uv": [0.375, 0.375, 0.625, 0.75], "rotation": 180, "texture": "#0"},
				"down": {"uv": [1, 0.375, 1.25, 0.75], "texture": "#0"}
			}
		},
		{
			"from": [10.28274, 10.98428, -2.98285],
			"to": [12.53274, 12.48428, -1.98285],
			"faces": {
				"north": {"uv": [0, 0.375, 0.375, 0.75], "rotation": 270, "texture": "#0"},
				"east": {"uv": [0.625, 0.375, 0.375, 0], "texture": "#0"},
				"south": {"uv": [1.375, 0.75, 1.75, 1.125], "rotation": 90, "texture": "#0"},
				"west": {"uv": [0.875, 0, 0.625, 0.375], "rotation": 180, "texture": "#0"},
				"up": {"uv": [0.375, 0.375, 0.625, 0.75], "rotation": 90, "texture": "#0"},
				"down": {"uv": [1, 0.375, 1.25, 0.75], "rotation": 90, "texture": "#0"}
			}
		},
		{
			"from": [3.28274, 10.98428, -2.98285],
			"to": [5.53274, 12.48428, -1.98285],
			"rotation": {"angle": -45, "axis": "z", "origin": [4.29275, 13.51001, -3.9986]},
			"faces": {
				"north": {"uv": [0, 0.375, 0.375, 0.75], "rotation": 270, "texture": "#0"},
				"east": {"uv": [0.625, 0.375, 0.375, 0], "texture": "#0"},
				"south": {"uv": [1.375, 0.75, 1.75, 1.125], "rotation": 90, "texture": "#0"},
				"west": {"uv": [0.875, 0, 0.625, 0.375], "rotation": 180, "texture": "#0"},
				"up": {"uv": [0.375, 0.375, 0.625, 0.75], "rotation": 90, "texture": "#0"},
				"down": {"uv": [1, 0.375, 1.25, 0.75], "rotation": 90, "texture": "#0"}
			}
		},
		{
			"from": [3.28274, 10.98428, 18.01715],
			"to": [5.53274, 12.48428, 19.01715],
			"rotation": {"angle": -45, "axis": "z", "origin": [4.29275, 13.51001, -3.9986]},
			"faces": {
				"north": {"uv": [0, 0.375, 0.375, 0.75], "rotation": 270, "texture": "#0"},
				"east": {"uv": [0.625, 0.375, 0.375, 0], "texture": "#0"},
				"south": {"uv": [1.375, 0.75, 1.75, 1.125], "rotation": 90, "texture": "#0"},
				"west": {"uv": [0.875, 0, 0.625, 0.375], "rotation": 180, "texture": "#0"},
				"up": {"uv": [0.375, 0.375, 0.625, 0.75], "rotation": 90, "texture": "#0"},
				"down": {"uv": [1, 0.375, 1.25, 0.75], "rotation": 90, "texture": "#0"}
			}
		},
		{
			"from": [8.82374, 12.32115, 18.01715],
			"to": [10.32374, 14.57115, 19.01715],
			"faces": {
				"north": {"uv": [0, 0.375, 0.375, 0.75], "rotation": 180, "texture": "#0"},
				"east": {"uv": [0.375, 0.375, 0.625, 0.75], "rotation": 180, "texture": "#0"},
				"south": {"uv": [1.375, 0.75, 1.75, 1.125], "rotation": 180, "texture": "#0"},
				"west": {"uv": [1, 0.375, 1.25, 0.75], "rotation": 180, "texture": "#0"},
				"up": {"uv": [0.875, 0, 0.625, 0.375], "rotation": 270, "texture": "#0"},
				"down": {"uv": [0.625, 0.375, 0.375, 0], "rotation": 90, "texture": "#0"}
			}
		},
		{
			"from": [18.27701, 5.98428, 5.9914],
			"to": [19.27701, 7.48428, 8.2414],
			"rotation": {"angle": 45, "axis": "x", "origin": [20.29275, 13.51001, 12.0014]},
			"faces": {
				"north": {"uv": [0.875, 0, 0.625, 0.375], "rotation": 180, "texture": "#0"},
				"east": {"uv": [0, 0.375, 0.375, 0.75], "rotation": 270, "texture": "#0"},
				"south": {"uv": [0.625, 0.375, 0.375, 0], "texture": "#0"},
				"west": {"uv": [1.375, 0.75, 1.75, 1.125], "rotation": 90, "texture": "#0"},
				"up": {"uv": [0.375, 0.375, 0.625, 0.75], "rotation": 180, "texture": "#0"},
				"down": {"uv": [1, 0.375, 1.25, 0.75], "texture": "#0"}
			}
		},
		{
			"from": [18.27701, 5.98428, 5.9914],
			"to": [19.27701, 7.48428, 8.2414],
			"rotation": {"angle": 45, "axis": "x", "origin": [20.29275, 13.51001, 12.0014]},
			"faces": {
				"north": {"uv": [0.875, 0, 0.625, 0.375], "rotation": 180, "texture": "#0"},
				"east": {"uv": [0, 0.375, 0.375, 0.75], "rotation": 270, "texture": "#0"},
				"south": {"uv": [0.625, 0.375, 0.375, 0], "texture": "#0"},
				"west": {"uv": [1.375, 0.75, 1.75, 1.125], "rotation": 90, "texture": "#0"},
				"up": {"uv": [0.375, 0.375, 0.625, 0.75], "rotation": 180, "texture": "#0"},
				"down": {"uv": [1, 0.375, 1.25, 0.75], "texture": "#0"}
			}
		},
		{
			"from": [-3.72299, 12.5, 2.52714],
			"to": [-2.72299, 14.75, 4.02714],
			"rotation": {"angle": 45, "axis": "x", "origin": [-1.70725, 13.51001, 5.0014]},
			"faces": {
				"north": {"uv": [0.375, 0.375, 0.625, 0.75], "texture": "#0"},
				"east": {"uv": [0, 0.375, 0.375, 0.75], "texture": "#0"},
				"south": {"uv": [1, 0.375, 1.25, 0.75], "texture": "#0"},
				"west": {"uv": [1.375, 0.75, 1.75, 1.125], "texture": "#0"},
				"up": {"uv": [0.625, 0.375, 0.375, 0], "texture": "#0"},
				"down": {"uv": [0.875, 0, 0.625, 0.375], "texture": "#0"}
			}
		},
		{
			"from": [-3.72299, 14.48428, 10.9914],
			"to": [-2.72299, 15.98428, 13.2414],
			"faces": {
				"north": {"uv": [0.875, 0, 0.625, 0.375], "rotation": 180, "texture": "#0"},
				"east": {"uv": [0, 0.375, 0.375, 0.75], "rotation": 270, "texture": "#0"},
				"south": {"uv": [0.625, 0.375, 0.375, 0], "texture": "#0"},
				"west": {"uv": [1.375, 0.75, 1.75, 1.125], "rotation": 90, "texture": "#0"},
				"up": {"uv": [0.375, 0.375, 0.625, 0.75], "rotation": 180, "texture": "#0"},
				"down": {"uv": [1, 0.375, 1.25, 0.75], "texture": "#0"}
			}
		},
		{
			"from": [18.27701, 14.48428, 10.9914],
			"to": [19.27701, 15.98428, 13.2414],
			"faces": {
				"north": {"uv": [0.875, 0, 0.625, 0.375], "rotation": 180, "texture": "#0"},
				"east": {"uv": [0, 0.375, 0.375, 0.75], "rotation": 270, "texture": "#0"},
				"south": {"uv": [0.625, 0.375, 0.375, 0], "texture": "#0"},
				"west": {"uv": [1.375, 0.75, 1.75, 1.125], "rotation": 90, "texture": "#0"},
				"up": {"uv": [0.375, 0.375, 0.625, 0.75], "rotation": 180, "texture": "#0"},
				"down": {"uv": [1, 0.375, 1.25, 0.75], "texture": "#0"}
			}
		},
		{
			"from": [10.28274, 14.48428, -2.98285],
			"to": [12.53274, 15.98428, -1.98285],
			"faces": {
				"north": {"uv": [0, 0.375, 0.375, 0.75], "rotation": 270, "texture": "#0"},
				"east": {"uv": [0.625, 0.375, 0.375, 0], "texture": "#0"},
				"south": {"uv": [1.375, 0.75, 1.75, 1.125], "rotation": 90, "texture": "#0"},
				"west": {"uv": [0.875, 0, 0.625, 0.375], "rotation": 180, "texture": "#0"},
				"up": {"uv": [0.375, 0.375, 0.625, 0.75], "rotation": 90, "texture": "#0"},
				"down": {"uv": [1, 0.375, 1.25, 0.75], "rotation": 90, "texture": "#0"}
			}
		},
		{
			"from": [3.28274, 14.48428, -2.98285],
			"to": [5.53274, 15.98428, -1.98285],
			"rotation": {"angle": -45, "axis": "z", "origin": [4.29275, 13.51001, -3.9986]},
			"faces": {
				"north": {"uv": [0, 0.375, 0.375, 0.75], "rotation": 270, "texture": "#0"},
				"east": {"uv": [0.625, 0.375, 0.375, 0], "texture": "#0"},
				"south": {"uv": [1.375, 0.75, 1.75, 1.125], "rotation": 90, "texture": "#0"},
				"west": {"uv": [0.875, 0, 0.625, 0.375], "rotation": 180, "texture": "#0"},
				"up": {"uv": [0.375, 0.375, 0.625, 0.75], "rotation": 90, "texture": "#0"},
				"down": {"uv": [1, 0.375, 1.25, 0.75], "rotation": 90, "texture": "#0"}
			}
		},
		{
			"from": [3.28274, 14.48428, 18.01715],
			"to": [5.53274, 15.98428, 19.01715],
			"rotation": {"angle": -45, "axis": "z", "origin": [4.29275, 13.51001, -3.9986]},
			"faces": {
				"north": {"uv": [0, 0.375, 0.375, 0.75], "rotation": 270, "texture": "#0"},
				"east": {"uv": [0.625, 0.375, 0.375, 0], "texture": "#0"},
				"south": {"uv": [1.375, 0.75, 1.75, 1.125], "rotation": 90, "texture": "#0"},
				"west": {"uv": [0.875, 0, 0.625, 0.375], "rotation": 180, "texture": "#0"},
				"up": {"uv": [0.375, 0.375, 0.625, 0.75], "rotation": 90, "texture": "#0"},
				"down": {"uv": [1, 0.375, 1.25, 0.75], "rotation": 90, "texture": "#0"}
			}
		},
		{
			"from": [12.32374, 12.32115, 18.01715],
			"to": [13.82374, 14.57115, 19.01715],
			"faces": {
				"north": {"uv": [0, 0.375, 0.375, 0.75], "rotation": 180, "texture": "#0"},
				"east": {"uv": [0.375, 0.375, 0.625, 0.75], "rotation": 180, "texture": "#0"},
				"south": {"uv": [1.375, 0.75, 1.75, 1.125], "rotation": 180, "texture": "#0"},
				"west": {"uv": [1, 0.375, 1.25, 0.75], "rotation": 180, "texture": "#0"},
				"up": {"uv": [0.875, 0, 0.625, 0.375], "rotation": 270, "texture": "#0"},
				"down": {"uv": [0.625, 0.375, 0.375, 0], "rotation": 90, "texture": "#0"}
			}
		},
		{
			"from": [18.27701, 9.48428, 5.9914],
			"to": [19.27701, 10.98428, 8.2414],
			"rotation": {"angle": 45, "axis": "x", "origin": [20.29275, 13.51001, 12.0014]},
			"faces": {
				"north": {"uv": [0.875, 0, 0.625, 0.375], "rotation": 180, "texture": "#0"},
				"east": {"uv": [0, 0.375, 0.375, 0.75], "rotation": 270, "texture": "#0"},
				"south": {"uv": [0.625, 0.375, 0.375, 0], "texture": "#0"},
				"west": {"uv": [1.375, 0.75, 1.75, 1.125], "rotation": 90, "texture": "#0"},
				"up": {"uv": [0.375, 0.375, 0.625, 0.75], "rotation": 180, "texture": "#0"},
				"down": {"uv": [1, 0.375, 1.25, 0.75], "texture": "#0"}
			}
		},
		{
			"from": [18.27701, 9.48428, 5.9914],
			"to": [19.27701, 10.98428, 8.2414],
			"rotation": {"angle": 45, "axis": "x", "origin": [20.29275, 13.51001, 12.0014]},
			"faces": {
				"north": {"uv": [0.875, 0, 0.625, 0.375], "rotation": 180, "texture": "#0"},
				"east": {"uv": [0, 0.375, 0.375, 0.75], "rotation": 270, "texture": "#0"},
				"south": {"uv": [0.625, 0.375, 0.375, 0], "texture": "#0"},
				"west": {"uv": [1.375, 0.75, 1.75, 1.125], "rotation": 90, "texture": "#0"},
				"up": {"uv": [0.375, 0.375, 0.625, 0.75], "rotation": 180, "texture": "#0"},
				"down": {"uv": [1, 0.375, 1.25, 0.75], "texture": "#0"}
			}
		},
		{
			"from": [-3.72299, 12.5, 2.52714],
			"to": [-2.72299, 14.75, 4.02714],
			"rotation": {"angle": -45, "axis": "x", "origin": [-1.70725, 13.51001, 5.0014]},
			"faces": {
				"north": {"uv": [0.375, 0.375, 0.625, 0.75], "texture": "#0"},
				"east": {"uv": [0, 0.375, 0.375, 0.75], "texture": "#0"},
				"south": {"uv": [1, 0.375, 1.25, 0.75], "texture": "#0"},
				"west": {"uv": [1.375, 0.75, 1.75, 1.125], "texture": "#0"},
				"up": {"uv": [0.625, 0.375, 0.375, 0], "texture": "#0"},
				"down": {"uv": [0.875, 0, 0.625, 0.375], "texture": "#0"}
			}
		},
		{
			"from": [-3.72299, 12.5, 9.52714],
			"to": [-2.72299, 14.75, 11.02714],
			"faces": {
				"north": {"uv": [0.375, 0.375, 0.625, 0.75], "texture": "#0"},
				"east": {"uv": [0, 0.375, 0.375, 0.75], "texture": "#0"},
				"south": {"uv": [1, 0.375, 1.25, 0.75], "texture": "#0"},
				"west": {"uv": [1.375, 0.75, 1.75, 1.125], "texture": "#0"},
				"up": {"uv": [0.625, 0.375, 0.375, 0], "texture": "#0"},
				"down": {"uv": [0.875, 0, 0.625, 0.375], "texture": "#0"}
			}
		},
		{
			"from": [18.27701, 12.5, 9.52714],
			"to": [19.27701, 14.75, 11.02714],
			"faces": {
				"north": {"uv": [0.375, 0.375, 0.625, 0.75], "texture": "#0"},
				"east": {"uv": [0, 0.375, 0.375, 0.75], "texture": "#0"},
				"south": {"uv": [1, 0.375, 1.25, 0.75], "texture": "#0"},
				"west": {"uv": [1.375, 0.75, 1.75, 1.125], "texture": "#0"},
				"up": {"uv": [0.625, 0.375, 0.375, 0], "texture": "#0"},
				"down": {"uv": [0.875, 0, 0.625, 0.375], "texture": "#0"}
			}
		},
		{
			"from": [8.81848, 12.5, -2.98285],
			"to": [10.31848, 14.75, -1.98285],
			"faces": {
				"north": {"uv": [0, 0.375, 0.375, 0.75], "texture": "#0"},
				"east": {"uv": [1, 0.375, 1.25, 0.75], "texture": "#0"},
				"south": {"uv": [1.375, 0.75, 1.75, 1.125], "texture": "#0"},
				"west": {"uv": [0.375, 0.375, 0.625, 0.75], "texture": "#0"},
				"up": {"uv": [0.625, 0.375, 0.375, 0], "rotation": 270, "texture": "#0"},
				"down": {"uv": [0.875, 0, 0.625, 0.375], "rotation": 90, "texture": "#0"}
			}
		},
		{
			"from": [1.81848, 12.5, -2.98285],
			"to": [3.31848, 14.75, -1.98285],
			"rotation": {"angle": -45, "axis": "z", "origin": [4.29275, 13.51001, -3.9986]},
			"faces": {
				"north": {"uv": [0, 0.375, 0.375, 0.75], "texture": "#0"},
				"east": {"uv": [1, 0.375, 1.25, 0.75], "texture": "#0"},
				"south": {"uv": [1.375, 0.75, 1.75, 1.125], "texture": "#0"},
				"west": {"uv": [0.375, 0.375, 0.625, 0.75], "texture": "#0"},
				"up": {"uv": [0.625, 0.375, 0.375, 0], "rotation": 270, "texture": "#0"},
				"down": {"uv": [0.875, 0, 0.625, 0.375], "rotation": 90, "texture": "#0"}
			}
		},
		{
			"from": [1.81848, 12.5, 18.01715],
			"to": [3.31848, 14.75, 19.01715],
			"rotation": {"angle": -45, "axis": "z", "origin": [4.29275, 13.51001, -3.9986]},
			"faces": {
				"north": {"uv": [0, 0.375, 0.375, 0.75], "texture": "#0"},
				"east": {"uv": [1, 0.375, 1.25, 0.75], "texture": "#0"},
				"south": {"uv": [1.375, 0.75, 1.75, 1.125], "texture": "#0"},
				"west": {"uv": [0.375, 0.375, 0.625, 0.75], "texture": "#0"},
				"up": {"uv": [0.625, 0.375, 0.375, 0], "rotation": 270, "texture": "#0"},
				"down": {"uv": [0.875, 0, 0.625, 0.375], "rotation": 90, "texture": "#0"}
			}
		},
		{
			"from": [10.33947, 14.53541, 18.01715],
			"to": [12.58947, 16.03541, 19.01715],
			"faces": {
				"north": {"uv": [0, 0.375, 0.375, 0.75], "rotation": 270, "texture": "#0"},
				"east": {"uv": [0.625, 0.375, 0.375, 0], "texture": "#0"},
				"south": {"uv": [1.375, 0.75, 1.75, 1.125], "rotation": 90, "texture": "#0"},
				"west": {"uv": [0.875, 0, 0.625, 0.375], "rotation": 180, "texture": "#0"},
				"up": {"uv": [0.375, 0.375, 0.625, 0.75], "rotation": 90, "texture": "#0"},
				"down": {"uv": [1, 0.375, 1.25, 0.75], "rotation": 90, "texture": "#0"}
			}
		},
		{
			"from": [18.27701, 7.5, 4.52714],
			"to": [19.27701, 9.75, 6.02714],
			"rotation": {"angle": 45, "axis": "x", "origin": [20.29275, 13.51001, 12.0014]},
			"faces": {
				"north": {"uv": [0.375, 0.375, 0.625, 0.75], "texture": "#0"},
				"east": {"uv": [0, 0.375, 0.375, 0.75], "texture": "#0"},
				"south": {"uv": [1, 0.375, 1.25, 0.75], "texture": "#0"},
				"west": {"uv": [1.375, 0.75, 1.75, 1.125], "texture": "#0"},
				"up": {"uv": [0.625, 0.375, 0.375, 0], "texture": "#0"},
				"down": {"uv": [0.875, 0, 0.625, 0.375], "texture": "#0"}
			}
		},
		{
			"from": [18.27701, 7.5, 4.52714],
			"to": [19.27701, 9.75, 6.02714],
			"rotation": {"angle": 45, "axis": "x", "origin": [20.29275, 13.51001, 12.0014]},
			"faces": {
				"north": {"uv": [0.375, 0.375, 0.625, 0.75], "texture": "#0"},
				"east": {"uv": [0, 0.375, 0.375, 0.75], "texture": "#0"},
				"south": {"uv": [1, 0.375, 1.25, 0.75], "texture": "#0"},
				"west": {"uv": [1.375, 0.75, 1.75, 1.125], "texture": "#0"},
				"up": {"uv": [0.625, 0.375, 0.375, 0], "texture": "#0"},
				"down": {"uv": [0.875, 0, 0.625, 0.375], "texture": "#0"}
			}
		},
		{
			"from": [0, 16, -1.25],
			"to": [2, 18, -0.25],
			"rotation": {"angle": 45, "axis": "z", "origin": [4.47427, 13.51001, -1.23426]},
			"faces": {
				"north": {"uv": [1.125, 2, 1.375, 2.25], "texture": "#0"},
				"east": {"uv": [1, 2, 1.125, 2.25], "texture": "#0"},
				"south": {"uv": [1.5, 2, 1.75, 2.25], "texture": "#0"},
				"west": {"uv": [1.375, 2, 1.5, 2.25], "texture": "#0"},
				"up": {"uv": [1.375, 2, 1.125, 1.875], "texture": "#0"},
				"down": {"uv": [1.625, 1.875, 1.375, 2], "texture": "#0"}
			}
		},
		{
			"from": [0, 16, 16.25],
			"to": [2, 18, 17.25],
			"rotation": {"angle": 45, "axis": "z", "origin": [4.47427, 13.51001, 17.23426]},
			"faces": {
				"north": {"uv": [1, 0.125, 1.25, 0.375], "texture": "#0"},
				"east": {"uv": [0.875, 0.125, 1, 0.375], "texture": "#0"},
				"south": {"uv": [1.375, 0.125, 1.625, 0.375], "texture": "#0"},
				"west": {"uv": [1.25, 0.125, 1.375, 0.375], "texture": "#0"},
				"up": {"uv": [1.25, 0.125, 1, 0], "texture": "#0"},
				"down": {"uv": [1.5, 0, 1.25, 0.125], "texture": "#0"}
			}
		},
		{
			"from": [16.72299, 16, 0.52714],
			"to": [17.72299, 18, 2.52714],
			"rotation": {"angle": -45, "axis": "x", "origin": [17.70725, 13.51001, 5.0014]},
			"faces": {
				"north": {"uv": [4.375, 3.5, 4.5, 3.75], "texture": "#0"},
				"east": {"uv": [4.125, 3.5, 4.375, 3.75], "texture": "#0"},
				"south": {"uv": [4.75, 3.5, 4.875, 3.75], "texture": "#0"},
				"west": {"uv": [4.5, 3.5, 4.75, 3.75], "texture": "#0"},
				"up": {"uv": [4.5, 3.5, 4.375, 3.25], "texture": "#0"},
				"down": {"uv": [4.625, 3.25, 4.5, 3.5], "texture": "#0"}
			}
		},
		{
			"from": [-1.72299, 16, 0.52714],
			"to": [-0.72299, 18, 2.52714],
			"rotation": {"angle": -45, "axis": "x", "origin": [-1.70725, 13.51001, 5.0014]},
			"faces": {
				"north": {"uv": [4.25, 2.625, 4.375, 2.875], "texture": "#0"},
				"east": {"uv": [4, 2.625, 4.25, 2.875], "texture": "#0"},
				"south": {"uv": [4.625, 2.625, 4.75, 2.875], "texture": "#0"},
				"west": {"uv": [4.375, 2.625, 4.625, 2.875], "texture": "#0"},
				"up": {"uv": [4.375, 2.625, 4.25, 2.375], "texture": "#0"},
				"down": {"uv": [4.5, 2.375, 4.375, 2.625], "texture": "#0"}
			}
		},
		{
			"from": [13, 12.25, -1.25],
			"to": [16, 15.25, -1.25],
			"rotation": {"angle": 22.5, "axis": "x", "origin": [13.97293, 14.02705, -1.49993]},
			"faces": {
				"north": {"uv": [4, 4.75, 4.375, 5.125], "texture": "#0"},
				"east": {"uv": [3.875, 4.75, 4, 5.125], "texture": "#0"},
				"south": {"uv": [4.5, 4.75, 4.875, 5.125], "texture": "#0"},
				"west": {"uv": [4.375, 4.75, 4.5, 5.125], "texture": "#0"},
				"up": {"uv": [4.375, 4.75, 4, 4.625], "texture": "#0"},
				"down": {"uv": [4.75, 4.625, 4.375, 4.75], "texture": "#0"}
			}
		},
		{
			"from": [13, 12.25, 17.25],
			"to": [16, 15.25, 17.25],
			"rotation": {"angle": -22.5, "axis": "x", "origin": [13.97293, 14.02705, 17.49993]},
			"faces": {
				"north": {"uv": [1.125, 4.5, 1.5, 4.875], "texture": "#0"},
				"east": {"uv": [1, 4.5, 1.125, 4.875], "texture": "#0"},
				"south": {"uv": [1.625, 4.5, 2, 4.875], "texture": "#0"},
				"west": {"uv": [1.5, 4.5, 1.625, 4.875], "texture": "#0"},
				"up": {"uv": [1.5, 4.5, 1.125, 4.375], "texture": "#0"},
				"down": {"uv": [1.875, 4.375, 1.5, 4.5], "texture": "#0"}
			}
		},
		{
			"from": [17.72299, 12.25, 13.52714],
			"to": [17.72299, 15.25, 16.52714],
			"rotation": {"angle": 22.5, "axis": "z", "origin": [17.97293, 14.02705, 14.50007]},
			"faces": {
				"north": {"uv": [4.125, 4.25, 4.25, 4.625], "texture": "#0"},
				"east": {"uv": [3.75, 4.25, 4.125, 4.625], "texture": "#0"},
				"south": {"uv": [4.625, 4.25, 4.75, 4.625], "texture": "#0"},
				"west": {"uv": [4.25, 4.25, 4.625, 4.625], "texture": "#0"},
				"up": {"uv": [4.25, 4.25, 4.125, 3.875], "texture": "#0"},
				"down": {"uv": [4.375, 3.875, 4.25, 4.25], "texture": "#0"}
			}
		},
		{
			"from": [-1.72299, 12.25, 13.52714],
			"to": [-1.72299, 15.25, 16.52714],
			"rotation": {"angle": -22.5, "axis": "z", "origin": [-1.97293, 14.02705, 14.50007]},
			"faces": {
				"north": {"uv": [0.375, 4, 0.5, 4.375], "texture": "#0"},
				"east": {"uv": [0, 4, 0.375, 4.375], "texture": "#0"},
				"south": {"uv": [0.875, 4, 1, 4.375], "texture": "#0"},
				"west": {"uv": [0.5, 4, 0.875, 4.375], "texture": "#0"},
				"up": {"uv": [0.5, 4, 0.375, 3.625], "texture": "#0"},
				"down": {"uv": [0.625, 3.625, 0.5, 4], "texture": "#0"}
			}
		},
		{
			"from": [0.27701, 11.25, 10.52714],
			"to": [0.27701, 14.25, 13.52714],
			"rotation": {"angle": -45, "axis": "z", "origin": [-1.97293, 14.02705, 14.50007]},
			"faces": {
				"north": {"uv": [0.375, 4, 0.5, 4.375], "texture": "#0"},
				"east": {"uv": [0, 4, 0.375, 4.375], "texture": "#0"},
				"south": {"uv": [0.875, 4, 1, 4.375], "texture": "#0"},
				"west": {"uv": [0.5, 4, 0.875, 4.375], "texture": "#0"},
				"up": {"uv": [0.5, 4, 0.375, 3.625], "texture": "#0"},
				"down": {"uv": [0.625, 3.625, 0.5, 4], "texture": "#0"}
			}
		},
		{
			"from": [15.72299, 11.25, 10.52714],
			"to": [15.72299, 14.25, 13.52714],
			"rotation": {"angle": 45, "axis": "z", "origin": [17.97293, 14.02705, 14.50007]},
			"faces": {
				"north": {"uv": [0.5, 4, 0.375, 4.375], "texture": "#0"},
				"east": {"uv": [0.875, 4, 0.5, 4.375], "texture": "#0"},
				"south": {"uv": [1, 4, 0.875, 4.375], "texture": "#0"},
				"west": {"uv": [0.375, 4, 0, 4.375], "texture": "#0"},
				"up": {"uv": [0.375, 4, 0.5, 3.625], "texture": "#0"},
				"down": {"uv": [0.5, 3.625, 0.625, 4], "texture": "#0"}
			}
		},
		{
			"from": [1.94586, 11.25, 15.25013],
			"to": [4.94586, 14.25, 15.25013],
			"rotation": {"angle": -45, "axis": "x", "origin": [0.97293, 14.02705, 17.50007]},
			"faces": {
				"north": {"uv": [0.375, 4, 0, 4.375], "texture": "#0"},
				"east": {"uv": [0.5, 4, 0.375, 4.375], "texture": "#0"},
				"south": {"uv": [0.875, 4, 0.5, 4.375], "texture": "#0"},
				"west": {"uv": [1, 4, 0.875, 4.375], "texture": "#0"},
				"up": {"uv": [0.375, 4, 0.5, 3.625], "rotation": 90, "texture": "#0"},
				"down": {"uv": [0.5, 3.625, 0.625, 4], "rotation": 270, "texture": "#0"}
			}
		},
		{
			"from": [1.94586, 11.25, 0.74987],
			"to": [4.94586, 14.25, 0.74987],
			"rotation": {"angle": 45, "axis": "x", "origin": [0.97293, 14.02705, -1.50007]},
			"faces": {
				"north": {"uv": [0.5, 4, 0.875, 4.375], "texture": "#0"},
				"east": {"uv": [0.375, 4, 0.5, 4.375], "texture": "#0"},
				"south": {"uv": [0, 4, 0.375, 4.375], "texture": "#0"},
				"west": {"uv": [0.875, 4, 1, 4.375], "texture": "#0"},
				"up": {"uv": [0.5, 4, 0.375, 3.625], "rotation": 90, "texture": "#0"},
				"down": {"uv": [0.625, 3.625, 0.5, 4], "rotation": 270, "texture": "#0"}
			}
		},
		{
			"from": [-0.72299, 12.80411, 5.47299],
			"to": [-0.72299, 15.80411, 8.47299],
			"rotation": {"angle": 22.5, "axis": "z", "origin": [-1.97293, 14.02705, 14.50007]},
			"faces": {
				"north": {"uv": [0.875, 4, 1, 4.375], "rotation": 180, "texture": "#0"},
				"east": {"uv": [0, 4, 0.375, 4.375], "rotation": 180, "texture": "#0"},
				"south": {"uv": [0.375, 4, 0.5, 4.375], "rotation": 180, "texture": "#0"},
				"west": {"uv": [0.5, 4, 0.875, 4.375], "rotation": 180, "texture": "#0"},
				"up": {"uv": [0.625, 3.625, 0.5, 4], "texture": "#0"},
				"down": {"uv": [0.5, 4, 0.375, 3.625], "texture": "#0"}
			}
		},
		{
			"from": [16.72299, 12.80411, 5.47299],
			"to": [16.72299, 15.80411, 8.47299],
			"rotation": {"angle": -22.5, "axis": "z", "origin": [17.97293, 14.02705, 14.50007]},
			"faces": {
				"north": {"uv": [1, 4, 0.875, 4.375], "rotation": 180, "texture": "#0"},
				"east": {"uv": [0.875, 4, 0.5, 4.375], "rotation": 180, "texture": "#0"},
				"south": {"uv": [0.5, 4, 0.375, 4.375], "rotation": 180, "texture": "#0"},
				"west": {"uv": [0.375, 4, 0, 4.375], "rotation": 180, "texture": "#0"},
				"up": {"uv": [0.5, 3.625, 0.625, 4], "texture": "#0"},
				"down": {"uv": [0.375, 4, 0.5, 3.625], "texture": "#0"}
			}
		},
		{
			"from": [7, 12.80411, 16.25013],
			"to": [10, 15.80411, 16.25013],
			"rotation": {"angle": 22.5, "axis": "x", "origin": [0.97293, 14.02705, 17.50007]},
			"faces": {
				"north": {"uv": [0.375, 4, 0, 4.375], "rotation": 180, "texture": "#0"},
				"east": {"uv": [1, 4, 0.875, 4.375], "rotation": 180, "texture": "#0"},
				"south": {"uv": [0.875, 4, 0.5, 4.375], "rotation": 180, "texture": "#0"},
				"west": {"uv": [0.5, 4, 0.375, 4.375], "rotation": 180, "texture": "#0"},
				"up": {"uv": [0.5, 3.625, 0.625, 4], "rotation": 90, "texture": "#0"},
				"down": {"uv": [0.375, 4, 0.5, 3.625], "rotation": 270, "texture": "#0"}
			}
		},
		{
			"from": [7, 12.80411, -0.25013],
			"to": [10, 15.80411, -0.25013],
			"rotation": {"angle": -22.5, "axis": "x", "origin": [0.97293, 14.02705, -1.50007]},
			"faces": {
				"north": {"uv": [0.5, 4, 0.875, 4.375], "rotation": 180, "texture": "#0"},
				"east": {"uv": [0.875, 4, 1, 4.375], "rotation": 180, "texture": "#0"},
				"south": {"uv": [0, 4, 0.375, 4.375], "rotation": 180, "texture": "#0"},
				"west": {"uv": [0.375, 4, 0.5, 4.375], "rotation": 180, "texture": "#0"},
				"up": {"uv": [0.625, 3.625, 0.5, 4], "rotation": 90, "texture": "#0"},
				"down": {"uv": [0.5, 4, 0.375, 3.625], "rotation": 270, "texture": "#0"}
			}
		},
		{
			"from": [-1.22299, 12.55411, 0.47299],
			"to": [-1.22299, 15.55411, 3.47299],
			"rotation": {"angle": 22.5, "axis": "z", "origin": [-1.97293, 14.02705, 14.50007]},
			"faces": {
				"north": {"uv": [0.875, 4, 1, 4.375], "rotation": 180, "texture": "#0"},
				"east": {"uv": [0, 4, 0.375, 4.375], "rotation": 180, "texture": "#0"},
				"south": {"uv": [0.375, 4, 0.5, 4.375], "rotation": 180, "texture": "#0"},
				"west": {"uv": [0.5, 4, 0.875, 4.375], "rotation": 180, "texture": "#0"},
				"up": {"uv": [0.625, 3.625, 0.5, 4], "texture": "#0"},
				"down": {"uv": [0.5, 4, 0.375, 3.625], "texture": "#0"}
			}
		},
		{
			"from": [17.22299, 12.55411, 0.47299],
			"to": [17.22299, 15.55411, 3.47299],
			"rotation": {"angle": -22.5, "axis": "z", "origin": [17.97293, 14.02705, 14.50007]},
			"faces": {
				"north": {"uv": [1, 4, 0.875, 4.375], "rotation": 180, "texture": "#0"},
				"east": {"uv": [0.875, 4, 0.5, 4.375], "rotation": 180, "texture": "#0"},
				"south": {"uv": [0.5, 4, 0.375, 4.375], "rotation": 180, "texture": "#0"},
				"west": {"uv": [0.375, 4, 0, 4.375], "rotation": 180, "texture": "#0"},
				"up": {"uv": [0.5, 3.625, 0.625, 4], "texture": "#0"},
				"down": {"uv": [0.375, 4, 0.5, 3.625], "texture": "#0"}
			}
		},
		{
			"from": [12, 12.55411, 16.75013],
			"to": [15, 15.55411, 16.75013],
			"rotation": {"angle": 22.5, "axis": "x", "origin": [0.97293, 14.02705, 17.50007]},
			"faces": {
				"north": {"uv": [0.375, 4, 0, 4.375], "rotation": 180, "texture": "#0"},
				"east": {"uv": [1, 4, 0.875, 4.375], "rotation": 180, "texture": "#0"},
				"south": {"uv": [0.875, 4, 0.5, 4.375], "rotation": 180, "texture": "#0"},
				"west": {"uv": [0.5, 4, 0.375, 4.375], "rotation": 180, "texture": "#0"},
				"up": {"uv": [0.5, 3.625, 0.625, 4], "rotation": 90, "texture": "#0"},
				"down": {"uv": [0.375, 4, 0.5, 3.625], "rotation": 270, "texture": "#0"}
			}
		},
		{
			"from": [12, 12.55411, -0.75013],
			"to": [15, 15.55411, -0.75013],
			"rotation": {"angle": -22.5, "axis": "x", "origin": [0.97293, 14.02705, -1.50007]},
			"faces": {
				"north": {"uv": [0.5, 4, 0.875, 4.375], "rotation": 180, "texture": "#0"},
				"east": {"uv": [0.875, 4, 1, 4.375], "rotation": 180, "texture": "#0"},
				"south": {"uv": [0, 4, 0.375, 4.375], "rotation": 180, "texture": "#0"},
				"west": {"uv": [0.375, 4, 0.5, 4.375], "rotation": 180, "texture": "#0"},
				"up": {"uv": [0.625, 3.625, 0.5, 4], "rotation": 90, "texture": "#0"},
				"down": {"uv": [0.5, 4, 0.375, 3.625], "rotation": 270, "texture": "#0"}
			}
		},
		{
			"from": [-1.22299, 12.55411, 12.47299],
			"to": [-1.22299, 15.55411, 15.47299],
			"rotation": {"angle": 22.5, "axis": "z", "origin": [-1.97293, 14.02705, 14.50007]},
			"faces": {
				"north": {"uv": [0.875, 4, 1, 4.375], "rotation": 180, "texture": "#0"},
				"east": {"uv": [0, 4, 0.375, 4.375], "rotation": 180, "texture": "#0"},
				"south": {"uv": [0.375, 4, 0.5, 4.375], "rotation": 180, "texture": "#0"},
				"west": {"uv": [0.5, 4, 0.875, 4.375], "rotation": 180, "texture": "#0"},
				"up": {"uv": [0.625, 3.625, 0.5, 4], "texture": "#0"},
				"down": {"uv": [0.5, 4, 0.375, 3.625], "texture": "#0"}
			}
		},
		{
			"from": [17.22299, 12.55411, 12.47299],
			"to": [17.22299, 15.55411, 15.47299],
			"rotation": {"angle": -22.5, "axis": "z", "origin": [17.97293, 14.02705, 14.50007]},
			"faces": {
				"north": {"uv": [1, 4, 0.875, 4.375], "rotation": 180, "texture": "#0"},
				"east": {"uv": [0.875, 4, 0.5, 4.375], "rotation": 180, "texture": "#0"},
				"south": {"uv": [0.5, 4, 0.375, 4.375], "rotation": 180, "texture": "#0"},
				"west": {"uv": [0.375, 4, 0, 4.375], "rotation": 180, "texture": "#0"},
				"up": {"uv": [0.5, 3.625, 0.625, 4], "texture": "#0"},
				"down": {"uv": [0.375, 4, 0.5, 3.625], "texture": "#0"}
			}
		},
		{
			"from": [0, 12.55411, 16.75013],
			"to": [3, 15.55411, 16.75013],
			"rotation": {"angle": 22.5, "axis": "x", "origin": [0.97293, 14.02705, 17.50007]},
			"faces": {
				"north": {"uv": [0.375, 4, 0, 4.375], "rotation": 180, "texture": "#0"},
				"east": {"uv": [1, 4, 0.875, 4.375], "rotation": 180, "texture": "#0"},
				"south": {"uv": [0.875, 4, 0.5, 4.375], "rotation": 180, "texture": "#0"},
				"west": {"uv": [0.5, 4, 0.375, 4.375], "rotation": 180, "texture": "#0"},
				"up": {"uv": [0.5, 3.625, 0.625, 4], "rotation": 90, "texture": "#0"},
				"down": {"uv": [0.375, 4, 0.5, 3.625], "rotation": 270, "texture": "#0"}
			}
		},
		{
			"from": [0, 12.55411, -0.75013],
			"to": [3, 15.55411, -0.75013],
			"rotation": {"angle": -22.5, "axis": "x", "origin": [0.97293, 14.02705, -1.50007]},
			"faces": {
				"north": {"uv": [0.5, 4, 0.875, 4.375], "rotation": 180, "texture": "#0"},
				"east": {"uv": [0.875, 4, 1, 4.375], "rotation": 180, "texture": "#0"},
				"south": {"uv": [0, 4, 0.375, 4.375], "rotation": 180, "texture": "#0"},
				"west": {"uv": [0.375, 4, 0.5, 4.375], "rotation": 180, "texture": "#0"},
				"up": {"uv": [0.625, 3.625, 0.5, 4], "rotation": 90, "texture": "#0"},
				"down": {"uv": [0.5, 4, 0.375, 3.625], "rotation": 270, "texture": "#0"}
			}
		},
		{
			"from": [-1.29541, 10.03961, 2.52714],
			"to": [-1.29541, 13.03961, 5.52714],
			"rotation": {"angle": 22.5, "axis": "x", "origin": [-1.29807, 11.52379, 4.0495]},
			"faces": {
				"north": {"uv": [0.375, 4, 0.5, 4.375], "texture": "#0"},
				"east": {"uv": [0, 4, 0.375, 4.375], "texture": "#0"},
				"south": {"uv": [0.875, 4, 1, 4.375], "texture": "#0"},
				"west": {"uv": [0.5, 4, 0.875, 4.375], "texture": "#0"},
				"up": {"uv": [0.5, 4, 0.375, 3.625], "texture": "#0"},
				"down": {"uv": [0.625, 3.625, 0.5, 4], "texture": "#0"}
			}
		},
		{
			"from": [17.29541, 10.03961, 2.52714],
			"to": [17.29541, 13.03961, 5.52714],
			"rotation": {"angle": 22.5, "axis": "x", "origin": [17.29807, 11.52379, 4.0495]},
			"faces": {
				"north": {"uv": [0.5, 4, 0.375, 4.375], "texture": "#0"},
				"east": {"uv": [0.875, 4, 0.5, 4.375], "texture": "#0"},
				"south": {"uv": [1, 4, 0.875, 4.375], "texture": "#0"},
				"west": {"uv": [0.375, 4, 0, 4.375], "texture": "#0"},
				"up": {"uv": [0.375, 4, 0.5, 3.625], "texture": "#0"},
				"down": {"uv": [0.5, 3.625, 0.625, 4], "texture": "#0"}
			}
		},
		{
			"from": [9.94586, 10.03961, 16.82255],
			"to": [12.94586, 13.03961, 16.82255],
			"rotation": {"angle": 22.5, "axis": "z", "origin": [11.42349, 11.52379, 16.82521]},
			"faces": {
				"north": {"uv": [0.375, 4, 0, 4.375], "texture": "#0"},
				"east": {"uv": [0.5, 4, 0.375, 4.375], "texture": "#0"},
				"south": {"uv": [0.875, 4, 0.5, 4.375], "texture": "#0"},
				"west": {"uv": [1, 4, 0.875, 4.375], "texture": "#0"},
				"up": {"uv": [0.375, 4, 0.5, 3.625], "rotation": 90, "texture": "#0"},
				"down": {"uv": [0.5, 3.625, 0.625, 4], "rotation": 270, "texture": "#0"}
			}
		},
		{
			"from": [9.94586, 10.03961, -0.82255],
			"to": [12.94586, 13.03961, -0.82255],
			"rotation": {"angle": 22.5, "axis": "z", "origin": [11.42349, 11.52379, -0.82521]},
			"faces": {
				"north": {"uv": [0.5, 4, 0.875, 4.375], "texture": "#0"},
				"east": {"uv": [0.375, 4, 0.5, 4.375], "texture": "#0"},
				"south": {"uv": [0, 4, 0.375, 4.375], "texture": "#0"},
				"west": {"uv": [0.875, 4, 1, 4.375], "texture": "#0"},
				"up": {"uv": [0.5, 4, 0.375, 3.625], "rotation": 90, "texture": "#0"},
				"down": {"uv": [0.625, 3.625, 0.5, 4], "rotation": 270, "texture": "#0"}
			}
		},
		{
			"from": [7, 14, -1.25],
			"to": [10, 17, -1.25],
			"rotation": {"angle": 22.5, "axis": "z", "origin": [13.97293, 14.02705, -1.49993]},
			"faces": {
				"north": {"uv": [3, 4.625, 3.375, 5], "texture": "#0"},
				"east": {"uv": [2.875, 4.625, 3, 5], "texture": "#0"},
				"south": {"uv": [3.5, 4.625, 3.875, 5], "texture": "#0"},
				"west": {"uv": [3.375, 4.625, 3.5, 5], "texture": "#0"},
				"up": {"uv": [3.375, 4.625, 3, 4.5], "texture": "#0"},
				"down": {"uv": [3.75, 4.5, 3.375, 4.625], "texture": "#0"}
			}
		},
		{
			"from": [7, 14, 17.25],
			"to": [10, 17, 17.25],
			"rotation": {"angle": 22.5, "axis": "z", "origin": [13.97293, 14.02705, 17.49993]},
			"faces": {
				"north": {"uv": [0.125, 4.5, 0.5, 4.875], "texture": "#0"},
				"east": {"uv": [0, 4.5, 0.125, 4.875], "texture": "#0"},
				"south": {"uv": [0.625, 4.5, 1, 4.875], "texture": "#0"},
				"west": {"uv": [0.5, 4.5, 0.625, 4.875], "texture": "#0"},
				"up": {"uv": [0.5, 4.5, 0.125, 4.375], "texture": "#0"},
				"down": {"uv": [0.875, 4.375, 0.5, 4.5], "texture": "#0"}
			}
		},
		{
			"from": [17.72299, 14, 7.52714],
			"to": [17.72299, 17, 10.52714],
			"rotation": {"angle": -22.5, "axis": "x", "origin": [17.97293, 14.02705, 14.50007]},
			"faces": {
				"north": {"uv": [2.375, 4.25, 2.5, 4.625], "texture": "#0"},
				"east": {"uv": [2, 4.25, 2.375, 4.625], "texture": "#0"},
				"south": {"uv": [2.875, 4.25, 3, 4.625], "texture": "#0"},
				"west": {"uv": [2.5, 4.25, 2.875, 4.625], "texture": "#0"},
				"up": {"uv": [2.5, 4.25, 2.375, 3.875], "texture": "#0"},
				"down": {"uv": [2.625, 3.875, 2.5, 4.25], "texture": "#0"}
			}
		},
		{
			"from": [-1.72299, 14, 7.52714],
			"to": [-1.72299, 17, 10.52714],
			"rotation": {"angle": -22.5, "axis": "x", "origin": [-1.97293, 14.02705, 14.50007]},
			"faces": {
				"north": {"uv": [3.5, 3.875, 3.625, 4.25], "texture": "#0"},
				"east": {"uv": [3.125, 3.875, 3.5, 4.25], "texture": "#0"},
				"south": {"uv": [4, 3.875, 4.125, 4.25], "texture": "#0"},
				"west": {"uv": [3.625, 3.875, 4, 4.25], "texture": "#0"},
				"up": {"uv": [3.625, 3.875, 3.5, 3.5], "texture": "#0"},
				"down": {"uv": [3.75, 3.5, 3.625, 3.875], "texture": "#0"}
			}
		},
		{
			"from": [1.42647, 12.71463, -1.25],
			"to": [3.42647, 14.71463, -1.25],
			"rotation": {"angle": 45, "axis": "z", "origin": [2.94291, 13.23515, -1.23206]},
			"faces": {
				"north": {"uv": [1.75, 3.75, 2, 4], "texture": "#0"},
				"east": {"uv": [1.625, 3.75, 1.75, 4], "texture": "#0"},
				"south": {"uv": [2.125, 3.75, 2.375, 4], "texture": "#0"},
				"west": {"uv": [2, 3.75, 2.125, 4], "texture": "#0"},
				"up": {"uv": [2, 3.75, 1.75, 3.625], "texture": "#0"},
				"down": {"uv": [2.25, 3.625, 2, 3.75], "texture": "#0"}
			}
		},
		{
			"from": [1.42647, 12.71463, 17.25],
			"to": [3.42647, 14.71463, 17.25],
			"rotation": {"angle": 45, "axis": "z", "origin": [2.94291, 13.23515, 17.23206]},
			"faces": {
				"north": {"uv": [0.75, 3.75, 1, 4], "texture": "#0"},
				"east": {"uv": [0.625, 3.75, 0.75, 4], "texture": "#0"},
				"south": {"uv": [1.125, 3.75, 1.375, 4], "texture": "#0"},
				"west": {"uv": [1, 3.75, 1.125, 4], "texture": "#0"},
				"up": {"uv": [1, 3.75, 0.75, 3.625], "texture": "#0"},
				"down": {"uv": [1.25, 3.625, 1, 3.75], "texture": "#0"}
			}
		},
		{
			"from": [17.72299, 12.71463, 1.95361],
			"to": [17.72299, 14.71463, 3.95361],
			"rotation": {"angle": -45, "axis": "x", "origin": [17.70506, 13.23515, 3.47005]},
			"faces": {
				"north": {"uv": [2, 4.875, 2.125, 5.125], "texture": "#0"},
				"east": {"uv": [1.75, 4.875, 2, 5.125], "texture": "#0"},
				"south": {"uv": [2.375, 4.875, 2.5, 5.125], "texture": "#0"},
				"west": {"uv": [2.125, 4.875, 2.375, 5.125], "texture": "#0"},
				"up": {"uv": [2.125, 4.875, 2, 4.625], "texture": "#0"},
				"down": {"uv": [2.25, 4.625, 2.125, 4.875], "texture": "#0"}
			}
		},
		{
			"from": [-1.72299, 12.71463, 1.95361],
			"to": [-1.72299, 14.71463, 3.95361],
			"rotation": {"angle": -45, "axis": "x", "origin": [-1.70506, 13.23515, 3.47005]},
			"faces": {
				"north": {"uv": [4.75, 2.875, 4.875, 3.125], "texture": "#0"},
				"east": {"uv": [4.5, 2.875, 4.75, 3.125], "texture": "#0"},
				"south": {"uv": [5.125, 2.875, 5.25, 3.125], "texture": "#0"},
				"west": {"uv": [4.875, 2.875, 5.125, 3.125], "texture": "#0"},
				"up": {"uv": [4.875, 2.875, 4.75, 2.625], "texture": "#0"},
				"down": {"uv": [5, 2.625, 4.875, 2.875], "texture": "#0"}
			}
		},
		{
			"from": [-3.51573, 11.87669, -1.5],
			"to": [-0.51573, 14.87669, -1.5],
			"rotation": {"angle": 45, "axis": "y", "origin": [0.71176, 13.3902, -1.4779]},
			"faces": {
				"north": {"uv": [4.5, 3.875, 4.875, 4.25], "texture": "#0"},
				"east": {"uv": [4.375, 3.875, 4.5, 4.25], "texture": "#0"},
				"south": {"uv": [5, 3.875, 5.375, 4.25], "texture": "#0"},
				"west": {"uv": [4.875, 3.875, 5, 4.25], "texture": "#0"},
				"up": {"uv": [4.875, 3.875, 4.5, 3.75], "texture": "#0"},
				"down": {"uv": [5.25, 3.75, 4.875, 3.875], "texture": "#0"}
			}
		},
		{
			"from": [17.97299, 11.87669, -2.9886],
			"to": [17.97299, 14.87669, 0.0114],
			"rotation": {"angle": 45, "axis": "y", "origin": [17.9509, 13.3902, 1.2389]},
			"faces": {
				"north": {"uv": [1.375, 4, 1.5, 4.375], "texture": "#0"},
				"east": {"uv": [1, 4, 1.375, 4.375], "texture": "#0"},
				"south": {"uv": [1.875, 4, 2, 4.375], "texture": "#0"},
				"west": {"uv": [1.5, 4, 1.875, 4.375], "texture": "#0"},
				"up": {"uv": [1.5, 4, 1.375, 3.625], "texture": "#0"},
				"down": {"uv": [1.625, 3.625, 1.5, 4], "texture": "#0"}
			}
		},
		{
			"from": [17.97299, 11.87669, 15.9886],
			"to": [17.97299, 14.87669, 18.9886],
			"rotation": {"angle": -45, "axis": "y", "origin": [17.9509, 13.3902, 14.7611]},
			"faces": {
				"north": {"uv": [2.875, 3.5, 3, 3.875], "texture": "#0"},
				"east": {"uv": [2.5, 3.5, 2.875, 3.875], "texture": "#0"},
				"south": {"uv": [3.375, 3.5, 3.5, 3.875], "texture": "#0"},
				"west": {"uv": [3, 3.5, 3.375, 3.875], "texture": "#0"},
				"up": {"uv": [3, 3.5, 2.875, 3.125], "texture": "#0"},
				"down": {"uv": [3.125, 3.125, 3, 3.5], "texture": "#0"}
			}
		},
		{
			"from": [-1.97299, 11.87669, -2.9886],
			"to": [-1.97299, 14.87669, 0.0114],
			"rotation": {"angle": -45, "axis": "y", "origin": [-1.9509, 13.3902, 1.2389]},
			"faces": {
				"north": {"uv": [3.75, 3.125, 3.875, 3.5], "texture": "#0"},
				"east": {"uv": [3.375, 3.125, 3.75, 3.5], "texture": "#0"},
				"south": {"uv": [4.25, 3.125, 4.375, 3.5], "texture": "#0"},
				"west": {"uv": [3.875, 3.125, 4.25, 3.5], "texture": "#0"},
				"up": {"uv": [3.875, 3.125, 3.75, 2.75], "texture": "#0"},
				"down": {"uv": [4, 2.75, 3.875, 3.125], "texture": "#0"}
			}
		},
		{
			"from": [-1.97299, 11.87669, 15.9886],
			"to": [-1.97299, 14.87669, 18.9886],
			"rotation": {"angle": 45, "axis": "y", "origin": [-1.9509, 13.3902, 14.7611]},
			"faces": {
				"north": {"uv": [0.375, 1.875, 0.5, 2.25], "texture": "#0"},
				"east": {"uv": [0, 1.875, 0.375, 2.25], "texture": "#0"},
				"south": {"uv": [0.875, 1.875, 1, 2.25], "texture": "#0"},
				"west": {"uv": [0.5, 1.875, 0.875, 2.25], "texture": "#0"},
				"up": {"uv": [0.5, 1.875, 0.375, 1.5], "texture": "#0"},
				"down": {"uv": [0.625, 1.5, 0.5, 1.875], "texture": "#0"}
			}
		}
	],
	"display": {
		"thirdperson_righthand": {
			"translation": [0, 3, 1],
			"scale": [0.55, 0.55, 0.55]
		},
		"firstperson_righthand": {
			"rotation": [0, -90, 25],
			"translation": [1.13, 3.2, 1.13],
			"scale": [0.68, 0.68, 0.68]
		},
		"ground": {
			"translation": [0, 2, 0],
			"scale": [0.5, 0.5, 0.5]
		},
		"gui": {
			"rotation": [28, -44, 0],
			"translation": [0.25, -3, 0],
			"scale": [0.6, 0.6, 0.6]
		},
		"head": {
			"rotation": [7, 0, 0],
			"translation": [0, -0.75, -0.5],
			"scale": [0.91, 0.91, 0.91]
		}
	}
}