{
	"credit": "Made with Blockbench",
	"textures": {
		"0": "item/wearables/friday13th",
		"particle": "item/wearables/friday13th"
	},
	"elements": [
		{
			"from": [-0.75, -0.75, 15],
			"to": [16.75, 16.75, 16.5],
			"faces": {
				"north": {"uv": [5.125, 5.125, 7.25, 7.25], "texture": "#0"},
				"east": {"uv": [5, 5.125, 5.125, 7.25], "texture": "#0"},
				"south": {"uv": [7.375, 5.125, 9.5, 7.25], "texture": "#0"},
				"west": {"uv": [7.25, 5.125, 7.375, 7.25], "texture": "#0"},
				"up": {"uv": [7.25, 5.125, 5.125, 5], "texture": "#0"},
				"down": {"uv": [9.375, 5, 7.25, 5.125], "texture": "#0"}
			}
		},
		{
			"from": [-0.25, -0.25, 15.75],
			"to": [16.25, 16.25, 17.5],
			"faces": {
				"north": {"uv": [5.125, 2.625, 7.125, 4.625], "texture": "#0"},
				"east": {"uv": [5, 2.625, 5.125, 4.625], "texture": "#0"},
				"south": {"uv": [7.25, 2.625, 9.25, 4.625], "texture": "#0"},
				"west": {"uv": [7.125, 2.625, 7.25, 4.625], "texture": "#0"},
				"up": {"uv": [7.125, 2.625, 5.125, 2.5], "texture": "#0"},
				"down": {"uv": [9.125, 2.5, 7.125, 2.625], "texture": "#0"}
			}
		},
		{
			"from": [6, 1, 12.75],
			"to": [10, 4.75, 16.5],
			"rotation": {"angle": -22.5, "axis": "x", "origin": [8, 8, 8]},
			"faces": {
				"north": {"uv": [0.375, 0.375, 0.875, 0.75], "texture": "#0"},
				"east": {"uv": [0, 0.375, 0.375, 0.75], "texture": "#0"},
				"south": {"uv": [1.25, 0.375, 1.75, 0.75], "texture": "#0"},
				"west": {"uv": [0.875, 0.375, 1.25, 0.75], "texture": "#0"},
				"up": {"uv": [0.875, 0.375, 0.375, 0], "texture": "#0"},
				"down": {"uv": [1.375, 0, 0.875, 0.375], "texture": "#0"}
			}
		},
		{
			"from": [-1, 6, -0.5],
			"to": [17, 10, 17],
			"faces": {
				"north": {"uv": [2, 2, 4.125, 2.5], "texture": "#0"},
				"east": {"uv": [0, 2, 2, 2.5], "texture": "#0"},
				"south": {"uv": [6.125, 2, 8.25, 2.5], "texture": "#0"},
				"west": {"uv": [4.125, 2, 6.125, 2.5], "texture": "#0"},
				"up": {"uv": [4.125, 2, 2, 0], "texture": "#0"},
				"down": {"uv": [6.25, 0, 4.125, 2], "texture": "#0"}
			}
		},
		{
			"from": [6, 6.5, -0.25],
			"to": [10, 17, 17],
			"faces": {
				"north": {"uv": [2, 4.5, 2.5, 5.75], "texture": "#0"},
				"east": {"uv": [0, 4.5, 2, 5.75], "texture": "#0"},
				"south": {"uv": [4.5, 4.5, 5, 5.75], "texture": "#0"},
				"west": {"uv": [2.5, 4.5, 4.5, 5.75], "texture": "#0"},
				"up": {"uv": [2.5, 4.5, 2, 2.5], "texture": "#0"},
				"down": {"uv": [3, 2.5, 2.5, 4.5], "texture": "#0"}
			}
		}
	],
	"display": {
		"thirdperson_righthand": {
			"translation": [0, 3, 1],
			"scale": [0.55, 0.55, 0.55]
		},
		"firstperson_righthand": {
			"rotation": [0, -90, 25],
			"translation": [1.13, 3.2, 1.13],
			"scale": [0.68, 0.68, 0.68]
		},
		"ground": {
			"translation": [0, 2, 0],
			"scale": [0.5, 0.5, 0.5]
		},
		"gui": {
			"rotation": [0, 31, 0],
			"scale": [0.7, 0.7, 0.7]
		},
		"head": {
			"rotation": [0, 180, 0],
			"scale": [0.91, 0.91, 0.91]
		}
	}
}