{
	"credit": "Made with Blockbench",
	"textures": {
		"0": "item/wearables/ironman",
		"particle": "item/wearables/ironman"
	},
	"elements": [
		{
			"from": [0, 0, 0],
			"to": [16, 16, 16],
			"faces": {
				"north": {"uv": [2, 2, 4, 4], "texture": "#0"},
				"east": {"uv": [0, 2, 2, 4], "texture": "#0"},
				"south": {"uv": [6, 2, 8, 4], "texture": "#0"},
				"west": {"uv": [4, 2, 6, 4], "texture": "#0"},
				"up": {"uv": [4, 2, 2, 0], "texture": "#0"},
				"down": {"uv": [6, 0, 4, 2], "texture": "#0"}
			}
		},
		{
			"from": [-0.75, 1, 1],
			"to": [16.75, 15, 15],
			"faces": {
				"north": {"uv": [1.75, 5.75, 3.875, 7.5], "texture": "#0"},
				"east": {"uv": [0, 5.75, 1.75, 7.5], "texture": "#0"},
				"south": {"uv": [5.625, 5.75, 7.75, 7.5], "texture": "#0"},
				"west": {"uv": [3.875, 5.75, 5.625, 7.5], "texture": "#0"},
				"up": {"uv": [3.875, 5.75, 1.75, 4], "texture": "#0"},
				"down": {"uv": [6, 4, 3.875, 5.75], "texture": "#0"}
			}
		},
		{
			"from": [-1.75, 3, 6],
			"to": [17.75, 11, 14],
			"faces": {
				"north": {"uv": [7, 1, 9.375, 2], "texture": "#0"},
				"east": {"uv": [6, 1, 7, 2], "texture": "#0"},
				"south": {"uv": [10.375, 1, 12.75, 2], "texture": "#0"},
				"west": {"uv": [9.375, 1, 10.375, 2], "texture": "#0"},
				"up": {"uv": [9.375, 1, 7, 0], "texture": "#0"},
				"down": {"uv": [11.75, 0, 9.375, 1], "texture": "#0"}
			}
		},
		{
			"from": [1, 1, 1],
			"to": [15, 17, 15],
			"faces": {
				"north": {"uv": [7.75, 7.75, 9.5, 9.75], "texture": "#0"},
				"east": {"uv": [6, 7.75, 7.75, 9.75], "texture": "#0"},
				"south": {"uv": [11.25, 7.75, 13, 9.75], "texture": "#0"},
				"west": {"uv": [9.5, 7.75, 11.25, 9.75], "texture": "#0"},
				"up": {"uv": [9.5, 7.75, 7.75, 6], "texture": "#0"},
				"down": {"uv": [11.25, 6, 9.5, 7.75], "texture": "#0"}
			}
		},
		{
			"from": [3, -1, -2],
			"to": [13, 1, 2],
			"faces": {
				"north": {"uv": [0.5, 9.25, 1.75, 9.5], "texture": "#0"},
				"east": {"uv": [0, 9.25, 0.5, 9.5], "texture": "#0"},
				"south": {"uv": [2.25, 9.25, 3.5, 9.5], "texture": "#0"},
				"west": {"uv": [1.75, 9.25, 2.25, 9.5], "texture": "#0"},
				"up": {"uv": [1.75, 9.25, 0.5, 8.75], "texture": "#0"},
				"down": {"uv": [3, 8.75, 1.75, 9.25], "texture": "#0"}
			}
		},
		{
			"from": [13, -0.5, -1.5],
			"to": [15, 1.5, 2],
			"faces": {
				"north": {"uv": [0.375, 9.875, 0.625, 10.125], "texture": "#0"},
				"east": {"uv": [0, 9.875, 0.375, 10.125], "texture": "#0"},
				"south": {"uv": [1, 9.875, 1.25, 10.125], "texture": "#0"},
				"west": {"uv": [0.625, 9.875, 1, 10.125], "texture": "#0"},
				"up": {"uv": [0.625, 9.875, 0.375, 9.5], "texture": "#0"},
				"down": {"uv": [0.875, 9.5, 0.625, 9.875], "texture": "#0"}
			}
		},
		{
			"from": [1, -0.5, -1.5],
			"to": [3, 1.5, 2],
			"faces": {
				"north": {"uv": [4.625, 9.75, 4.875, 10], "texture": "#0"},
				"east": {"uv": [4.25, 9.75, 4.625, 10], "texture": "#0"},
				"south": {"uv": [5.25, 9.75, 5.5, 10], "texture": "#0"},
				"west": {"uv": [4.875, 9.75, 5.25, 10], "texture": "#0"},
				"up": {"uv": [4.875, 9.75, 4.625, 9.375], "texture": "#0"},
				"down": {"uv": [5.125, 9.375, 4.875, 9.75], "texture": "#0"}
			}
		},
		{
			"from": [3, 2.5, -2.25],
			"to": [13, 4, 0],
			"faces": {
				"north": {"uv": [8, 5.875, 9.25, 6], "texture": "#0"},
				"east": {"uv": [7.75, 5.875, 8, 6], "texture": "#0"},
				"south": {"uv": [9.5, 5.875, 10.75, 6], "texture": "#0"},
				"west": {"uv": [9.25, 5.875, 9.5, 6], "texture": "#0"},
				"up": {"uv": [9.25, 5.875, 8, 5.625], "texture": "#0"},
				"down": {"uv": [10.5, 5.625, 9.25, 5.875], "texture": "#0"}
			}
		},
		{
			"from": [1, 4, -2.25],
			"to": [15, 8.5, 0],
			"faces": {
				"north": {"uv": [8.25, 2.25, 10, 2.75], "texture": "#0"},
				"east": {"uv": [8, 2.25, 8.25, 2.75], "texture": "#0"},
				"south": {"uv": [10.25, 2.25, 12, 2.75], "texture": "#0"},
				"west": {"uv": [10, 2.25, 10.25, 2.75], "texture": "#0"},
				"up": {"uv": [10, 2.25, 8.25, 2], "texture": "#0"},
				"down": {"uv": [11.75, 2, 10, 2.25], "texture": "#0"}
			}
		},
		{
			"from": [1, 6, -1],
			"to": [15, 10.5, 1],
			"faces": {
				"north": {"uv": [0.25, 7.75, 2, 8.25], "texture": "#0"},
				"east": {"uv": [0, 7.75, 0.25, 8.25], "texture": "#0"},
				"south": {"uv": [2.25, 7.75, 4, 8.25], "texture": "#0"},
				"west": {"uv": [2, 7.75, 2.25, 8.25], "texture": "#0"},
				"up": {"uv": [2, 7.75, 0.25, 7.5], "texture": "#0"},
				"down": {"uv": [3.75, 7.5, 2, 7.75], "texture": "#0"}
			}
		},
		{
			"from": [1, 10, -2.5],
			"to": [15, 12, 0],
			"faces": {
				"north": {"uv": [0.25, 8.5, 2, 8.75], "texture": "#0"},
				"east": {"uv": [0, 8.5, 0.25, 8.75], "texture": "#0"},
				"south": {"uv": [2.25, 8.5, 4, 8.75], "texture": "#0"},
				"west": {"uv": [2, 8.5, 2.25, 8.75], "texture": "#0"},
				"up": {"uv": [2, 8.5, 0.25, 8.25], "texture": "#0"},
				"down": {"uv": [3.75, 8.25, 2, 8.5], "texture": "#0"}
			}
		},
		{
			"from": [0, 10, -1.75],
			"to": [16, 14, 0],
			"faces": {
				"north": {"uv": [6.125, 5.125, 8.125, 5.625], "texture": "#0"},
				"east": {"uv": [6, 5.125, 6.125, 5.625], "texture": "#0"},
				"south": {"uv": [8.25, 5.125, 10.25, 5.625], "texture": "#0"},
				"west": {"uv": [8.125, 5.125, 8.25, 5.625], "texture": "#0"},
				"up": {"uv": [8.125, 5.125, 6.125, 5], "texture": "#0"},
				"down": {"uv": [10.125, 5, 8.125, 5.125], "texture": "#0"}
			}
		},
		{
			"from": [10, 14, -1],
			"to": [16, 16, 0],
			"faces": {
				"north": {"uv": [3.875, 9.125, 4.625, 9.375], "texture": "#0"},
				"east": {"uv": [3.75, 9.125, 3.875, 9.375], "texture": "#0"},
				"south": {"uv": [4.75, 9.125, 5.5, 9.375], "texture": "#0"},
				"west": {"uv": [4.625, 9.125, 4.75, 9.375], "texture": "#0"},
				"up": {"uv": [4.625, 9.125, 3.875, 9], "texture": "#0"},
				"down": {"uv": [5.375, 9, 4.625, 9.125], "texture": "#0"}
			}
		},
		{
			"from": [0, 14, -1],
			"to": [6, 16, 0],
			"faces": {
				"north": {"uv": [0.125, 5.25, 0.875, 5.5], "texture": "#0"},
				"east": {"uv": [0, 5.25, 0.125, 5.5], "texture": "#0"},
				"south": {"uv": [1, 5.25, 1.75, 5.5], "texture": "#0"},
				"west": {"uv": [0.875, 5.25, 1, 5.5], "texture": "#0"},
				"up": {"uv": [0.875, 5.25, 0.125, 5.125], "texture": "#0"},
				"down": {"uv": [1.625, 5.125, 0.875, 5.25], "texture": "#0"}
			}
		},
		{
			"from": [0.5, 16, 0],
			"to": [6, 16.75, 4],
			"faces": {
				"north": {"uv": [4, 8.875, 4.625, 9], "texture": "#0"},
				"east": {"uv": [3.5, 8.875, 4, 9], "texture": "#0"},
				"south": {"uv": [5.125, 8.875, 5.75, 9], "texture": "#0"},
				"west": {"uv": [4.625, 8.875, 5.125, 9], "texture": "#0"},
				"up": {"uv": [4.625, 8.875, 4, 8.375], "texture": "#0"},
				"down": {"uv": [5.25, 8.375, 4.625, 8.875], "texture": "#0"}
			}
		},
		{
			"from": [10, 16, 0],
			"to": [15.5, 16.75, 4],
			"faces": {
				"north": {"uv": [4.25, 8.25, 4.875, 8.375], "texture": "#0"},
				"east": {"uv": [3.75, 8.25, 4.25, 8.375], "texture": "#0"},
				"south": {"uv": [5.375, 8.25, 6, 8.375], "texture": "#0"},
				"west": {"uv": [4.875, 8.25, 5.375, 8.375], "texture": "#0"},
				"up": {"uv": [4.875, 8.25, 4.25, 7.75], "texture": "#0"},
				"down": {"uv": [5.5, 7.75, 4.875, 8.25], "texture": "#0"}
			}
		},
		{
			"from": [6, 8.5, -2],
			"to": [10, 10, 0],
			"faces": {
				"north": {"uv": [1.125, 9.75, 1.625, 9.875], "texture": "#0"},
				"east": {"uv": [0.875, 9.75, 1.125, 9.875], "texture": "#0"},
				"south": {"uv": [1.875, 9.75, 2.375, 9.875], "texture": "#0"},
				"west": {"uv": [1.625, 9.75, 1.875, 9.875], "texture": "#0"},
				"up": {"uv": [1.625, 9.75, 1.125, 9.5], "texture": "#0"},
				"down": {"uv": [2.125, 9.5, 1.625, 9.75], "texture": "#0"}
			}
		},
		{
			"from": [15, 5, -2],
			"to": [17, 11, 1],
			"faces": {
				"north": {"uv": [0.375, 4.375, 0.625, 5.125], "texture": "#0"},
				"east": {"uv": [0, 4.375, 0.375, 5.125], "texture": "#0"},
				"south": {"uv": [1, 4.375, 1.25, 5.125], "texture": "#0"},
				"west": {"uv": [0.625, 4.375, 1, 5.125], "texture": "#0"},
				"up": {"uv": [0.625, 4.375, 0.375, 4], "texture": "#0"},
				"down": {"uv": [0.875, 4, 0.625, 4.375], "texture": "#0"}
			}
		},
		{
			"from": [16, 5, 0],
			"to": [17.25, 9, 4],
			"faces": {
				"north": {"uv": [3.5, 9.5, 3.625, 10], "texture": "#0"},
				"east": {"uv": [3, 9.5, 3.5, 10], "texture": "#0"},
				"south": {"uv": [4.125, 9.5, 4.25, 10], "texture": "#0"},
				"west": {"uv": [3.625, 9.5, 4.125, 10], "texture": "#0"},
				"up": {"uv": [3.625, 9.5, 3.5, 9], "texture": "#0"},
				"down": {"uv": [3.75, 9, 3.625, 9.5], "texture": "#0"}
			}
		},
		{
			"from": [-1.25, 5, 0],
			"to": [0, 9, 4],
			"faces": {
				"north": {"uv": [1.25, 1.25, 1.375, 1.75], "texture": "#0"},
				"east": {"uv": [0.75, 1.25, 1.25, 1.75], "texture": "#0"},
				"south": {"uv": [1.875, 1.25, 2, 1.75], "texture": "#0"},
				"west": {"uv": [1.375, 1.25, 1.875, 1.75], "texture": "#0"},
				"up": {"uv": [1.375, 1.25, 1.25, 0.75], "texture": "#0"},
				"down": {"uv": [1.5, 0.75, 1.375, 1.25], "texture": "#0"}
			}
		},
		{
			"from": [-1, 5, -2],
			"to": [1, 11, 1],
			"faces": {
				"north": {"uv": [0.375, 0.375, 0.625, 1.125], "texture": "#0"},
				"east": {"uv": [0, 0.375, 0.375, 1.125], "texture": "#0"},
				"south": {"uv": [1, 0.375, 1.25, 1.125], "texture": "#0"},
				"west": {"uv": [0.625, 0.375, 1, 1.125], "texture": "#0"},
				"up": {"uv": [0.625, 0.375, 0.375, 0], "texture": "#0"},
				"down": {"uv": [0.875, 0, 0.625, 0.375], "texture": "#0"}
			}
		},
		{
			"from": [10.5, 1.5, -2],
			"to": [12, 2.5, 0],
			"faces": {
				"north": {"uv": [0.25, 1.375, 0.375, 1.5], "texture": "#0"},
				"east": {"uv": [0, 1.375, 0.25, 1.5], "texture": "#0"},
				"south": {"uv": [0.625, 1.375, 0.75, 1.5], "texture": "#0"},
				"west": {"uv": [0.375, 1.375, 0.625, 1.5], "texture": "#0"},
				"up": {"uv": [0.375, 1.375, 0.25, 1.125], "texture": "#0"},
				"down": {"uv": [0.5, 1.125, 0.375, 1.375], "texture": "#0"}
			}
		},
		{
			"from": [4, 1.5, -2],
			"to": [5.5, 2.5, 0],
			"faces": {
				"north": {"uv": [1.125, 0.25, 1.25, 0.375], "texture": "#0"},
				"east": {"uv": [0.875, 0.25, 1.125, 0.375], "texture": "#0"},
				"south": {"uv": [1.5, 0.25, 1.625, 0.375], "texture": "#0"},
				"west": {"uv": [1.25, 0.25, 1.5, 0.375], "texture": "#0"},
				"up": {"uv": [1.25, 0.25, 1.125, 0], "texture": "#0"},
				"down": {"uv": [1.375, 0, 1.25, 0.25], "texture": "#0"}
			}
		},
		{
			"from": [6, -0.5, -1.75],
			"to": [10, 2, 0],
			"faces": {
				"north": {"uv": [5.625, 9.875, 6.125, 10.125], "texture": "#0"},
				"east": {"uv": [5.5, 9.875, 5.625, 10.125], "texture": "#0"},
				"south": {"uv": [6.25, 9.875, 6.75, 10.125], "texture": "#0"},
				"west": {"uv": [6.125, 9.875, 6.25, 10.125], "texture": "#0"},
				"up": {"uv": [6.125, 9.875, 5.625, 9.75], "texture": "#0"},
				"down": {"uv": [6.625, 9.75, 6.125, 9.875], "texture": "#0"}
			}
		}
	],
	"display": {
		"thirdperson_righthand": {
			"rotation": [50, 0, 0],
			"scale": [0.4, 0.4, 0.4]
		},
		"firstperson_righthand": {
			"scale": [0.5, 0.5, 0.5]
		},
		"ground": {
			"scale": [0.5, 0.5, 0.5]
		},
		"gui": {
			"rotation": [0, -164, 0],
			"scale": [0.7, 0.7, 0.7]
		},
		"head": {
			"scale": [0.91, 0.91, 0.91]
		}
	}
}