{
	"credit": "Made with Blockbench",
	"textures": {
		"0": "item/wearables/lion",
		"particle": "item/wearables/lion"
	},
	"elements": [
		{
			"from": [-1, -3, -1],
			"to": [17, 15, 13],
			"faces": {
				"north": {"uv": [5.25, 2.5625, 6.375, 3.6875], "texture": "#0"},
				"east": {"uv": [4.375, 2.5625, 5.25, 3.6875], "texture": "#0"},
				"south": {"uv": [7.25, 2.5625, 8.375, 3.6875], "texture": "#0"},
				"west": {"uv": [6.375, 2.5625, 7.25, 3.6875], "texture": "#0"},
				"up": {"uv": [6.375, 2.5625, 5.25, 1.6875], "texture": "#0"},
				"down": {"uv": [7.5, 1.6875, 6.375, 2.5625], "texture": "#0"}
			}
		},
		{
			"from": [-2, -5, -0.5],
			"to": [17, 1, 2.5],
			"faces": {
				"north": {"uv": [5.25, 2.5625, 6.375, 3.6875], "texture": "#0"},
				"east": {"uv": [4.375, 2.5625, 5.25, 3.6875], "texture": "#0"},
				"south": {"uv": [7.25, 2.5625, 8.375, 3.6875], "texture": "#0"},
				"west": {"uv": [6.375, 2.5625, 7.25, 3.6875], "texture": "#0"},
				"up": {"uv": [6.375, 2.5625, 5.25, 1.6875], "texture": "#0"},
				"down": {"uv": [7.5, 1.6875, 6.375, 2.5625], "texture": "#0"}
			}
		},
		{
			"from": [-3, -4, 1],
			"to": [19, 19, 14],
			"faces": {
				"north": {"uv": [0.8125, 0.8125, 2.1875, 2.25], "texture": "#0"},
				"east": {"uv": [0, 0.8125, 0.8125, 2.25], "texture": "#0"},
				"south": {"uv": [3, 0.8125, 4.375, 2.25], "texture": "#0"},
				"west": {"uv": [2.1875, 0.8125, 3, 2.25], "texture": "#0"},
				"up": {"uv": [2.1875, 0.8125, 0.8125, 0], "texture": "#0"},
				"down": {"uv": [3.5625, 0, 2.1875, 0.8125], "texture": "#0"}
			}
		},
		{
			"from": [-4, -3, 2],
			"to": [20, 18, 13],
			"faces": {
				"north": {"uv": [0.6875, 2.9375, 2.1875, 4.25], "texture": "#0"},
				"east": {"uv": [0, 2.9375, 0.6875, 4.25], "texture": "#0"},
				"south": {"uv": [2.875, 2.9375, 4.375, 4.25], "texture": "#0"},
				"west": {"uv": [2.1875, 2.9375, 2.875, 4.25], "texture": "#0"},
				"up": {"uv": [2.1875, 2.9375, 0.6875, 2.25], "texture": "#0"},
				"down": {"uv": [3.6875, 2.25, 2.1875, 2.9375], "texture": "#0"}
			}
		},
		{
			"from": [-5, -2, 3],
			"to": [21, 16, 12],
			"faces": {
				"north": {"uv": [4.9375, 0.5625, 6.5625, 1.6875], "texture": "#0"},
				"east": {"uv": [4.375, 0.5625, 4.9375, 1.6875], "texture": "#0"},
				"south": {"uv": [7.125, 0.5625, 8.75, 1.6875], "texture": "#0"},
				"west": {"uv": [6.5625, 0.5625, 7.125, 1.6875], "texture": "#0"},
				"up": {"uv": [6.5625, 0.5625, 4.9375, 0], "texture": "#0"},
				"down": {"uv": [8.1875, 0, 6.5625, 0.5625], "texture": "#0"}
			}
		},
		{
			"from": [16, 3, 0],
			"to": [21, 6, 9],
			"rotation": {"angle": -22.5, "axis": "y", "origin": [20.49822, 5.52797, 4.47386]},
			"faces": {
				"north": {"uv": [10, 4.1875, 10.3125, 4.375], "texture": "#0"},
				"east": {"uv": [9.4375, 4.1875, 10, 4.375], "texture": "#0"},
				"south": {"uv": [10.875, 4.1875, 11.1875, 4.375], "texture": "#0"},
				"west": {"uv": [10.3125, 4.1875, 10.875, 4.375], "texture": "#0"},
				"up": {"uv": [10.3125, 4.1875, 10, 3.625], "texture": "#0"},
				"down": {"uv": [10.625, 3.625, 10.3125, 4.1875], "texture": "#0"}
			}
		},
		{
			"from": [18.78956, 1, 9.16658],
			"to": [23.78956, 4.5, 18.16658],
			"rotation": {"angle": 45, "axis": "y", "origin": [16.29805, 4.50286, 14.6408]},
			"faces": {
				"north": {"uv": [10, 4.1875, 10.3125, 4.375], "texture": "#0"},
				"east": {"uv": [9.4375, 4.1875, 10, 4.375], "texture": "#0"},
				"south": {"uv": [10.875, 4.1875, 11.1875, 4.375], "texture": "#0"},
				"west": {"uv": [10.3125, 4.1875, 10.875, 4.375], "texture": "#0"},
				"up": {"uv": [10.3125, 4.1875, 10, 3.625], "texture": "#0"},
				"down": {"uv": [10.625, 3.625, 10.3125, 4.1875], "texture": "#0"}
			}
		},
		{
			"from": [-7.78956, 1, 9.16658],
			"to": [-2.78956, 4.5, 18.16658],
			"rotation": {"angle": -45, "axis": "y", "origin": [-0.29805, 4.50286, 14.6408]},
			"faces": {
				"north": {"uv": [10.3125, 4.1875, 10, 4.375], "texture": "#0"},
				"east": {"uv": [10.875, 4.1875, 10.3125, 4.375], "texture": "#0"},
				"south": {"uv": [11.1875, 4.1875, 10.875, 4.375], "texture": "#0"},
				"west": {"uv": [10, 4.1875, 9.4375, 4.375], "texture": "#0"},
				"up": {"uv": [10, 4.1875, 10.3125, 3.625], "texture": "#0"},
				"down": {"uv": [10.3125, 3.625, 10.625, 4.1875], "texture": "#0"}
			}
		},
		{
			"from": [-5, 3, 0],
			"to": [0, 6, 9],
			"rotation": {"angle": 22.5, "axis": "y", "origin": [-4.49822, 5.52797, 4.47386]},
			"faces": {
				"north": {"uv": [8.625, 10, 8.9375, 10.1875], "texture": "#0"},
				"east": {"uv": [8.0625, 10, 8.625, 10.1875], "texture": "#0"},
				"south": {"uv": [9.5, 10, 9.8125, 10.1875], "texture": "#0"},
				"west": {"uv": [8.9375, 10, 9.5, 10.1875], "texture": "#0"},
				"up": {"uv": [8.9375, 10, 8.625, 9.4375], "texture": "#0"},
				"down": {"uv": [9.25, 9.4375, 8.9375, 10], "texture": "#0"}
			}
		},
		{
			"from": [14, -3.25, 0.5],
			"to": [20, 3, 9],
			"rotation": {"angle": -22.5, "axis": "y", "origin": [20.49822, 5.52797, 4.47386]},
			"faces": {
				"north": {"uv": [2.25, 9.4375, 2.625, 9.8125], "texture": "#0"},
				"east": {"uv": [1.75, 9.4375, 2.25, 9.8125], "texture": "#0"},
				"south": {"uv": [3.125, 9.4375, 3.5, 9.8125], "texture": "#0"},
				"west": {"uv": [2.625, 9.4375, 3.125, 9.8125], "texture": "#0"},
				"up": {"uv": [2.625, 9.4375, 2.25, 8.9375], "texture": "#0"},
				"down": {"uv": [3, 8.9375, 2.625, 9.4375], "texture": "#0"}
			}
		},
		{
			"from": [-4, -3.25, 0.5],
			"to": [2, 3, 9],
			"rotation": {"angle": 22.5, "axis": "y", "origin": [-4.49822, 5.52797, 4.47386]},
			"faces": {
				"north": {"uv": [9.25, 0.5, 9.625, 0.875], "texture": "#0"},
				"east": {"uv": [8.75, 0.5, 9.25, 0.875], "texture": "#0"},
				"south": {"uv": [10.125, 0.5, 10.5, 0.875], "texture": "#0"},
				"west": {"uv": [9.625, 0.5, 10.125, 0.875], "texture": "#0"},
				"up": {"uv": [9.625, 0.5, 9.25, 0], "texture": "#0"},
				"down": {"uv": [10, 0, 9.625, 0.5], "texture": "#0"}
			}
		},
		{
			"from": [11, -6, 1.5],
			"to": [18, -3, 10],
			"rotation": {"angle": -22.5, "axis": "y", "origin": [20.49822, 5.52797, 4.47386]},
			"faces": {
				"north": {"uv": [0.5, 9.9375, 0.9375, 10.125], "texture": "#0"},
				"east": {"uv": [0, 9.9375, 0.5, 10.125], "texture": "#0"},
				"south": {"uv": [1.4375, 9.9375, 1.875, 10.125], "texture": "#0"},
				"west": {"uv": [0.9375, 9.9375, 1.4375, 10.125], "texture": "#0"},
				"up": {"uv": [0.9375, 9.9375, 0.5, 9.4375], "texture": "#0"},
				"down": {"uv": [1.375, 9.4375, 0.9375, 9.9375], "texture": "#0"}
			}
		},
		{
			"from": [-2, -6.25, 1.5],
			"to": [5, -3, 10],
			"rotation": {"angle": 22.5, "axis": "y", "origin": [-4.49822, 5.52797, 4.47386]},
			"faces": {
				"north": {"uv": [4, 9.5, 4.4375, 9.6875], "texture": "#0"},
				"east": {"uv": [3.5, 9.5, 4, 9.6875], "texture": "#0"},
				"south": {"uv": [4.9375, 9.5, 5.375, 9.6875], "texture": "#0"},
				"west": {"uv": [4.4375, 9.5, 4.9375, 9.6875], "texture": "#0"},
				"up": {"uv": [4.4375, 9.5, 4, 9], "texture": "#0"},
				"down": {"uv": [4.875, 9, 4.4375, 9.5], "texture": "#0"}
			}
		},
		{
			"from": [8, -8, 3.5],
			"to": [15, -5, 12],
			"rotation": {"angle": -22.5, "axis": "y", "origin": [20.49822, 5.52797, 4.47386]},
			"faces": {
				"north": {"uv": [9.875, 5.6875, 10.3125, 5.875], "texture": "#0"},
				"east": {"uv": [9.375, 5.6875, 9.875, 5.875], "texture": "#0"},
				"south": {"uv": [10.8125, 5.6875, 11.25, 5.875], "texture": "#0"},
				"west": {"uv": [10.3125, 5.6875, 10.8125, 5.875], "texture": "#0"},
				"up": {"uv": [10.3125, 5.6875, 9.875, 5.1875], "texture": "#0"},
				"down": {"uv": [10.75, 5.1875, 10.3125, 5.6875], "texture": "#0"}
			}
		},
		{
			"from": [1, -8.25, 3.5],
			"to": [8, -5, 12],
			"rotation": {"angle": 22.5, "axis": "y", "origin": [-4.49822, 5.52797, 4.47386]},
			"faces": {
				"north": {"uv": [9.5625, 7.8125, 10, 8], "texture": "#0"},
				"east": {"uv": [9.0625, 7.8125, 9.5625, 8], "texture": "#0"},
				"south": {"uv": [10.5, 7.8125, 10.9375, 8], "texture": "#0"},
				"west": {"uv": [10, 7.8125, 10.5, 8], "texture": "#0"},
				"up": {"uv": [10, 7.8125, 9.5625, 7.3125], "texture": "#0"},
				"down": {"uv": [10.4375, 7.3125, 10, 7.8125], "texture": "#0"}
			}
		},
		{
			"from": [8.5, -7, 4.5],
			"to": [15.5, -4, 13],
			"rotation": {"angle": -22.5, "axis": "y", "origin": [20.49822, 5.52797, 4.47386]},
			"faces": {
				"north": {"uv": [7.25, 9.625, 7.6875, 9.8125], "texture": "#0"},
				"east": {"uv": [6.75, 9.625, 7.25, 9.8125], "texture": "#0"},
				"south": {"uv": [8.1875, 9.625, 8.625, 9.8125], "texture": "#0"},
				"west": {"uv": [7.6875, 9.625, 8.1875, 9.8125], "texture": "#0"},
				"up": {"uv": [7.6875, 9.625, 7.25, 9.125], "texture": "#0"},
				"down": {"uv": [8.125, 9.125, 7.6875, 9.625], "texture": "#0"}
			}
		},
		{
			"from": [8.46042, -6, 9.32368],
			"to": [15.46042, -2, 17.82368],
			"rotation": {"angle": 22.5, "axis": "y", "origin": [7.98054, -5.50801, 12.53988]},
			"faces": {
				"north": {"uv": [7.25, 9.625, 7.6875, 9.8125], "texture": "#0"},
				"east": {"uv": [6.75, 9.625, 7.25, 9.8125], "texture": "#0"},
				"south": {"uv": [8.1875, 9.625, 8.625, 9.8125], "texture": "#0"},
				"west": {"uv": [7.6875, 9.625, 8.1875, 9.8125], "texture": "#0"},
				"up": {"uv": [7.6875, 9.625, 7.25, 9.125], "texture": "#0"},
				"down": {"uv": [8.125, 9.125, 7.6875, 9.625], "texture": "#0"}
			}
		},
		{
			"from": [0.53958, -6, 9.32368],
			"to": [7.53958, -2, 17.82368],
			"rotation": {"angle": -22.5, "axis": "y", "origin": [8.01946, -5.50801, 12.53988]},
			"faces": {
				"north": {"uv": [7.6875, 9.625, 7.25, 9.8125], "texture": "#0"},
				"east": {"uv": [8.1875, 9.625, 7.6875, 9.8125], "texture": "#0"},
				"south": {"uv": [8.625, 9.625, 8.1875, 9.8125], "texture": "#0"},
				"west": {"uv": [7.25, 9.625, 6.75, 9.8125], "texture": "#0"},
				"up": {"uv": [7.25, 9.625, 7.6875, 9.125], "texture": "#0"},
				"down": {"uv": [7.6875, 9.125, 8.125, 9.625], "texture": "#0"}
			}
		},
		{
			"from": [12.46042, -5, 10.32368],
			"to": [19.46042, -2, 18.82368],
			"rotation": {"angle": 22.5, "axis": "y", "origin": [7.98054, -5.50801, 12.53988]},
			"faces": {
				"north": {"uv": [7.25, 9.625, 7.6875, 9.8125], "texture": "#0"},
				"east": {"uv": [6.75, 9.625, 7.25, 9.8125], "texture": "#0"},
				"south": {"uv": [8.1875, 9.625, 8.625, 9.8125], "texture": "#0"},
				"west": {"uv": [7.6875, 9.625, 8.1875, 9.8125], "texture": "#0"},
				"up": {"uv": [7.6875, 9.625, 7.25, 9.125], "texture": "#0"},
				"down": {"uv": [8.125, 9.125, 7.6875, 9.625], "texture": "#0"}
			}
		},
		{
			"from": [-3.46042, -5, 10.32368],
			"to": [3.53958, -2, 18.82368],
			"rotation": {"angle": -22.5, "axis": "y", "origin": [8.01946, -5.50801, 12.53988]},
			"faces": {
				"north": {"uv": [7.6875, 9.625, 7.25, 9.8125], "texture": "#0"},
				"east": {"uv": [8.1875, 9.625, 7.6875, 9.8125], "texture": "#0"},
				"south": {"uv": [8.625, 9.625, 8.1875, 9.8125], "texture": "#0"},
				"west": {"uv": [7.25, 9.625, 6.75, 9.8125], "texture": "#0"},
				"up": {"uv": [7.25, 9.625, 7.6875, 9.125], "texture": "#0"},
				"down": {"uv": [7.6875, 9.125, 8.125, 9.625], "texture": "#0"}
			}
		},
		{
			"from": [16, 6, 1],
			"to": [23, 14, 9],
			"rotation": {"angle": -22.5, "axis": "y", "origin": [20.49822, 5.52797, 4.47386]},
			"faces": {
				"north": {"uv": [8.5625, 4.6875, 9, 5.1875], "texture": "#0"},
				"east": {"uv": [8.0625, 4.6875, 8.5625, 5.1875], "texture": "#0"},
				"south": {"uv": [9.5, 4.6875, 9.9375, 5.1875], "texture": "#0"},
				"west": {"uv": [9, 4.6875, 9.5, 5.1875], "texture": "#0"},
				"up": {"uv": [9, 4.6875, 8.5625, 4.1875], "texture": "#0"},
				"down": {"uv": [9.4375, 4.1875, 9, 4.6875], "texture": "#0"}
			}
		},
		{
			"from": [-7, 6, 1],
			"to": [0, 14, 9],
			"rotation": {"angle": 22.5, "axis": "y", "origin": [-4.49822, 5.52797, 4.47386]},
			"faces": {
				"north": {"uv": [8.375, 3.6875, 8.8125, 4.1875], "texture": "#0"},
				"east": {"uv": [7.875, 3.6875, 8.375, 4.1875], "texture": "#0"},
				"south": {"uv": [9.3125, 3.6875, 9.75, 4.1875], "texture": "#0"},
				"west": {"uv": [8.8125, 3.6875, 9.3125, 4.1875], "texture": "#0"},
				"up": {"uv": [8.8125, 3.6875, 8.375, 3.1875], "texture": "#0"},
				"down": {"uv": [9.25, 3.1875, 8.8125, 3.6875], "texture": "#0"}
			}
		},
		{
			"from": [18, 3, 3],
			"to": [24, 11, 11],
			"rotation": {"angle": -22.5, "axis": "y", "origin": [20.49822, 5.52797, 4.47386]},
			"faces": {
				"north": {"uv": [6, 9.125, 6.375, 9.625], "texture": "#0"},
				"east": {"uv": [5.5, 9.125, 6, 9.625], "texture": "#0"},
				"south": {"uv": [6.875, 9.125, 7.25, 9.625], "texture": "#0"},
				"west": {"uv": [6.375, 9.125, 6.875, 9.625], "texture": "#0"},
				"up": {"uv": [6.375, 9.125, 6, 8.625], "texture": "#0"},
				"down": {"uv": [6.75, 8.625, 6.375, 9.125], "texture": "#0"}
			}
		},
		{
			"from": [-8, 3, 3],
			"to": [-2, 11, 11],
			"rotation": {"angle": 22.5, "axis": "y", "origin": [-4.49822, 5.52797, 4.47386]},
			"faces": {
				"north": {"uv": [8.75, 1.6875, 9.125, 2.1875], "texture": "#0"},
				"east": {"uv": [8.25, 1.6875, 8.75, 2.1875], "texture": "#0"},
				"south": {"uv": [9.625, 1.6875, 10, 2.1875], "texture": "#0"},
				"west": {"uv": [9.125, 1.6875, 9.625, 2.1875], "texture": "#0"},
				"up": {"uv": [9.125, 1.6875, 8.75, 1.1875], "texture": "#0"},
				"down": {"uv": [9.5, 1.1875, 9.125, 1.6875], "texture": "#0"}
			}
		},
		{
			"from": [18, 0, 2],
			"to": [25, 6, 10],
			"rotation": {"angle": -22.5, "axis": "y", "origin": [20.49822, 5.52797, 4.47386]},
			"faces": {
				"north": {"uv": [9.0625, 9.0625, 9.5, 9.4375], "texture": "#0"},
				"east": {"uv": [8.5625, 9.0625, 9.0625, 9.4375], "texture": "#0"},
				"south": {"uv": [10, 9.0625, 10.4375, 9.4375], "texture": "#0"},
				"west": {"uv": [9.5, 9.0625, 10, 9.4375], "texture": "#0"},
				"up": {"uv": [9.5, 9.0625, 9.0625, 8.5625], "texture": "#0"},
				"down": {"uv": [9.9375, 8.5625, 9.5, 9.0625], "texture": "#0"}
			}
		},
		{
			"from": [12.98378, -2, 10.20618],
			"to": [19.98378, 4.25, 18.20618],
			"rotation": {"angle": -45, "axis": "y", "origin": [16.4947, 1.00401, 14.17241]},
			"faces": {
				"north": {"uv": [9.0625, 9.0625, 9.5, 9.4375], "texture": "#0"},
				"east": {"uv": [8.5625, 9.0625, 9.0625, 9.4375], "texture": "#0"},
				"south": {"uv": [10, 9.0625, 10.4375, 9.4375], "texture": "#0"},
				"west": {"uv": [9.5, 9.0625, 10, 9.4375], "texture": "#0"},
				"up": {"uv": [9.5, 9.0625, 9.0625, 8.5625], "texture": "#0"},
				"down": {"uv": [9.9375, 8.5625, 9.5, 9.0625], "texture": "#0"}
			}
		},
		{
			"from": [-3.98378, -2, 10.20618],
			"to": [3.01622, 4.25, 18.20618],
			"rotation": {"angle": 45, "axis": "y", "origin": [-0.4947, 1.00401, 14.17241]},
			"faces": {
				"north": {"uv": [9.5, 9.0625, 9.0625, 9.4375], "texture": "#0"},
				"east": {"uv": [10, 9.0625, 9.5, 9.4375], "texture": "#0"},
				"south": {"uv": [10.4375, 9.0625, 10, 9.4375], "texture": "#0"},
				"west": {"uv": [9.0625, 9.0625, 8.5625, 9.4375], "texture": "#0"},
				"up": {"uv": [9.0625, 9.0625, 9.5, 8.5625], "texture": "#0"},
				"down": {"uv": [9.5, 8.5625, 9.9375, 9.0625], "texture": "#0"}
			}
		},
		{
			"from": [7.50745, -2.5, 11.37315],
			"to": [15.50745, 4, 18.37315],
			"rotation": {"angle": 22.5, "axis": "y", "origin": [11.53759, 0.99413, 14.87729]},
			"faces": {
				"north": {"uv": [9.5, 9.0625, 10, 9.4375], "texture": "#0"},
				"east": {"uv": [9.0625, 9.0625, 9.5, 9.4375], "texture": "#0"},
				"south": {"uv": [8.5625, 9.0625, 9.0625, 9.4375], "texture": "#0"},
				"west": {"uv": [10, 9.0625, 10.4375, 9.4375], "texture": "#0"},
				"up": {"uv": [9.5, 9.0625, 9.0625, 8.5625], "rotation": 90, "texture": "#0"},
				"down": {"uv": [9.9375, 8.5625, 9.5, 9.0625], "rotation": 270, "texture": "#0"}
			}
		},
		{
			"from": [0.4981, -2.25, 11.41103],
			"to": [8.4981, 4, 18.41103],
			"rotation": {"angle": -22.5, "axis": "y", "origin": [4.51091, 0.98184, 14.88953]},
			"faces": {
				"north": {"uv": [10, 9.0625, 9.5, 9.4375], "texture": "#0"},
				"east": {"uv": [10.4375, 9.0625, 10, 9.4375], "texture": "#0"},
				"south": {"uv": [9.0625, 9.0625, 8.5625, 9.4375], "texture": "#0"},
				"west": {"uv": [9.5, 9.0625, 9.0625, 9.4375], "texture": "#0"},
				"up": {"uv": [9.0625, 9.0625, 9.5, 8.5625], "rotation": 270, "texture": "#0"},
				"down": {"uv": [9.5, 8.5625, 9.9375, 9.0625], "rotation": 90, "texture": "#0"}
			}
		},
		{
			"from": [8.925, 4, 10.38465],
			"to": [16.925, 10, 17.38465],
			"rotation": {"angle": 22.5, "axis": "y", "origin": [12.93958, 7.99658, 14.88707]},
			"faces": {
				"north": {"uv": [9.5, 9.0625, 10, 9.4375], "texture": "#0"},
				"east": {"uv": [9.0625, 9.0625, 9.5, 9.4375], "texture": "#0"},
				"south": {"uv": [8.5625, 9.0625, 9.0625, 9.4375], "texture": "#0"},
				"west": {"uv": [10, 9.0625, 10.4375, 9.4375], "texture": "#0"},
				"up": {"uv": [9.5, 9.0625, 9.0625, 8.5625], "rotation": 90, "texture": "#0"},
				"down": {"uv": [9.9375, 8.5625, 9.5, 9.0625], "rotation": 270, "texture": "#0"}
			}
		},
		{
			"from": [-0.925, 4, 10.38465],
			"to": [7.075, 10, 17.38465],
			"rotation": {"angle": -22.5, "axis": "y", "origin": [3.06042, 7.99658, 14.88707]},
			"faces": {
				"north": {"uv": [10, 9.0625, 9.5, 9.4375], "texture": "#0"},
				"east": {"uv": [10.4375, 9.0625, 10, 9.4375], "texture": "#0"},
				"south": {"uv": [9.0625, 9.0625, 8.5625, 9.4375], "texture": "#0"},
				"west": {"uv": [9.5, 9.0625, 9.0625, 9.4375], "texture": "#0"},
				"up": {"uv": [9.5, 8.5625, 9.0625, 9.0625], "rotation": 90, "texture": "#0"},
				"down": {"uv": [9.9375, 9.0625, 9.5, 8.5625], "rotation": 270, "texture": "#0"}
			}
		},
		{
			"from": [11.98378, 4, 6.20618],
			"to": [19.23378, 10, 14.70618],
			"rotation": {"angle": -45, "axis": "y", "origin": [16.4947, 1.00401, 14.17241]},
			"faces": {
				"north": {"uv": [9.0625, 9.0625, 9.5, 9.4375], "texture": "#0"},
				"east": {"uv": [8.5625, 9.0625, 9.0625, 9.4375], "texture": "#0"},
				"south": {"uv": [10, 9.0625, 10.4375, 9.4375], "texture": "#0"},
				"west": {"uv": [9.5, 9.0625, 10, 9.4375], "texture": "#0"},
				"up": {"uv": [9.5, 9.0625, 9.0625, 8.5625], "texture": "#0"},
				"down": {"uv": [9.9375, 8.5625, 9.5, 9.0625], "texture": "#0"}
			}
		},
		{
			"from": [-3.23378, 4, 6.20618],
			"to": [4.01622, 10, 14.70618],
			"rotation": {"angle": 45, "axis": "y", "origin": [-0.4947, 1.00401, 14.17241]},
			"faces": {
				"north": {"uv": [9.5, 9.0625, 9.0625, 9.4375], "texture": "#0"},
				"east": {"uv": [10, 9.0625, 9.5, 9.4375], "texture": "#0"},
				"south": {"uv": [10.4375, 9.0625, 10, 9.4375], "texture": "#0"},
				"west": {"uv": [9.0625, 9.0625, 8.5625, 9.4375], "texture": "#0"},
				"up": {"uv": [9.0625, 9.0625, 9.5, 8.5625], "texture": "#0"},
				"down": {"uv": [9.5, 8.5625, 9.9375, 9.0625], "texture": "#0"}
			}
		},
		{
			"from": [7.26688, 8, 11.48513],
			"to": [15.51688, 14, 18.48513],
			"rotation": {"angle": 22.5, "axis": "y", "origin": [11.51069, 14.99655, 13.48756]},
			"faces": {
				"north": {"uv": [9.5, 9.0625, 10, 9.4375], "texture": "#0"},
				"east": {"uv": [9.0625, 9.0625, 9.5, 9.4375], "texture": "#0"},
				"south": {"uv": [8.5625, 9.0625, 9.0625, 9.4375], "texture": "#0"},
				"west": {"uv": [10, 9.0625, 10.4375, 9.4375], "texture": "#0"},
				"up": {"uv": [9.5, 9.0625, 9.0625, 8.5625], "rotation": 90, "texture": "#0"},
				"down": {"uv": [9.9375, 8.5625, 9.5, 9.0625], "rotation": 270, "texture": "#0"}
			}
		},
		{
			"from": [0.48312, 8, 11.48513],
			"to": [8.73312, 14, 18.48513],
			"rotation": {"angle": -22.5, "axis": "y", "origin": [4.48931, 14.99655, 13.48756]},
			"faces": {
				"north": {"uv": [10, 9.0625, 9.5, 9.4375], "texture": "#0"},
				"east": {"uv": [10.4375, 9.0625, 10, 9.4375], "texture": "#0"},
				"south": {"uv": [9.0625, 9.0625, 8.5625, 9.4375], "texture": "#0"},
				"west": {"uv": [9.5, 9.0625, 9.0625, 9.4375], "texture": "#0"},
				"up": {"uv": [9.5, 8.5625, 9.0625, 9.0625], "rotation": 90, "texture": "#0"},
				"down": {"uv": [9.9375, 9.0625, 9.5, 8.5625], "rotation": 270, "texture": "#0"}
			}
		},
		{
			"from": [7.51688, 11, 10.73513],
			"to": [15.51688, 17, 17.73513],
			"rotation": {"angle": 22.5, "axis": "y", "origin": [11.51069, 14.99655, 13.48756]},
			"faces": {
				"north": {"uv": [9.5, 9.0625, 10, 9.4375], "texture": "#0"},
				"east": {"uv": [9.0625, 9.0625, 9.5, 9.4375], "texture": "#0"},
				"south": {"uv": [8.5625, 9.0625, 9.0625, 9.4375], "texture": "#0"},
				"west": {"uv": [10, 9.0625, 10.4375, 9.4375], "texture": "#0"},
				"up": {"uv": [9.5, 9.0625, 9.0625, 8.5625], "rotation": 90, "texture": "#0"},
				"down": {"uv": [9.9375, 8.5625, 9.5, 9.0625], "rotation": 270, "texture": "#0"}
			}
		},
		{
			"from": [0.48312, 11, 10.73513],
			"to": [8.48312, 17, 17.73513],
			"rotation": {"angle": -22.5, "axis": "y", "origin": [4.48931, 14.99655, 13.48756]},
			"faces": {
				"north": {"uv": [10, 9.0625, 9.5, 9.4375], "texture": "#0"},
				"east": {"uv": [10.4375, 9.0625, 10, 9.4375], "texture": "#0"},
				"south": {"uv": [9.0625, 9.0625, 8.5625, 9.4375], "texture": "#0"},
				"west": {"uv": [9.5, 9.0625, 9.0625, 9.4375], "texture": "#0"},
				"up": {"uv": [9.5, 8.5625, 9.0625, 9.0625], "rotation": 90, "texture": "#0"},
				"down": {"uv": [9.9375, 9.0625, 9.5, 8.5625], "rotation": 270, "texture": "#0"}
			}
		},
		{
			"from": [11.98378, 6, 12.20618],
			"to": [18.98378, 12, 20.20618],
			"rotation": {"angle": -45, "axis": "y", "origin": [16.4947, 1.00401, 14.17241]},
			"faces": {
				"north": {"uv": [9.0625, 9.0625, 9.5, 9.4375], "texture": "#0"},
				"east": {"uv": [8.5625, 9.0625, 9.0625, 9.4375], "texture": "#0"},
				"south": {"uv": [10, 9.0625, 10.4375, 9.4375], "texture": "#0"},
				"west": {"uv": [9.5, 9.0625, 10, 9.4375], "texture": "#0"},
				"up": {"uv": [9.5, 9.0625, 9.0625, 8.5625], "texture": "#0"},
				"down": {"uv": [9.9375, 8.5625, 9.5, 9.0625], "texture": "#0"}
			}
		},
		{
			"from": [-2.98378, 6, 12.20618],
			"to": [4.01622, 12, 20.20618],
			"rotation": {"angle": 45, "axis": "y", "origin": [-0.4947, 1.00401, 14.17241]},
			"faces": {
				"north": {"uv": [9.5, 9.0625, 9.0625, 9.4375], "texture": "#0"},
				"east": {"uv": [10, 9.0625, 9.5, 9.4375], "texture": "#0"},
				"south": {"uv": [10.4375, 9.0625, 10, 9.4375], "texture": "#0"},
				"west": {"uv": [9.0625, 9.0625, 8.5625, 9.4375], "texture": "#0"},
				"up": {"uv": [9.0625, 9.0625, 9.5, 8.5625], "texture": "#0"},
				"down": {"uv": [9.5, 8.5625, 9.9375, 9.0625], "texture": "#0"}
			}
		},
		{
			"from": [-9, 0, 2],
			"to": [-2, 6, 10],
			"rotation": {"angle": 22.5, "axis": "y", "origin": [-4.49822, 5.52797, 4.47386]},
			"faces": {
				"north": {"uv": [8.875, 2.6875, 9.3125, 3.0625], "texture": "#0"},
				"east": {"uv": [8.375, 2.6875, 8.875, 3.0625], "texture": "#0"},
				"south": {"uv": [9.8125, 2.6875, 10.25, 3.0625], "texture": "#0"},
				"west": {"uv": [9.3125, 2.6875, 9.8125, 3.0625], "texture": "#0"},
				"up": {"uv": [9.3125, 2.6875, 8.875, 2.1875], "texture": "#0"},
				"down": {"uv": [9.75, 2.1875, 9.3125, 2.6875], "texture": "#0"}
			}
		},
		{
			"from": [19, -1, 1],
			"to": [24, 5, 8],
			"rotation": {"angle": -22.5, "axis": "y", "origin": [20.49822, 5.52797, 4.47386]},
			"faces": {
				"north": {"uv": [9.8125, 10.1875, 10.125, 10.5625], "texture": "#0"},
				"east": {"uv": [9.375, 10.1875, 9.8125, 10.5625], "texture": "#0"},
				"south": {"uv": [10.5625, 10.1875, 10.875, 10.5625], "texture": "#0"},
				"west": {"uv": [10.125, 10.1875, 10.5625, 10.5625], "texture": "#0"},
				"up": {"uv": [10.125, 10.1875, 9.8125, 9.75], "texture": "#0"},
				"down": {"uv": [10.4375, 9.75, 10.125, 10.1875], "texture": "#0"}
			}
		},
		{
			"from": [-8, -1, 1],
			"to": [-3, 5, 8],
			"rotation": {"angle": 22.5, "axis": "y", "origin": [-4.49822, 5.52797, 4.47386]},
			"faces": {
				"north": {"uv": [3.5, 10.125, 3.8125, 10.5], "texture": "#0"},
				"east": {"uv": [3.0625, 10.125, 3.5, 10.5], "texture": "#0"},
				"south": {"uv": [4.25, 10.125, 4.5625, 10.5], "texture": "#0"},
				"west": {"uv": [3.8125, 10.125, 4.25, 10.5], "texture": "#0"},
				"up": {"uv": [3.8125, 10.125, 3.5, 9.6875], "texture": "#0"},
				"down": {"uv": [4.125, 9.6875, 3.8125, 10.125], "texture": "#0"}
			}
		},
		{
			"from": [18, 6, 0],
			"to": [22, 13, 5],
			"rotation": {"angle": -22.5, "axis": "y", "origin": [20.49822, 5.52797, 4.47386]},
			"faces": {
				"north": {"uv": [10.25, 3.0625, 10.5, 3.5], "texture": "#0"},
				"east": {"uv": [9.9375, 3.0625, 10.25, 3.5], "texture": "#0"},
				"south": {"uv": [10.8125, 3.0625, 11.0625, 3.5], "texture": "#0"},
				"west": {"uv": [10.5, 3.0625, 10.8125, 3.5], "texture": "#0"},
				"up": {"uv": [10.5, 3.0625, 10.25, 2.75], "texture": "#0"},
				"down": {"uv": [10.75, 2.75, 10.5, 3.0625], "texture": "#0"}
			}
		},
		{
			"from": [-6, 6, 0],
			"to": [-2, 13, 5],
			"rotation": {"angle": 22.5, "axis": "y", "origin": [-4.49822, 5.52797, 4.47386]},
			"faces": {
				"north": {"uv": [7, 10.125, 7.25, 10.5625], "texture": "#0"},
				"east": {"uv": [6.6875, 10.125, 7, 10.5625], "texture": "#0"},
				"south": {"uv": [7.5625, 10.125, 7.8125, 10.5625], "texture": "#0"},
				"west": {"uv": [7.25, 10.125, 7.5625, 10.5625], "texture": "#0"},
				"up": {"uv": [7.25, 10.125, 7, 9.8125], "texture": "#0"},
				"down": {"uv": [7.5, 9.8125, 7.25, 10.125], "texture": "#0"}
			}
		},
		{
			"from": [16, 13, 0.75],
			"to": [20, 17, 5],
			"rotation": {"angle": -22.5, "axis": "y", "origin": [20.49822, 5.52797, 4.47386]},
			"faces": {
				"north": {"uv": [0.25, 5, 0.5, 5.25], "texture": "#0"},
				"east": {"uv": [0, 5, 0.25, 5.25], "texture": "#0"},
				"south": {"uv": [0.75, 5, 1, 5.25], "texture": "#0"},
				"west": {"uv": [0.5, 5, 0.75, 5.25], "texture": "#0"},
				"up": {"uv": [0.5, 5, 0.25, 4.75], "texture": "#0"},
				"down": {"uv": [0.75, 4.75, 0.5, 5], "texture": "#0"}
			}
		},
		{
			"from": [-4, 13, 0.75],
			"to": [0, 17, 5],
			"rotation": {"angle": 22.5, "axis": "y", "origin": [-4.49822, 5.52797, 4.47386]},
			"faces": {
				"north": {"uv": [0.25, 4.5, 0.5, 4.75], "texture": "#0"},
				"east": {"uv": [0, 4.5, 0.25, 4.75], "texture": "#0"},
				"south": {"uv": [0.75, 4.5, 1, 4.75], "texture": "#0"},
				"west": {"uv": [0.5, 4.5, 0.75, 4.75], "texture": "#0"},
				"up": {"uv": [0.5, 4.5, 0.25, 4.25], "texture": "#0"},
				"down": {"uv": [0.75, 4.25, 0.5, 4.5], "texture": "#0"}
			}
		},
		{
			"from": [12, 18, 1.75],
			"to": [17, 21, 5],
			"rotation": {"angle": -22.5, "axis": "y", "origin": [20.49822, 5.52797, 4.47386]},
			"faces": {
				"north": {"uv": [2.1875, 4.4375, 2.5, 4.625], "texture": "#0"},
				"east": {"uv": [2, 4.4375, 2.1875, 4.625], "texture": "#0"},
				"south": {"uv": [2.6875, 4.4375, 3, 4.625], "texture": "#0"},
				"west": {"uv": [2.5, 4.4375, 2.6875, 4.625], "texture": "#0"},
				"up": {"uv": [2.5, 4.4375, 2.1875, 4.25], "texture": "#0"},
				"down": {"uv": [2.8125, 4.25, 2.5, 4.4375], "texture": "#0"}
			}
		},
		{
			"from": [-1, 18, 1.75],
			"to": [4, 21, 5],
			"rotation": {"angle": 22.5, "axis": "y", "origin": [-4.49822, 5.52797, 4.47386]},
			"faces": {
				"north": {"uv": [1.1875, 4.4375, 1.5, 4.625], "texture": "#0"},
				"east": {"uv": [1, 4.4375, 1.1875, 4.625], "texture": "#0"},
				"south": {"uv": [1.6875, 4.4375, 2, 4.625], "texture": "#0"},
				"west": {"uv": [1.5, 4.4375, 1.6875, 4.625], "texture": "#0"},
				"up": {"uv": [1.5, 4.4375, 1.1875, 4.25], "texture": "#0"},
				"down": {"uv": [1.8125, 4.25, 1.5, 4.4375], "texture": "#0"}
			}
		},
		{
			"from": [17, 3, -1],
			"to": [20, 6, 5],
			"rotation": {"angle": -22.5, "axis": "y", "origin": [20.49822, 5.52797, 4.47386]},
			"faces": {
				"north": {"uv": [9.4375, 8.375, 9.625, 8.5625], "texture": "#0"},
				"east": {"uv": [9.0625, 8.375, 9.4375, 8.5625], "texture": "#0"},
				"south": {"uv": [10, 8.375, 10.1875, 8.5625], "texture": "#0"},
				"west": {"uv": [9.625, 8.375, 10, 8.5625], "texture": "#0"},
				"up": {"uv": [9.625, 8.375, 9.4375, 8], "texture": "#0"},
				"down": {"uv": [9.8125, 8, 9.625, 8.375], "texture": "#0"}
			}
		},
		{
			"from": [-4, 3, -1],
			"to": [-1, 6, 5],
			"rotation": {"angle": 22.5, "axis": "y", "origin": [-4.49822, 5.52797, 4.47386]},
			"faces": {
				"north": {"uv": [7.875, 2.1875, 8.0625, 2.375], "texture": "#0"},
				"east": {"uv": [7.5, 2.1875, 7.875, 2.375], "texture": "#0"},
				"south": {"uv": [8.4375, 2.1875, 8.625, 2.375], "texture": "#0"},
				"west": {"uv": [8.0625, 2.1875, 8.4375, 2.375], "texture": "#0"},
				"up": {"uv": [8.0625, 2.1875, 7.875, 1.8125], "texture": "#0"},
				"down": {"uv": [8.25, 1.8125, 8.0625, 2.1875], "texture": "#0"}
			}
		},
		{
			"from": [15, -2, -1],
			"to": [19, 3, 5],
			"rotation": {"angle": -22.5, "axis": "y", "origin": [20.49822, 5.52797, 4.47386]},
			"faces": {
				"north": {"uv": [1.875, 10.1875, 2.125, 10.5], "texture": "#0"},
				"east": {"uv": [1.5, 10.1875, 1.875, 10.5], "texture": "#0"},
				"south": {"uv": [2.5, 10.1875, 2.75, 10.5], "texture": "#0"},
				"west": {"uv": [2.125, 10.1875, 2.5, 10.5], "texture": "#0"},
				"up": {"uv": [2.125, 10.1875, 1.875, 9.8125], "texture": "#0"},
				"down": {"uv": [2.375, 9.8125, 2.125, 10.1875], "texture": "#0"}
			}
		},
		{
			"from": [14, 14.5, 13],
			"to": [18, 19.5, 19],
			"rotation": {"angle": -22.5, "axis": "y", "origin": [20.49822, 5.52797, 4.47386]},
			"faces": {
				"north": {"uv": [1.875, 10.1875, 2.125, 10.5], "texture": "#0"},
				"east": {"uv": [1.5, 10.1875, 1.875, 10.5], "texture": "#0"},
				"south": {"uv": [2.5, 10.1875, 2.75, 10.5], "texture": "#0"},
				"west": {"uv": [2.125, 10.1875, 2.5, 10.5], "texture": "#0"},
				"up": {"uv": [2.125, 10.1875, 1.875, 9.8125], "texture": "#0"},
				"down": {"uv": [2.375, 9.8125, 2.125, 10.1875], "texture": "#0"}
			}
		},
		{
			"from": [-2, 14.5, 13],
			"to": [2, 19.5, 19],
			"rotation": {"angle": 22.5, "axis": "y", "origin": [-4.49822, 5.52797, 4.47386]},
			"faces": {
				"north": {"uv": [2.125, 10.1875, 1.875, 10.5], "texture": "#0"},
				"east": {"uv": [2.5, 10.1875, 2.125, 10.5], "texture": "#0"},
				"south": {"uv": [2.75, 10.1875, 2.5, 10.5], "texture": "#0"},
				"west": {"uv": [1.875, 10.1875, 1.5, 10.5], "texture": "#0"},
				"up": {"uv": [1.875, 10.1875, 2.125, 9.8125], "texture": "#0"},
				"down": {"uv": [2.125, 9.8125, 2.375, 10.1875], "texture": "#0"}
			}
		},
		{
			"from": [20.5, 9.5, 11],
			"to": [24.5, 14.5, 17],
			"rotation": {"angle": -22.5, "axis": "y", "origin": [20.49822, 5.52797, 4.47386]},
			"faces": {
				"north": {"uv": [1.875, 10.1875, 2.125, 10.5], "texture": "#0"},
				"east": {"uv": [1.5, 10.1875, 1.875, 10.5], "texture": "#0"},
				"south": {"uv": [2.5, 10.1875, 2.75, 10.5], "texture": "#0"},
				"west": {"uv": [2.125, 10.1875, 2.5, 10.5], "texture": "#0"},
				"up": {"uv": [2.125, 10.1875, 1.875, 9.8125], "texture": "#0"},
				"down": {"uv": [2.375, 9.8125, 2.125, 10.1875], "texture": "#0"}
			}
		},
		{
			"from": [-8.5, 9.5, 11],
			"to": [-4.5, 14.5, 17],
			"rotation": {"angle": 22.5, "axis": "y", "origin": [-4.49822, 5.52797, 4.47386]},
			"faces": {
				"north": {"uv": [2.125, 10.1875, 1.875, 10.5], "texture": "#0"},
				"east": {"uv": [2.5, 10.1875, 2.125, 10.5], "texture": "#0"},
				"south": {"uv": [2.75, 10.1875, 2.5, 10.5], "texture": "#0"},
				"west": {"uv": [1.875, 10.1875, 1.5, 10.5], "texture": "#0"},
				"up": {"uv": [1.875, 10.1875, 2.125, 9.8125], "texture": "#0"},
				"down": {"uv": [2.125, 9.8125, 2.375, 10.1875], "texture": "#0"}
			}
		},
		{
			"from": [15.74058, 13.5, 11.8473],
			"to": [19.74058, 18.5, 17.8473],
			"rotation": {"angle": -45, "axis": "y", "origin": [18.23466, 17.00767, 13.84745]},
			"faces": {
				"north": {"uv": [1.875, 10.1875, 2.125, 10.5], "texture": "#0"},
				"east": {"uv": [1.5, 10.1875, 1.875, 10.5], "texture": "#0"},
				"south": {"uv": [2.5, 10.1875, 2.75, 10.5], "texture": "#0"},
				"west": {"uv": [2.125, 10.1875, 2.5, 10.5], "texture": "#0"},
				"up": {"uv": [2.125, 10.1875, 1.875, 9.8125], "texture": "#0"},
				"down": {"uv": [2.375, 9.8125, 2.125, 10.1875], "texture": "#0"}
			}
		},
		{
			"from": [-3.74058, 13.5, 11.8473],
			"to": [0.25942, 18.5, 17.8473],
			"rotation": {"angle": 45, "axis": "y", "origin": [-2.23466, 17.00767, 13.84745]},
			"faces": {
				"north": {"uv": [2.125, 10.1875, 1.875, 10.5], "texture": "#0"},
				"east": {"uv": [2.5, 10.1875, 2.125, 10.5], "texture": "#0"},
				"south": {"uv": [2.75, 10.1875, 2.5, 10.5], "texture": "#0"},
				"west": {"uv": [1.875, 10.1875, 1.5, 10.5], "texture": "#0"},
				"up": {"uv": [1.875, 10.1875, 2.125, 9.8125], "texture": "#0"},
				"down": {"uv": [2.125, 9.8125, 2.375, 10.1875], "texture": "#0"}
			}
		},
		{
			"from": [-3, -2, -1],
			"to": [1, 3, 5],
			"rotation": {"angle": 22.5, "axis": "y", "origin": [-4.49822, 5.52797, 4.47386]},
			"faces": {
				"north": {"uv": [4.375, 2.25, 4.625, 2.5625], "texture": "#0"},
				"east": {"uv": [4, 2.25, 4.375, 2.5625], "texture": "#0"},
				"south": {"uv": [5, 2.25, 5.25, 2.5625], "texture": "#0"},
				"west": {"uv": [4.625, 2.25, 5, 2.5625], "texture": "#0"},
				"up": {"uv": [4.625, 2.25, 4.375, 1.875], "texture": "#0"},
				"down": {"uv": [4.875, 1.875, 4.625, 2.25], "texture": "#0"}
			}
		},
		{
			"from": [12, -5, 0],
			"to": [17, -2, 5],
			"rotation": {"angle": -22.5, "axis": "y", "origin": [20.49822, 5.52797, 4.47386]},
			"faces": {
				"north": {"uv": [6.1875, 6, 6.5, 6.1875], "texture": "#0"},
				"east": {"uv": [5.875, 6, 6.1875, 6.1875], "texture": "#0"},
				"south": {"uv": [6.8125, 6, 7.125, 6.1875], "texture": "#0"},
				"west": {"uv": [6.5, 6, 6.8125, 6.1875], "texture": "#0"},
				"up": {"uv": [6.5, 6, 6.1875, 5.6875], "texture": "#0"},
				"down": {"uv": [6.8125, 5.6875, 6.5, 6], "texture": "#0"}
			}
		},
		{
			"from": [-1, -5, 0],
			"to": [4, -2, 5],
			"rotation": {"angle": 22.5, "axis": "y", "origin": [-4.49822, 5.52797, 4.47386]},
			"faces": {
				"north": {"uv": [3.875, 0.3125, 4.1875, 0.5], "texture": "#0"},
				"east": {"uv": [3.5625, 0.3125, 3.875, 0.5], "texture": "#0"},
				"south": {"uv": [4.5, 0.3125, 4.8125, 0.5], "texture": "#0"},
				"west": {"uv": [4.1875, 0.3125, 4.5, 0.5], "texture": "#0"},
				"up": {"uv": [4.1875, 0.3125, 3.875, 0], "texture": "#0"},
				"down": {"uv": [4.5, 0, 4.1875, 0.3125], "texture": "#0"}
			}
		},
		{
			"from": [9, -7, 2],
			"to": [14, -5, 5],
			"rotation": {"angle": -22.5, "axis": "y", "origin": [20.49822, 5.52797, 4.47386]},
			"faces": {
				"north": {"uv": [0.1875, 6.875, 0.5, 7], "texture": "#0"},
				"east": {"uv": [0, 6.875, 0.1875, 7], "texture": "#0"},
				"south": {"uv": [0.6875, 6.875, 1, 7], "texture": "#0"},
				"west": {"uv": [0.5, 6.875, 0.6875, 7], "texture": "#0"},
				"up": {"uv": [0.5, 6.875, 0.1875, 6.6875], "texture": "#0"},
				"down": {"uv": [0.8125, 6.6875, 0.5, 6.875], "texture": "#0"}
			}
		},
		{
			"from": [2, -7, 2],
			"to": [7, -5, 5],
			"rotation": {"angle": 22.5, "axis": "y", "origin": [-4.49822, 5.52797, 4.47386]},
			"faces": {
				"north": {"uv": [0.1875, 5.4375, 0.5, 5.5625], "texture": "#0"},
				"east": {"uv": [0, 5.4375, 0.1875, 5.5625], "texture": "#0"},
				"south": {"uv": [0.6875, 5.4375, 1, 5.5625], "texture": "#0"},
				"west": {"uv": [0.5, 5.4375, 0.6875, 5.5625], "texture": "#0"},
				"up": {"uv": [0.5, 5.4375, 0.1875, 5.25], "texture": "#0"},
				"down": {"uv": [0.8125, 5.25, 0.5, 5.4375], "texture": "#0"}
			}
		},
		{
			"from": [15, 14, 1.5],
			"to": [21, 18, 9],
			"rotation": {"angle": -22.5, "axis": "y", "origin": [20.49822, 5.52797, 4.47386]},
			"faces": {
				"north": {"uv": [10.1875, 2.1875, 10.5625, 2.4375], "texture": "#0"},
				"east": {"uv": [9.75, 2.1875, 10.1875, 2.4375], "texture": "#0"},
				"south": {"uv": [11, 2.1875, 11.375, 2.4375], "texture": "#0"},
				"west": {"uv": [10.5625, 2.1875, 11, 2.4375], "texture": "#0"},
				"up": {"uv": [10.5625, 2.1875, 10.1875, 1.75], "texture": "#0"},
				"down": {"uv": [10.9375, 1.75, 10.5625, 2.1875], "texture": "#0"}
			}
		},
		{
			"from": [-5, 14, 1.5],
			"to": [1, 18, 9],
			"rotation": {"angle": 22.5, "axis": "y", "origin": [-4.49822, 5.52797, 4.47386]},
			"faces": {
				"north": {"uv": [10.0625, 6.4375, 10.4375, 6.6875], "texture": "#0"},
				"east": {"uv": [9.625, 6.4375, 10.0625, 6.6875], "texture": "#0"},
				"south": {"uv": [10.875, 6.4375, 11.25, 6.6875], "texture": "#0"},
				"west": {"uv": [10.4375, 6.4375, 10.875, 6.6875], "texture": "#0"},
				"up": {"uv": [10.4375, 6.4375, 10.0625, 6], "texture": "#0"},
				"down": {"uv": [10.8125, 6, 10.4375, 6.4375], "texture": "#0"}
			}
		},
		{
			"from": [11, 18, 2.5],
			"to": [18, 22, 10],
			"rotation": {"angle": -22.5, "axis": "y", "origin": [20.49822, 5.52797, 4.47386]},
			"faces": {
				"north": {"uv": [5.375, 10.0625, 5.8125, 10.3125], "texture": "#0"},
				"east": {"uv": [4.9375, 10.0625, 5.375, 10.3125], "texture": "#0"},
				"south": {"uv": [6.25, 10.0625, 6.6875, 10.3125], "texture": "#0"},
				"west": {"uv": [5.8125, 10.0625, 6.25, 10.3125], "texture": "#0"},
				"up": {"uv": [5.8125, 10.0625, 5.375, 9.625], "texture": "#0"},
				"down": {"uv": [6.25, 9.625, 5.8125, 10.0625], "texture": "#0"}
			}
		},
		{
			"from": [-2, 18, 2.5],
			"to": [5, 22, 10],
			"rotation": {"angle": 22.5, "axis": "y", "origin": [-4.49822, 5.52797, 4.47386]},
			"faces": {
				"north": {"uv": [9.9375, 1.3125, 10.375, 1.5625], "texture": "#0"},
				"east": {"uv": [9.5, 1.3125, 9.9375, 1.5625], "texture": "#0"},
				"south": {"uv": [10.8125, 1.3125, 11.25, 1.5625], "texture": "#0"},
				"west": {"uv": [10.375, 1.3125, 10.8125, 1.5625], "texture": "#0"},
				"up": {"uv": [10.375, 1.3125, 9.9375, 0.875], "texture": "#0"},
				"down": {"uv": [10.8125, 0.875, 10.375, 1.3125], "texture": "#0"}
			}
		},
		{
			"from": [7, 18, 4.5],
			"to": [11, 21.25, 10],
			"rotation": {"angle": -22.5, "axis": "y", "origin": [20.49822, 5.52797, 4.47386]},
			"faces": {
				"north": {"uv": [7.0625, 8.9375, 7.3125, 9.125], "texture": "#0"},
				"east": {"uv": [6.75, 8.9375, 7.0625, 9.125], "texture": "#0"},
				"south": {"uv": [7.625, 8.9375, 7.875, 9.125], "texture": "#0"},
				"west": {"uv": [7.3125, 8.9375, 7.625, 9.125], "texture": "#0"},
				"up": {"uv": [7.3125, 8.9375, 7.0625, 8.625], "texture": "#0"},
				"down": {"uv": [7.5625, 8.625, 7.3125, 8.9375], "texture": "#0"}
			}
		},
		{
			"from": [11.25, 16, 3.25],
			"to": [15.25, 19.25, 8.75],
			"rotation": {"angle": -22.5, "axis": "y", "origin": [20.49822, 5.52797, 4.47386]},
			"faces": {
				"north": {"uv": [7.0625, 8.9375, 7.3125, 9.125], "texture": "#0"},
				"east": {"uv": [6.75, 8.9375, 7.0625, 9.125], "texture": "#0"},
				"south": {"uv": [7.625, 8.9375, 7.875, 9.125], "texture": "#0"},
				"west": {"uv": [7.3125, 8.9375, 7.625, 9.125], "texture": "#0"},
				"up": {"uv": [7.3125, 8.9375, 7.0625, 8.625], "texture": "#0"},
				"down": {"uv": [7.5625, 8.625, 7.3125, 8.9375], "texture": "#0"}
			}
		},
		{
			"from": [0.75, 16, 3.25],
			"to": [4.75, 19.25, 8.75],
			"rotation": {"angle": 22.5, "axis": "y", "origin": [-4.49822, 5.52797, 4.47386]},
			"faces": {
				"north": {"uv": [7.3125, 8.9375, 7.0625, 9.125], "texture": "#0"},
				"east": {"uv": [7.625, 8.9375, 7.3125, 9.125], "texture": "#0"},
				"south": {"uv": [7.875, 8.9375, 7.625, 9.125], "texture": "#0"},
				"west": {"uv": [7.0625, 8.9375, 6.75, 9.125], "texture": "#0"},
				"up": {"uv": [7.0625, 8.9375, 7.3125, 8.625], "texture": "#0"},
				"down": {"uv": [7.3125, 8.625, 7.5625, 8.9375], "texture": "#0"}
			}
		},
		{
			"from": [5, 18, 4.5],
			"to": [9, 21, 10],
			"rotation": {"angle": 22.5, "axis": "y", "origin": [-4.49822, 5.52797, 4.47386]},
			"faces": {
				"north": {"uv": [8.375, 5.5, 8.625, 5.6875], "texture": "#0"},
				"east": {"uv": [8.0625, 5.5, 8.375, 5.6875], "texture": "#0"},
				"south": {"uv": [8.9375, 5.5, 9.1875, 5.6875], "texture": "#0"},
				"west": {"uv": [8.625, 5.5, 8.9375, 5.6875], "texture": "#0"},
				"up": {"uv": [8.625, 5.5, 8.375, 5.1875], "texture": "#0"},
				"down": {"uv": [8.875, 5.1875, 8.625, 5.5], "texture": "#0"}
			}
		},
		{
			"from": [-2, -1, 14],
			"to": [18, 15, 16],
			"faces": {
				"north": {"uv": [3.375, 8, 4.625, 9], "texture": "#0"},
				"east": {"uv": [3.25, 8, 3.375, 9], "texture": "#0"},
				"south": {"uv": [4.75, 8, 6, 9], "texture": "#0"},
				"west": {"uv": [4.625, 8, 4.75, 9], "texture": "#0"},
				"up": {"uv": [4.625, 8, 3.375, 7.875], "texture": "#0"},
				"down": {"uv": [5.875, 7.875, 4.625, 8], "texture": "#0"}
			}
		},
		{
			"from": [0, -5.25, 3],
			"to": [16, 21, 12],
			"faces": {
				"north": {"uv": [3.875, 6.25, 4.875, 7.875], "texture": "#0"},
				"east": {"uv": [3.3125, 6.25, 3.875, 7.875], "texture": "#0"},
				"south": {"uv": [5.4375, 6.25, 6.4375, 7.875], "texture": "#0"},
				"west": {"uv": [4.875, 6.25, 5.4375, 7.875], "texture": "#0"},
				"up": {"uv": [4.875, 6.25, 3.875, 5.6875], "texture": "#0"},
				"down": {"uv": [5.875, 5.6875, 4.875, 6.25], "texture": "#0"}
			}
		},
		{
			"from": [-2, 17, 2],
			"to": [18, 20, 13],
			"faces": {
				"north": {"uv": [7.125, 7.125, 8.375, 7.3125], "texture": "#0"},
				"east": {"uv": [6.4375, 7.125, 7.125, 7.3125], "texture": "#0"},
				"south": {"uv": [9.0625, 7.125, 10.3125, 7.3125], "texture": "#0"},
				"west": {"uv": [8.375, 7.125, 9.0625, 7.3125], "texture": "#0"},
				"up": {"uv": [8.375, 7.125, 7.125, 6.4375], "texture": "#0"},
				"down": {"uv": [9.625, 6.4375, 8.375, 7.125], "texture": "#0"}
			}
		},
		{
			"from": [-1, -2, 2],
			"to": [17, -1, 13],
			"faces": {
				"north": {"uv": [7.125, 6.375, 8.25, 6.4375], "texture": "#0"},
				"east": {"uv": [6.4375, 6.375, 7.125, 6.4375], "texture": "#0"},
				"south": {"uv": [8.9375, 6.375, 10.0625, 6.4375], "texture": "#0"},
				"west": {"uv": [8.25, 6.375, 8.9375, 6.4375], "texture": "#0"},
				"up": {"uv": [8.25, 6.375, 7.125, 5.6875], "texture": "#0"},
				"down": {"uv": [9.375, 5.6875, 8.25, 6.375], "texture": "#0"}
			}
		},
		{
			"from": [5, 6, -2],
			"to": [11, 11, -1],
			"faces": {
				"north": {"uv": [2.875, 4.6875, 3.25, 5], "texture": "#0"},
				"east": {"uv": [2.8125, 4.6875, 2.875, 5], "texture": "#0"},
				"south": {"uv": [3.3125, 4.6875, 3.6875, 5], "texture": "#0"},
				"west": {"uv": [3.25, 4.6875, 3.3125, 5], "texture": "#0"},
				"up": {"uv": [3.25, 4.6875, 2.875, 4.625], "texture": "#0"},
				"down": {"uv": [3.625, 4.625, 3.25, 4.6875], "texture": "#0"}
			}
		},
		{
			"from": [1, 0, -6],
			"to": [15, 8, 11],
			"faces": {
				"north": {"uv": [1.0625, 5.6875, 1.9375, 6.1875], "texture": "#0"},
				"east": {"uv": [0, 5.6875, 1.0625, 6.1875], "texture": "#0"},
				"south": {"uv": [3, 5.6875, 3.875, 6.1875], "texture": "#0"},
				"west": {"uv": [1.9375, 5.6875, 3, 6.1875], "texture": "#0"},
				"up": {"uv": [1.9375, 5.6875, 1.0625, 4.625], "texture": "#0"},
				"down": {"uv": [2.8125, 4.625, 1.9375, 5.6875], "texture": "#0"}
			}
		},
		{
			"from": [2, 0, -7],
			"to": [14, 7, -6],
			"faces": {
				"north": {"uv": [0.0625, 6.25, 0.8125, 6.6875], "texture": "#0"},
				"east": {"uv": [0, 6.25, 0.0625, 6.6875], "texture": "#0"},
				"south": {"uv": [0.875, 6.25, 1.625, 6.6875], "texture": "#0"},
				"west": {"uv": [0.8125, 6.25, 0.875, 6.6875], "texture": "#0"},
				"up": {"uv": [0.8125, 6.25, 0.0625, 6.1875], "texture": "#0"},
				"down": {"uv": [1.5625, 6.1875, 0.8125, 6.25], "texture": "#0"}
			}
		},
		{
			"from": [7, 4.5, -7.5],
			"to": [9, 5.5, -5.5],
			"faces": {
				"north": {"uv": [0.4375, 0.125, 0.5625, 0.1875], "texture": "#0"},
				"east": {"uv": [0.3125, 0.125, 0.4375, 0.1875], "texture": "#0"},
				"south": {"uv": [0.6875, 0.125, 0.8125, 0.1875], "texture": "#0"},
				"west": {"uv": [0.5625, 0.125, 0.6875, 0.1875], "texture": "#0"},
				"up": {"uv": [0.5625, 0.125, 0.4375, 0], "texture": "#0"},
				"down": {"uv": [0.6875, 0, 0.5625, 0.125], "texture": "#0"}
			}
		},
		{
			"from": [6, 5.5, -7.5],
			"to": [10, 6.5, -5.5],
			"faces": {
				"north": {"uv": [3.6875, 0.625, 3.9375, 0.6875], "texture": "#0"},
				"east": {"uv": [3.5625, 0.625, 3.6875, 0.6875], "texture": "#0"},
				"south": {"uv": [4.0625, 0.625, 4.3125, 0.6875], "texture": "#0"},
				"west": {"uv": [3.9375, 0.625, 4.0625, 0.6875], "texture": "#0"},
				"up": {"uv": [3.9375, 0.625, 3.6875, 0.5], "texture": "#0"},
				"down": {"uv": [4.1875, 0.5, 3.9375, 0.625], "texture": "#0"}
			}
		},
		{
			"from": [5, 6.5, -7.5],
			"to": [11, 7.5, -5.5],
			"faces": {
				"north": {"uv": [2.4375, 6.9375, 2.8125, 7], "texture": "#0"},
				"east": {"uv": [2.3125, 6.9375, 2.4375, 7], "texture": "#0"},
				"south": {"uv": [2.9375, 6.9375, 3.3125, 7], "texture": "#0"},
				"west": {"uv": [2.8125, 6.9375, 2.9375, 7], "texture": "#0"},
				"up": {"uv": [2.8125, 6.9375, 2.4375, 6.8125], "texture": "#0"},
				"down": {"uv": [3.1875, 6.8125, 2.8125, 6.9375], "texture": "#0"}
			}
		},
		{
			"from": [-7, 12.5, 4.5],
			"to": [0, 19.5, 7.5],
			"rotation": {"angle": -22.5, "axis": "z", "origin": [-3.97204, 16.03492, -0.0069]},
			"faces": {
				"north": {"uv": [10.125, 4.5625, 10.5625, 5], "texture": "#0"},
				"east": {"uv": [9.9375, 4.5625, 10.125, 5], "texture": "#0"},
				"south": {"uv": [10.75, 4.5625, 11.1875, 5], "texture": "#0"},
				"west": {"uv": [10.5625, 4.5625, 10.75, 5], "texture": "#0"},
				"up": {"uv": [10.5625, 4.5625, 10.125, 4.375], "texture": "#0"},
				"down": {"uv": [11, 4.375, 10.5625, 4.5625], "texture": "#0"}
			}
		},
		{
			"from": [16, 12.5, 4.5],
			"to": [23, 19.5, 7.5],
			"rotation": {"angle": 22.5, "axis": "z", "origin": [19.97204, 16.03492, -0.0069]},
			"faces": {
				"north": {"uv": [1.8125, 6.375, 2.25, 6.8125], "texture": "#0"},
				"east": {"uv": [1.625, 6.375, 1.8125, 6.8125], "texture": "#0"},
				"south": {"uv": [2.4375, 6.375, 2.875, 6.8125], "texture": "#0"},
				"west": {"uv": [2.25, 6.375, 2.4375, 6.8125], "texture": "#0"},
				"up": {"uv": [2.25, 6.375, 1.8125, 6.1875], "texture": "#0"},
				"down": {"uv": [2.6875, 6.1875, 2.25, 6.375], "texture": "#0"}
			}
		},
		{
			"from": [-8, 13.5, 4.5],
			"to": [-7, 18.5, 7.5],
			"rotation": {"angle": -22.5, "axis": "z", "origin": [-3.97204, 16.03492, -0.0069]},
			"faces": {
				"north": {"uv": [0.5, 0.5, 0.5625, 0.8125], "texture": "#0"},
				"east": {"uv": [0.3125, 0.5, 0.5, 0.8125], "texture": "#0"},
				"south": {"uv": [0.75, 0.5, 0.8125, 0.8125], "texture": "#0"},
				"west": {"uv": [0.5625, 0.5, 0.75, 0.8125], "texture": "#0"},
				"up": {"uv": [0.5625, 0.5, 0.5, 0.3125], "texture": "#0"},
				"down": {"uv": [0.625, 0.3125, 0.5625, 0.5], "texture": "#0"}
			}
		},
		{
			"from": [23, 13.5, 4.5],
			"to": [24, 18.5, 7.5],
			"rotation": {"angle": 22.5, "axis": "z", "origin": [19.97204, 16.03492, -0.0069]},
			"faces": {
				"north": {"uv": [0.1875, 0.1875, 0.25, 0.5], "texture": "#0"},
				"east": {"uv": [0, 0.1875, 0.1875, 0.5], "texture": "#0"},
				"south": {"uv": [0.4375, 0.1875, 0.5, 0.5], "texture": "#0"},
				"west": {"uv": [0.25, 0.1875, 0.4375, 0.5], "texture": "#0"},
				"up": {"uv": [0.25, 0.1875, 0.1875, 0], "texture": "#0"},
				"down": {"uv": [0.3125, 0, 0.25, 0.1875], "texture": "#0"}
			}
		},
		{
			"from": [3, -2, -6],
			"to": [13, 0, 11],
			"faces": {
				"north": {"uv": [1.0625, 7.875, 1.6875, 8], "texture": "#0"},
				"east": {"uv": [0, 7.875, 1.0625, 8], "texture": "#0"},
				"south": {"uv": [2.75, 7.875, 3.375, 8], "texture": "#0"},
				"west": {"uv": [1.6875, 7.875, 2.75, 8], "texture": "#0"},
				"up": {"uv": [1.6875, 7.875, 1.0625, 6.8125], "texture": "#0"},
				"down": {"uv": [2.3125, 6.8125, 1.6875, 7.875], "texture": "#0"}
			}
		},
		{
			"from": [2.75, -2, -6.5],
			"to": [3.75, 0, -5.5],
			"faces": {
				"north": {"uv": [1.188, 11.375, 1.813, 11.5], "texture": "#0"},
				"east": {"uv": [0.375, 11.313, 1.438, 11.438], "texture": "#0"},
				"south": {"uv": [3.313, 10.875, 3.938, 11], "texture": "#0"},
				"west": {"uv": [1.313, 13.188, 2.375, 13.313], "texture": "#0"},
				"up": {"uv": [1.6875, 7.875, 1.0625, 6.8125], "texture": "#0"},
				"down": {"uv": [1.75, 13.375, 1.125, 14.438], "texture": "#0"}
			}
		},
		{
			"from": [12.25, -2, -6.5],
			"to": [13.25, 0, -5.5],
			"faces": {
				"north": {"uv": [1.813, 11.375, 1.188, 11.5], "texture": "#0"},
				"east": {"uv": [2.375, 13.188, 1.313, 13.313], "texture": "#0"},
				"south": {"uv": [3.938, 10.875, 3.313, 11], "texture": "#0"},
				"west": {"uv": [1.438, 11.313, 0.375, 11.438], "texture": "#0"},
				"up": {"uv": [1.0625, 7.875, 1.6875, 6.8125], "texture": "#0"},
				"down": {"uv": [1.125, 13.375, 1.75, 14.438], "texture": "#0"}
			}
		},
		{
			"from": [3, -3, -6.25],
			"to": [3.75, -1.75, -5.5],
			"rotation": {"angle": -22.5, "axis": "x", "origin": [12.743, -1.96723, -6.02572]},
			"faces": {
				"north": {"uv": [1.813, 11.375, 1.188, 11.5], "texture": "#0"},
				"east": {"uv": [2.375, 13.188, 1.313, 13.313], "texture": "#0"},
				"south": {"uv": [3.938, 10.875, 3.313, 11], "texture": "#0"},
				"west": {"uv": [1.438, 11.313, 0.375, 11.438], "texture": "#0"},
				"up": {"uv": [1.0625, 7.875, 1.6875, 6.8125], "texture": "#0"},
				"down": {"uv": [1.125, 13.375, 1.75, 14.438], "texture": "#0"}
			}
		},
		{
			"from": [12.25, -3, -6.25],
			"to": [13, -1.75, -5.5],
			"rotation": {"angle": -22.5, "axis": "x", "origin": [12.743, -1.96723, -6.02572]},
			"faces": {
				"north": {"uv": [1.813, 11.375, 1.188, 11.5], "texture": "#0"},
				"east": {"uv": [2.375, 13.188, 1.313, 13.313], "texture": "#0"},
				"south": {"uv": [3.938, 10.875, 3.313, 11], "texture": "#0"},
				"west": {"uv": [1.438, 11.313, 0.375, 11.438], "texture": "#0"},
				"up": {"uv": [1.0625, 7.875, 1.6875, 6.8125], "texture": "#0"},
				"down": {"uv": [1.125, 13.375, 1.75, 14.438], "texture": "#0"}
			}
		}
	],
	"display": {
		"thirdperson_righthand": {
			"translation": [0, 3, 1],
			"scale": [0.55, 0.55, 0.55]
		},
		"firstperson_righthand": {
			"rotation": [0, -90, 25],
			"translation": [1.13, 3.2, 1.13],
			"scale": [0.68, 0.68, 0.68]
		},
		"ground": {
			"translation": [0, 2, 0],
			"scale": [0.5, 0.5, 0.5]
		},
		"gui": {
			"rotation": [0, -157, 0],
			"translation": [0, 0.25, 0],
			"scale": [0.5, 0.5, 0.5]
		},
		"head": {
			"translation": [0, 1.75, 0.5],
			"scale": [0.91, 0.91, 0.91]
		}
	}
}