{
	"credit": "Made with Blockbench",
	"textures": {
		"0": "item/wearables/witch",
		"particle": "item/wearables/witch"
	},
	"elements": [
		{
			"from": [-4, 3, -4],
			"to": [20, 5, 20],
			"faces": {
				"north": {"uv": [2.5, 2.5, 5, 2.75], "texture": "#0"},
				"east": {"uv": [0, 2.5, 2.5, 2.75], "texture": "#0"},
				"south": {"uv": [7.5, 2.5, 10, 2.75], "texture": "#0"},
				"west": {"uv": [5, 2.5, 7.5, 2.75], "texture": "#0"},
				"up": {"uv": [5, 2.5, 2.5, 0], "texture": "#0"},
				"down": {"uv": [7.5, 0, 5, 2.5], "texture": "#0"}
			}
		},
		{
			"from": [0.2, 5, -0.3],
			"to": [16, 9, 16.3],
			"faces": {
				"north": {"uv": [2, 4.75, 3.875, 5.25], "texture": "#0"},
				"east": {"uv": [0, 4.75, 2, 5.25], "texture": "#0"},
				"south": {"uv": [5.875, 4.75, 7.75, 5.25], "texture": "#0"},
				"west": {"uv": [3.875, 4.75, 5.875, 5.25], "texture": "#0"},
				"up": {"uv": [3.875, 4.75, 2, 2.75], "texture": "#0"},
				"down": {"uv": [5.75, 2.75, 3.875, 4.75], "texture": "#0"}
			}
		},
		{
			"from": [2, 9, 0],
			"to": [16, 12, 16],
			"rotation": {"angle": -22.5, "axis": "z", "origin": [7.97818, 11.49996, 8.02185]},
			"faces": {
				"north": {"uv": [2, 7.25, 3.75, 7.625], "texture": "#0"},
				"east": {"uv": [0, 7.25, 2, 7.625], "texture": "#0"},
				"south": {"uv": [5.75, 7.25, 7.5, 7.625], "texture": "#0"},
				"west": {"uv": [3.75, 7.25, 5.75, 7.625], "texture": "#0"},
				"up": {"uv": [3.75, 7.25, 2, 5.25], "texture": "#0"},
				"down": {"uv": [5.5, 5.25, 3.75, 7.25], "texture": "#0"}
			}
		},
		{
			"from": [0, 3, -6],
			"to": [16, 5, -4],
			"faces": {
				"north": {"uv": [8.25, 8.625, 10.25, 8.875], "texture": "#0"},
				"east": {"uv": [8, 8.625, 8.25, 8.875], "texture": "#0"},
				"south": {"uv": [10.5, 8.625, 12.5, 8.875], "texture": "#0"},
				"west": {"uv": [10.25, 8.625, 10.5, 8.875], "texture": "#0"},
				"up": {"uv": [10.25, 8.625, 8.25, 8.375], "texture": "#0"},
				"down": {"uv": [12.25, 8.375, 10.25, 8.625], "texture": "#0"}
			}
		},
		{
			"from": [0, 3, 20],
			"to": [16, 5, 22],
			"faces": {
				"north": {"uv": [6, 3, 8, 3.25], "texture": "#0"},
				"east": {"uv": [5.75, 3, 6, 3.25], "texture": "#0"},
				"south": {"uv": [8.25, 3, 10.25, 3.25], "texture": "#0"},
				"west": {"uv": [8, 3, 8.25, 3.25], "texture": "#0"},
				"up": {"uv": [8, 3, 6, 2.75], "texture": "#0"},
				"down": {"uv": [10, 2.75, 8, 3], "texture": "#0"}
			}
		},
		{
			"from": [-6, 3, 0],
			"to": [-4, 5, 16],
			"faces": {
				"north": {"uv": [7.5, 10.375, 7.75, 10.625], "texture": "#0"},
				"east": {"uv": [5.5, 10.375, 7.5, 10.625], "texture": "#0"},
				"south": {"uv": [9.75, 10.375, 10, 10.625], "texture": "#0"},
				"west": {"uv": [7.75, 10.375, 9.75, 10.625], "texture": "#0"},
				"up": {"uv": [7.75, 10.375, 7.5, 8.375], "texture": "#0"},
				"down": {"uv": [8, 8.375, 7.75, 10.375], "texture": "#0"}
			}
		},
		{
			"from": [20, 3, 0],
			"to": [22, 5, 16],
			"faces": {
				"north": {"uv": [5, 9.875, 5.25, 10.125], "texture": "#0"},
				"east": {"uv": [3, 9.875, 5, 10.125], "texture": "#0"},
				"south": {"uv": [7.25, 9.875, 7.5, 10.125], "texture": "#0"},
				"west": {"uv": [5.25, 9.875, 7.25, 10.125], "texture": "#0"},
				"up": {"uv": [5.25, 9.875, 5, 7.875], "texture": "#0"},
				"down": {"uv": [5.5, 7.875, 5.25, 9.875], "texture": "#0"}
			}
		},
		{
			"from": [4.22336, 11.16168, 1],
			"to": [16.22336, 17.16168, 15],
			"rotation": {"angle": -22.5, "axis": "z", "origin": [10.69711, 14.15592, 8.02174]},
			"faces": {
				"north": {"uv": [7.5, 7.625, 9, 8.375], "texture": "#0"},
				"east": {"uv": [5.75, 7.625, 7.5, 8.375], "texture": "#0"},
				"south": {"uv": [10.75, 7.625, 12.25, 8.375], "texture": "#0"},
				"west": {"uv": [9, 7.625, 10.75, 8.375], "texture": "#0"},
				"up": {"uv": [9, 7.625, 7.5, 5.875], "texture": "#0"},
				"down": {"uv": [10.5, 5.875, 9, 7.625], "texture": "#0"}
			}
		},
		{
			"from": [2, 6, 0],
			"to": [11, 9, 16],
			"rotation": {"angle": -22.5, "axis": "z", "origin": [7.97818, 11.49996, 8.02185]},
			"faces": {
				"north": {"uv": [7.75, 5.25, 8.875, 5.5], "texture": "#0"},
				"east": {"uv": [5.75, 5.25, 7.75, 5.5], "texture": "#0"},
				"south": {"uv": [10.875, 5.25, 12, 5.5], "texture": "#0"},
				"west": {"uv": [8.875, 5.25, 10.875, 5.5], "texture": "#0"},
				"up": {"uv": [8.875, 5.25, 7.75, 3.25], "texture": "#0"},
				"down": {"uv": [10, 3.25, 8.875, 5.25], "texture": "#0"}
			}
		},
		{
			"from": [8.13743, 14.78442, 2],
			"to": [18.13743, 22.78442, 14],
			"rotation": {"angle": -45, "axis": "z", "origin": [12.60246, 18.77865, 8.02649]},
			"faces": {
				"north": {"uv": [9, 1.5, 10.25, 2.5], "texture": "#0"},
				"east": {"uv": [7.5, 1.5, 9, 2.5], "texture": "#0"},
				"south": {"uv": [11.75, 1.5, 13, 2.5], "texture": "#0"},
				"west": {"uv": [10.25, 1.5, 11.75, 2.5], "texture": "#0"},
				"up": {"uv": [10.25, 1.5, 9, 0], "texture": "#0"},
				"down": {"uv": [11.5, 0, 10.25, 1.5], "texture": "#0"}
			}
		},
		{
			"from": [12.97516, 19.19766, 3],
			"to": [20.97516, 26.19766, 13],
			"rotation": {"angle": 22.5, "axis": "z", "origin": [18.97302, 23.72693, 8.00306]},
			"faces": {
				"north": {"uv": [10, 10.625, 11, 11.5], "texture": "#0"},
				"east": {"uv": [8.75, 10.625, 10, 11.5], "texture": "#0"},
				"south": {"uv": [12.25, 10.625, 13.25, 11.5], "texture": "#0"},
				"west": {"uv": [11, 10.625, 12.25, 11.5], "texture": "#0"},
				"up": {"uv": [11, 10.625, 10, 9.375], "texture": "#0"},
				"down": {"uv": [12, 9.375, 11, 10.625], "texture": "#0"}
			}
		},
		{
			"from": [18.97516, 21.19766, 4],
			"to": [23.97516, 26.19766, 12],
			"faces": {
				"north": {"uv": [1, 10.875, 1.625, 11.5], "texture": "#0"},
				"east": {"uv": [0, 10.875, 1, 11.5], "texture": "#0"},
				"south": {"uv": [2.625, 10.875, 3.25, 11.5], "texture": "#0"},
				"west": {"uv": [1.625, 10.875, 2.625, 11.5], "texture": "#0"},
				"up": {"uv": [1.625, 10.875, 1, 9.875], "texture": "#0"},
				"down": {"uv": [2.25, 9.875, 1.625, 10.875], "texture": "#0"}
			}
		},
		{
			"from": [23.97516, 21.19766, 5],
			"to": [25.97516, 25.19766, 11],
			"faces": {
				"north": {"uv": [0.75, 0.75, 1, 1.25], "texture": "#0"},
				"east": {"uv": [0, 0.75, 0.75, 1.25], "texture": "#0"},
				"south": {"uv": [1.75, 0.75, 2, 1.25], "texture": "#0"},
				"west": {"uv": [1, 0.75, 1.75, 1.25], "texture": "#0"},
				"up": {"uv": [1, 0.75, 0.75, 0], "texture": "#0"},
				"down": {"uv": [1.25, 0, 1, 0.75], "texture": "#0"}
			}
		}
	],
	"display": {
		"thirdperson_righthand": {
			"translation": [0, 3, 1],
			"scale": [0.55, 0.55, 0.55]
		},
		"firstperson_righthand": {
			"rotation": [0, -90, 25],
			"translation": [1.13, 3.2, 1.13],
			"scale": [0.68, 0.68, 0.68]
		},
		"ground": {
			"translation": [0, 2, 0],
			"scale": [0.5, 0.5, 0.5]
		},
		"gui": {
			"rotation": [0, 138, 21],
			"translation": [0.75, -3.25, 0],
			"scale": [0.5, 0.5, 0.5]
		},
		"head": {
			"rotation": [6, -90, 0],
			"translation": [0, 10.5, 0.5],
			"scale": [0.91, 0.91, 0.91]
		}
	},
	"groups": [0, 1, 2, 3, 4, 5, 6,
		{
			"name": "group",
			"origin": [7.97818, 8.49996, 8.02185],
			"children": [7, 8, 9, 10, 11, 12]
		}
	]
}