{
	"credit": "Made with Blockbench",
	"textures": {
		"0": "item/wearables/wizard",
		"particle": "item/wearables/wizard"
	},
	"elements": [
		{
			"from": [-1, 2, 19],
			"to": [17, 4, 21],
			"faces": {
				"north": {"uv": [6.25, 3.75, 8.5, 4], "texture": "#0"},
				"east": {"uv": [6, 3.75, 6.25, 4], "texture": "#0"},
				"south": {"uv": [8.75, 3.75, 11, 4], "texture": "#0"},
				"west": {"uv": [8.5, 3.75, 8.75, 4], "texture": "#0"},
				"up": {"uv": [8.5, 3.75, 6.25, 3.5], "texture": "#0"},
				"down": {"uv": [10.75, 3.5, 8.5, 3.75], "texture": "#0"}
			}
		},
		{
			"from": [-1, 2, -5],
			"to": [17, 4, -3],
			"faces": {
				"north": {"uv": [6.25, 3.25, 8.5, 3.5], "texture": "#0"},
				"east": {"uv": [6, 3.25, 6.25, 3.5], "texture": "#0"},
				"south": {"uv": [8.75, 3.25, 11, 3.5], "texture": "#0"},
				"west": {"uv": [8.5, 3.25, 8.75, 3.5], "texture": "#0"},
				"up": {"uv": [8.5, 3.25, 6.25, 3], "texture": "#0"},
				"down": {"uv": [10.75, 3, 8.5, 3.25], "texture": "#0"}
			}
		},
		{
			"from": [-5, 2, -1],
			"to": [-3, 4, 17],
			"faces": {
				"north": {"uv": [9.75, 9.75, 10, 10], "texture": "#0"},
				"east": {"uv": [7.5, 9.75, 9.75, 10], "texture": "#0"},
				"south": {"uv": [12.25, 9.75, 12.5, 10], "texture": "#0"},
				"west": {"uv": [10, 9.75, 12.25, 10], "texture": "#0"},
				"up": {"uv": [10, 9.75, 9.75, 7.5], "texture": "#0"},
				"down": {"uv": [10.25, 7.5, 10, 9.75], "texture": "#0"}
			}
		},
		{
			"from": [19, 2, -1],
			"to": [21, 4, 17],
			"faces": {
				"north": {"uv": [7, 9.125, 7.25, 9.375], "texture": "#0"},
				"east": {"uv": [4.75, 9.125, 7, 9.375], "texture": "#0"},
				"south": {"uv": [9.5, 9.125, 9.75, 9.375], "texture": "#0"},
				"west": {"uv": [7.25, 9.125, 9.5, 9.375], "texture": "#0"},
				"up": {"uv": [7.25, 9.125, 7, 6.875], "texture": "#0"},
				"down": {"uv": [7.5, 6.875, 7.25, 9.125], "texture": "#0"}
			}
		},
		{
			"from": [-3, 2, -3],
			"to": [19, 4, 19],
			"faces": {
				"north": {"uv": [2.75, 2.75, 5.5, 3], "texture": "#0"},
				"east": {"uv": [0, 2.75, 2.75, 3], "texture": "#0"},
				"south": {"uv": [8.25, 2.75, 11, 3], "texture": "#0"},
				"west": {"uv": [5.5, 2.75, 8.25, 3], "texture": "#0"},
				"up": {"uv": [5.5, 2.75, 2.75, 0], "texture": "#0"},
				"down": {"uv": [8.25, 0, 5.5, 2.75], "texture": "#0"}
			}
		},
		{
			"from": [0, 4, 0],
			"to": [16, 10, 16],
			"faces": {
				"north": {"uv": [2, 5, 4, 5.75], "texture": "#0"},
				"east": {"uv": [0, 5, 2, 5.75], "texture": "#0"},
				"south": {"uv": [6, 5, 8, 5.75], "texture": "#0"},
				"west": {"uv": [4, 5, 6, 5.75], "texture": "#0"},
				"up": {"uv": [4, 5, 2, 3], "texture": "#0"},
				"down": {"uv": [6, 3, 4, 5], "texture": "#0"}
			}
		},
		{
			"from": [1, 10, 1],
			"to": [15, 16, 15],
			"faces": {
				"north": {"uv": [1.75, 7.5, 3.5, 8.25], "texture": "#0"},
				"east": {"uv": [0, 7.5, 1.75, 8.25], "texture": "#0"},
				"south": {"uv": [5.25, 7.5, 7, 8.25], "texture": "#0"},
				"west": {"uv": [3.5, 7.5, 5.25, 8.25], "texture": "#0"},
				"up": {"uv": [3.5, 7.5, 1.75, 5.75], "texture": "#0"},
				"down": {"uv": [5.25, 5.75, 3.5, 7.5], "texture": "#0"}
			}
		},
		{
			"from": [3, 19, 7],
			"to": [13, 26, 17],
			"faces": {
				"north": {"uv": [1.25, 9.5, 2.5, 10.375], "texture": "#0"},
				"east": {"uv": [0, 9.5, 1.25, 10.375], "texture": "#0"},
				"south": {"uv": [3.75, 9.5, 5, 10.375], "texture": "#0"},
				"west": {"uv": [2.5, 9.5, 3.75, 10.375], "texture": "#0"},
				"up": {"uv": [2.5, 9.5, 1.25, 8.25], "texture": "#0"},
				"down": {"uv": [3.75, 8.25, 2.5, 9.5], "texture": "#0"}
			}
		},
		{
			"from": [3, 21, 17],
			"to": [13, 25, 20],
			"faces": {
				"north": {"uv": [4.125, 8.625, 5.375, 9.125], "texture": "#0"},
				"east": {"uv": [3.75, 8.625, 4.125, 9.125], "texture": "#0"},
				"south": {"uv": [5.75, 8.625, 7, 9.125], "texture": "#0"},
				"west": {"uv": [5.375, 8.625, 5.75, 9.125], "texture": "#0"},
				"up": {"uv": [5.375, 8.625, 4.125, 8.25], "texture": "#0"},
				"down": {"uv": [6.625, 8.25, 5.375, 8.625], "texture": "#0"}
			}
		},
		{
			"from": [3, 18, 20],
			"to": [13, 23, 22],
			"faces": {
				"north": {"uv": [8.5, 0.25, 9.75, 0.875], "texture": "#0"},
				"east": {"uv": [8.25, 0.25, 8.5, 0.875], "texture": "#0"},
				"south": {"uv": [10, 0.25, 11.25, 0.875], "texture": "#0"},
				"west": {"uv": [9.75, 0.25, 10, 0.875], "texture": "#0"},
				"up": {"uv": [9.75, 0.25, 8.5, 0], "texture": "#0"},
				"down": {"uv": [11, 0, 9.75, 0.25], "texture": "#0"}
			}
		},
		{
			"from": [2, 14, 2],
			"to": [14, 23, 13],
			"rotation": {"angle": 22.5, "axis": "x", "origin": [7.96858, 12.99995, 7.96853]},
			"faces": {
				"north": {"uv": [8, 5.75, 9.5, 6.875], "texture": "#0"},
				"east": {"uv": [6.625, 5.75, 8, 6.875], "texture": "#0"},
				"south": {"uv": [10.875, 5.75, 12.375, 6.875], "texture": "#0"},
				"west": {"uv": [9.5, 5.75, 10.875, 6.875], "texture": "#0"},
				"up": {"uv": [9.5, 5.75, 8, 4.375], "texture": "#0"},
				"down": {"uv": [11, 4.375, 9.5, 5.75], "texture": "#0"}
			}
		}
	],
	"display": {
		"thirdperson_righthand": {
			"translation": [0, 3, 1],
			"scale": [0.55, 0.55, 0.55]
		},
		"firstperson_righthand": {
			"rotation": [0, -90, 25],
			"translation": [1.13, 3.2, 1.13],
			"scale": [0.68, 0.68, 0.68]
		},
		"ground": {
			"translation": [0, 5.25, 0],
			"scale": [0.5, 0.5, 0.5]
		},
		"gui": {
			"rotation": [0, 55, 0],
			"translation": [0, -2.75, 0],
			"scale": [0.5, 0.5, 0.5]
		},
		"head": {
			"rotation": [11, 0, 0],
			"translation": [0, 8.75, 0.75],
			"scale": [0.91, 0.91, 0.91]
		}
	}
}