{
    "parent": "item/generated",
    "textures": {
        "layer0": "item/bow"
    },
        "overrides": [
				{ "predicate": {"pulling":1}, "model": "item/bow_pulling_0"},
				{ "predicate": {"pulling":1, "pull": 0.65}, "model": "item/bow_pulling_1"},
				{ "predicate": {"pulling":1, "pull": 0.9}, "model": "item/bow_pulling_2"},
				{ "predicate": { "damaged": 0, "damage": 0.00260416666}, "model": "item/weapons/candycanebow"},
				{ "predicate": { "damaged": 0, "damage": 0.00260416666, "pulling":1}, "model": "item/weapons/candycanebow_pulling_0"},
				{ "predicate": { "damaged": 0, "damage": 0.00260416666, "pulling":1, "pull": 0.65}, "model": "item/weapons/candycanebow_pulling_1"},
				{ "predicate": { "damaged": 0, "damage": 0.00260416666, "pulling":1, "pull": 0.9}, "model": "item/weapons/candycanebow_pulling_2"},
				{ "predicate": { "damaged": 0, "damage": 0.17187499956}, "model": "item/weapons/forestbow"},
				{ "predicate": { "damaged": 0, "damage": 0.17187499956, "pulling":1}, "model": "item/weapons/forestbow_pulling_0"},
				{ "predicate": { "damaged": 0, "damage": 0.17187499956, "pulling":1, "pull": 0.65}, "model": "item/weapons/forestbow_pulling_1"},
				{ "predicate": { "damaged": 0, "damage": 0.17187499956, "pulling":1, "pull": 0.9}, "model": "item/weapons/forestbow_pulling_2"},
				{ "predicate": { "damaged": 0, "damage": 0.04868673926}, "model": "item/weapons/cupidbow_regular"},
				{ "predicate": { "damaged": 0, "damage": 0.04868673926, "pulling":1}, "model": "item/weapons/cupidbow_pulling_0"},
				{ "predicate": { "damaged": 0, "damage": 0.04868673926, "pulling":1, "pull": 0.65}, "model": "item/weapons/cupidbow_pulling_1"},
				{ "predicate": { "damaged": 0, "damage": 0.04868673926, "pulling":1, "pull": 0.9}, "model": "item/weapons/cupidbow_pulling_2"},
				{ "predicate": { "damaged": 0, "damage": 0.0588988476}, "model": "item/weapons/heroic_bow"},				
				{ "predicate": { "damaged": 0, "damage": 0.0659411011}, "model": "item/weapons/crystal_bow"},
				{ "predicate": { "damaged": 0, "damage": 0.0659411011, "pulling":1}, "model": "item/weapons/crystal_bow"},
				{ "predicate": { "damaged": 0, "damage": 0.0659411011, "pulling":1, "pull": 0.65}, "model": "item/weapons/crystal_bow2"},
				{ "predicate": { "damaged": 0, "damage": 0.0659411011, "pulling":1, "pull": 0.9}, "model": "item/weapons/crystal_bow3"},
				{ "predicate": {"damaged": 1}, "model": "item/bow"}
        ]
}