{
    "parent": "item/handheld",
    "textures": {
        "layer0": "item/diamond_hoe"
    },
        "overrides": [
				{ "predicate": { "damaged": 0, "damage": 0.0006402048}, "model": "item/chests/gold"},
				{ "predicate": { "damaged": 0, "damage": 0.0012804097}, "model": "item/chests/green"},
				{ "predicate": { "damaged": 0, "damage": 0.0019206145}, "model": "item/chests/blue"},
				{ "predicate": { "damaged": 0, "damage": 0.0025608194}, "model": "item/chests/purple"},
				{ "predicate": { "damaged": 0, "damage": 0.0032010243}, "model": "item/chests/red"},
				{ "predicate": { "damaged": 0, "damage": 0.0038412291}, "model": "item/water/sailor"},
				{ "predicate": { "damaged": 0, "damage": 0.0044814340}, "model": "item/water/pirate"},
				{ "predicate": { "damaged": 0, "damage": 0.0051216388}, "model": "item/water/captain"},
				{ "predicate": { "damaged": 0, "damage": 0.0057618437}, "model": "item/water/atlas"},
				{ "predicate": { "damaged": 0, "damage": 0.0064020486}, "model": "item/water/poseidon"},
				{ "predicate": { "damaged": 0, "damage": 0.0070422534}, "model": "item/kingdom/merchant"},
				{ "predicate": { "damaged": 0, "damage": 0.0076824583}, "model": "item/kingdom/knight"},
				{ "predicate": { "damaged": 0, "damage": 0.0083226631}, "model": "item/kingdom/prince"},
				{ "predicate": { "damaged": 0, "damage": 0.0089628680}, "model": "item/kingdom/king"},
				{ "predicate": { "damaged": 0, "damage": 0.0096030729}, "model": "item/kingdom/emperor"},
				{ "predicate": { "damaged": 0, "damage": 0.0102432777}, "model": "item/misc/minecoin"},
				{ "predicate": { "damaged": 0, "damage": 0.0108834826}, "model": "item/misc/partyhat"},
				{ "predicate": { "damaged": 0, "damage": 0.0115236874}, "model": "item/misc/discord"},
				{ "predicate": { "damaged": 0, "damage": 0.0121638923}, "model": "item/misc/dailyrewards"},
				{ "predicate": { "damaged": 0, "damage": 0.0128040972}, "model": "item/misc/nitro"},
				{ "predicate": { "damaged": 0, "damage": 0.0134443020}, "model": "item/wearables/batman"},
				{ "predicate": { "damaged": 0, "damage": 0.0140845069}, "model": "item/wearables/ironman"},
				{ "predicate": { "damaged": 0, "damage": 0.0147247117}, "model": "item/wearables/xxxtentacion"},
				{ "predicate": { "damaged": 0, "damage": 0.0153649166}, "model": "item/wearables/clown"},
				{ "predicate": { "damaged": 0, "damage": 0.0160051215}, "model": "item/wearables/roblox"},
				{ "predicate": { "damaged": 0, "damage": 0.0166453263}, "model": "item/wearables/shark"},
				{ "predicate": { "damaged": 0, "damage": 0.0172855312}, "model": "item/wearables/astronaut"},
				{ "predicate": { "damaged": 0, "damage": 0.0179257360}, "model": "item/wearables/bunnyears"},
				{ "predicate": { "damaged": 0, "damage": 0.0185659409}, "model": "item/wearables/toilet"},
				{ "predicate": { "damaged": 0, "damage": 0.0192061458}, "model": "item/wearables/beerhat"},
				{ "predicate": { "damaged": 0, "damage": 0.0198463506}, "model": "item/wearables/demogorgon"},
				{ "predicate": { "damaged": 0, "damage": 0.0204865555}, "model": "item/wearables/flowercrownred"},
				{ "predicate": { "damaged": 0, "damage": 0.0211267603}, "model": "item/wearables/flowercrownblue"},
				{ "predicate": { "damaged": 0, "damage": 0.0217669652}, "model": "item/wearables/flowercrownpink"},
				{ "predicate": { "damaged": 0, "damage": 0.0224071701}, "model": "item/wearables/flowercrownyellow"},
				{ "predicate": { "damaged": 0, "damage": 0.0230473749}, "model": "item/wearables/flowercrownrainbow"},
				{ "predicate": { "damaged": 0, "damage": 0.0236875798}, "model": "item/wearables/catinthehat"},
				{ "predicate": { "damaged": 0, "damage": 0.0243277846}, "model": "item/wearables/halo"},
				{ "predicate": { "damaged": 0, "damage": 0.0249679895}, "model": "item/wearables/groot"},
				{ "predicate": { "damaged": 0, "damage": 0.0256081944}, "model": "item/wearables/hulk"},
				{ "predicate": { "damaged": 0, "damage": 0.0262483992}, "model": "item/wearables/witch"},
				{ "predicate": { "damaged": 0, "damage": 0.0268886041}, "model": "item/wearables/wizard"},
				{ "predicate": { "damaged": 0, "damage": 0.0275288089}, "model": "item/wearables/fishbowl"},
				{ "predicate": { "damaged": 0, "damage": 0.0281690138}, "model": "item/wearables/koala"},
				{ "predicate": { "damaged": 0, "damage": 0.0288092187}, "model": "item/wearables/panda"},
				{ "predicate": { "damaged": 0, "damage": 0.0294494235}, "model": "item/wearables/penguin"},
				{ "predicate": { "damaged": 0, "damage": 0.0300896284}, "model": "item/wearables/shrek"},
				{ "predicate": { "damaged": 0, "damage": 0.0307298332}, "model": "item/wearables/stormtrooper"},
				{ "predicate": { "damaged": 0, "damage": 0.0313700381}, "model": "item/wearables/horse"},
				{ "predicate": { "damaged": 0, "damage": 0.032010243}, "model": "item/wearables/trex"},
				{ "predicate": { "damaged": 0, "damage": 0.0326504478}, "model": "item/wearables/lion"},
				{ "predicate": { "damaged": 0, "damage": 0.0332906527}, "model": "item/wearables/cowboy"},
				{ "predicate": { "damaged": 0, "damage": 0.0339308575}, "model": "item/wearables/devil"},
				{ "predicate": { "damaged": 0, "damage": 0.0345710624}, "model": "item/wearables/glasses"},
				{ "predicate": { "damaged": 0, "damage": 0.0352112673}, "model": "item/wearables/capred"},
				{ "predicate": { "damaged": 0, "damage": 0.0358514721}, "model": "item/wearables/capgreen"},
				{ "predicate": { "damaged": 0, "damage": 0.0364916770}, "model": "item/wearables/capblue"},
				{ "predicate": { "damaged": 0, "damage": 0.0371318818}, "model": "item/wearables/cappink"},
				{ "predicate": { "damaged": 0, "damage": 0.0377720867}, "model": "item/wearables/capyellow"},
				{ "predicate": { "damaged": 0, "damage": 0.0384122916}, "model": "item/wearables/capcyan"},
				{ "predicate": { "damaged": 0, "damage": 0.0390524964}, "model": "item/wearables/joker"},
				{ "predicate": { "damaged": 0, "damage": 0.0396927013}, "model": "item/wearables/frankenstein"},
				{ "predicate": { "damaged": 0, "damage": 0.0403329061}, "model": "item/wearables/dayofthedead"},
				{ "predicate": { "damaged": 0, "damage": 0.0409731110}, "model": "item/wearables/friday13th"},
				{ "predicate": { "damaged": 0, "damage": 0.0416133159}, "model": "item/wearables/santa"},
				{ "predicate": { "damaged": 0, "damage": 0.0441741353}, "model": "item/weapons/snowballgun"},
				{ "predicate": { "damaged": 0, "damage": 0.0448430493}, "model": "item/misc/babyyoda"},
				{ "predicate": { "damaged": 0, "damage": 0.0454836642}, "model": "item/wearables/darthvader"},
				{ "predicate": { "damaged": 0, "damage": 0.0461242792}, "model": "item/wearables/mandalorian"},
				{ "predicate": { "damaged": 0, "damage": 0.0467648942}, "model": "item/wearables/yoda"},
				{ "predicate": { "damaged": 0, "damage": 0.0474055092}, "model": "item/wearables/valentinesbear"},
				{ "predicate": { "damaged": 0, "damage": 0.0531370038}, "model": "item/wearables/emerald_helmet"},
				{ "predicate": { "damaged": 0, "damage": 0.2048655552}, "model": "item/misc/filler"},
				{ "predicate": { "damaged": 0, "damage": 0.0620998719}, "model": "item/wearables/beaverhat"},
				{ "predicate": { "damaged": 0, "damage": 0.0640204865}, "model": "item/wearables/emerald_crown"},
				{ "predicate": { "damaged": 0, "damage": 0.2029449406}, "model": "item/lockedwearables/partyhat"},
				{ "predicate": { "damaged": 0, "damage": 0.2048655552}, "model": "item/lockedwearables/nitro"},
				{ "predicate": { "damaged": 0, "damage": 0.2055057600}, "model": "item/lockedwearables/batman"},
				{ "predicate": { "damaged": 0, "damage": 0.2061459649}, "model": "item/lockedwearables/ironman"},
				{ "predicate": { "damaged": 0, "damage": 0.2067861697}, "model": "item/lockedwearables/xxxtentacion"},
				{ "predicate": { "damaged": 0, "damage": 0.2074263746}, "model": "item/lockedwearables/clown"},
				{ "predicate": { "damaged": 0, "damage": 0.2080665795}, "model": "item/lockedwearables/roblox"},
				{ "predicate": { "damaged": 0, "damage": 0.2087067843}, "model": "item/lockedwearables/shark"},
				{ "predicate": { "damaged": 0, "damage": 0.2093469892}, "model": "item/lockedwearables/astronaut"},
				{ "predicate": { "damaged": 0, "damage": 0.2099871940}, "model": "item/lockedwearables/bunnyears"},
				{ "predicate": { "damaged": 0, "damage": 0.2106273989}, "model": "item/lockedwearables/toilet"},
				{ "predicate": { "damaged": 0, "damage": 0.2112676038}, "model": "item/lockedwearables/beerhat"},
				{ "predicate": { "damaged": 0, "damage": 0.2119078086}, "model": "item/lockedwearables/demogorgon"},
				{ "predicate": { "damaged": 0, "damage": 0.2125480135}, "model": "item/lockedwearables/flowercrownred"},
				{ "predicate": { "damaged": 0, "damage": 0.2131882183}, "model": "item/lockedwearables/flowercrownblue"},
				{ "predicate": { "damaged": 0, "damage": 0.2138284232}, "model": "item/lockedwearables/flowercrownpink"},
				{ "predicate": { "damaged": 0, "damage": 0.2144686281}, "model": "item/lockedwearables/flowercrownyellow"},
				{ "predicate": { "damaged": 0, "damage": 0.2151088329}, "model": "item/lockedwearables/flowercrownrainbow"},
				{ "predicate": { "damaged": 0, "damage": 0.2157490378}, "model": "item/lockedwearables/catinthehat"},
				{ "predicate": { "damaged": 0, "damage": 0.2163892426}, "model": "item/lockedwearables/halo"},
				{ "predicate": { "damaged": 0, "damage": 0.2170294475}, "model": "item/lockedwearables/groot"},
				{ "predicate": { "damaged": 0, "damage": 0.2176696524}, "model": "item/lockedwearables/hulk"},
				{ "predicate": { "damaged": 0, "damage": 0.2183098572}, "model": "item/lockedwearables/witch"},
				{ "predicate": { "damaged": 0, "damage": 0.2189500621}, "model": "item/lockedwearables/wizard"},
				{ "predicate": { "damaged": 0, "damage": 0.2195902669}, "model": "item/lockedwearables/fishbowl"},
				{ "predicate": { "damaged": 0, "damage": 0.2202304718}, "model": "item/lockedwearables/koala"},
				{ "predicate": { "damaged": 0, "damage": 0.2208706767}, "model": "item/lockedwearables/panda"},
				{ "predicate": { "damaged": 0, "damage": 0.2215108815}, "model": "item/lockedwearables/penguin"},
				{ "predicate": { "damaged": 0, "damage": 0.2221510864}, "model": "item/lockedwearables/shrek"},
				{ "predicate": { "damaged": 0, "damage": 0.2227912912}, "model": "item/lockedwearables/stormtrooper"},
				{ "predicate": { "damaged": 0, "damage": 0.2234314961}, "model": "item/lockedwearables/horse"},
				{ "predicate": { "damaged": 0, "damage": 0.224071701}, "model": "item/lockedwearables/trex"},
				{ "predicate": { "damaged": 0, "damage": 0.2247119058}, "model": "item/lockedwearables/lion"},
				{ "predicate": { "damaged": 0, "damage": 0.2253521107}, "model": "item/lockedwearables/cowboy"},
				{ "predicate": { "damaged": 0, "damage": 0.2259923155}, "model": "item/lockedwearables/devil"},
				{ "predicate": { "damaged": 0, "damage": 0.2266325204}, "model": "item/lockedwearables/glasses"},
				{ "predicate": { "damaged": 0, "damage": 0.2272727253}, "model": "item/lockedwearables/capred"},
				{ "predicate": { "damaged": 0, "damage": 0.2279129301}, "model": "item/lockedwearables/capgreen"},
				{ "predicate": { "damaged": 0, "damage": 0.2285531350}, "model": "item/lockedwearables/capblue"},
				{ "predicate": { "damaged": 0, "damage": 0.2291933398}, "model": "item/lockedwearables/cappink"},
				{ "predicate": { "damaged": 0, "damage": 0.2298335447}, "model": "item/lockedwearables/capyellow"},
				{ "predicate": { "damaged": 0, "damage": 0.2304737496}, "model": "item/lockedwearables/capcyan"},
				{ "predicate": { "damaged": 0, "damage": 0.2311139544}, "model": "item/lockedwearables/joker"},
				{ "predicate": { "damaged": 0, "damage": 0.2317541593}, "model": "item/lockedwearables/frankenstein"},
				{ "predicate": { "damaged": 0, "damage": 0.2323943641}, "model": "item/lockedwearables/dayofthedead"},
				{ "predicate": { "damaged": 0, "damage": 0.2330345690}, "model": "item/lockedwearables/friday13th"},
				{ "predicate": { "damaged": 0, "damage": 0.2336747739}, "model": "item/lockedwearables/santa"},
				{ "predicate": { "damaged": 0, "damage": 0.2376681612}, "model": "item/lockedwearables/darthvader"},
				{ "predicate": { "damaged": 0, "damage": 0.2383087762}, "model": "item/lockedwearables/mandalorian"},
				{ "predicate": { "damaged": 0, "damage": 0.2389493912}, "model": "item/lockedwearables/yoda"},
				{ "predicate": {"damaged": 1}, "model": "item/diamond_hoe"}
        ]
}